textureGuid,spriteFileId,spriteName,texturePath
522b3159c22d834448693c6423ca89c0,21300000,Pale Light Texture,Assets/Graphics/Texture Generation/Light Textures/Pale Light Texture.png
f9127629456e00b4f97655d5abc155e4,21300000,2129,Assets/Sprites/BattleBackgrounds/Dragon's Lair/2129.jpg
3ebc4dedcb6176b4c9568bde129abbb9,3286163911610860551,BackgroundSprite,Assets/Sprites/BattleBackgrounds/Dragon's Lair/Background.svg
f9653f5a9539481429effa8f9343d7f7,3286163911610860551,501Sprite,Assets/Sprites/BattleBackgrounds/Dragon's Lair/shapes/501.svg
90752a4f9ec44ff47a83a138c576197e,3286163911610860551,2134Sprite,Assets/Sprites/BattleBackgrounds/Sewer/shapes/2134.svg
6735a54954c187e489de0465dbbddecc,3286163911610860551,2400Sprite,Assets/Sprites/Characters/BattleModels/Deugan/shapes/2400.svg
8ae07bc519304fb4490ae57e2a50ca7b,3286163911610860551,2401Sprite,Assets/Sprites/Characters/BattleModels/Deugan/shapes/2401.svg
decea739573a1c14597695b7c4d31653,3286163911610860551,2402Sprite,Assets/Sprites/Characters/BattleModels/Deugan/shapes/2402.svg
8fa714af73aeae240b27e39cff717f85,3286163911610860551,Fumerat Acrid Fog,Assets/Sprites/Characters/BattleModels/Effects/shapes/Fumerat Acrid Fog.svg
48972f1086ea4ae4db0b1e67b874c3e9,3286163911610860551,200Sprite,Assets/Sprites/Characters/BattleModels/Imported Shapes/200.svg
384f2e3bf098d794493af25ac6b08a1f,3286163911610860551,201Sprite,Assets/Sprites/Characters/BattleModels/Imported Shapes/201.svg
b5ff9f0374647c1409b2a406cb47995b,3286163911610860551,202Sprite,Assets/Sprites/Characters/BattleModels/Imported Shapes/202.svg
aaf6bbacb3073334b87646ae433a6a12,3286163911610860551,203Sprite,Assets/Sprites/Characters/BattleModels/Imported Shapes/203.svg
5fbaf77aebbf36e4da7807e6ba1b7632,3286163911610860551,204Sprite,Assets/Sprites/Characters/BattleModels/Imported Shapes/204.svg
8312f61ca6c7361489cf7fedb46b2c4d,3286163911610860551,205Sprite,Assets/Sprites/Characters/BattleModels/Imported Shapes/205.svg
29e9c4695b5b95e4eac7ddb6e88c46b2,3286163911610860551,206Sprite,Assets/Sprites/Characters/BattleModels/Imported Shapes/206.svg
0e0e17ac991d6b1458598ff5f6f50318,3286163911610860551,207Sprite,Assets/Sprites/Characters/BattleModels/Imported Shapes/207.svg
62d2b18f8d01eac4d8026d92c27ee770,3286163911610860551,208Sprite,Assets/Sprites/Characters/BattleModels/Imported Shapes/208.svg
3bc1d04251ececd48b2d6c8045246716,3286163911610860551,209Sprite,Assets/Sprites/Characters/BattleModels/Imported Shapes/209.svg
8845f6eee98984e4ea5a9a461edf0f16,3286163911610860551,210Sprite,Assets/Sprites/Characters/BattleModels/Imported Shapes/210.svg
7a4e5956ea7a25c4a86b8675a0bae2da,3286163911610860551,211Sprite,Assets/Sprites/Characters/BattleModels/Imported Shapes/211.svg
2a4741196957bca4eab00d8fe9cd3980,3286163911610860551,212Sprite,Assets/Sprites/Characters/BattleModels/Imported Shapes/212.svg
7942821e97049f54cb05de30a0d1dcb8,3286163911610860551,213Sprite,Assets/Sprites/Characters/BattleModels/Imported Shapes/213.svg
4c35043afecec8f4fb7b9972eb52d9fb,3286163911610860551,214Sprite,Assets/Sprites/Characters/BattleModels/Imported Shapes/214.svg
10bf71f1e3e1f67478f4fcfdb6314332,3286163911610860551,215Sprite,Assets/Sprites/Characters/BattleModels/Imported Shapes/215.svg
56d1d327327c9844faccd2f9c615199c,3286163911610860551,216Sprite,Assets/Sprites/Characters/BattleModels/Imported Shapes/216.svg
be3e0b5ca82237e43966a48749691af8,3286163911610860551,217Sprite,Assets/Sprites/Characters/BattleModels/Imported Shapes/217.svg
17f9a719c5f8c104eb71d657c33954d8,3286163911610860551,218Sprite,Assets/Sprites/Characters/BattleModels/Imported Shapes/218.svg
75d63b4347445a2498a3bc0eece34590,3286163911610860551,448Sprite,Assets/Sprites/Characters/BattleModels/Imported Shapes/448.svg
e1928ae90c8850742b73e6bc6954c5a2,3286163911610860551,2222Sprite,Assets/Sprites/Characters/BattleModels/Imported Shapes/2222.svg
68aaa9225b7e1fe42a2356ae9ca185a7,3286163911610860551,2223Sprite,Assets/Sprites/Characters/BattleModels/Imported Shapes/2223.svg
fe15c7433a6644b4c830fda71da9e605,3286163911610860551,2224Sprite,Assets/Sprites/Characters/BattleModels/Imported Shapes/2224.svg
3cce370f482696849a4598a72e0f09ff,3286163911610860551,2225Sprite,Assets/Sprites/Characters/BattleModels/Imported Shapes/2225.svg
1eb63b06b1fd66043b73a273dbfbbd06,3286163911610860551,2226Sprite,Assets/Sprites/Characters/BattleModels/Imported Shapes/2226.svg
0370d2be8d1def446b0e01c11e407318,3286163911610860551,2227Sprite,Assets/Sprites/Characters/BattleModels/Imported Shapes/2227.svg
d7f905d8c60997f4b95c2b6535a89a4d,3286163911610860551,2228Sprite,Assets/Sprites/Characters/BattleModels/Imported Shapes/2228.svg
2b243c181d4d39a419c6b31b2250af7c,3286163911610860551,2229Sprite,Assets/Sprites/Characters/BattleModels/Imported Shapes/2229.svg
8152140b26e50ad4d9c815ac372dde8c,3286163911610860551,2230Sprite,Assets/Sprites/Characters/BattleModels/Imported Shapes/2230.svg
f931c02dd77478e4087838e7f377e5f5,3286163911610860551,2231Sprite,Assets/Sprites/Characters/BattleModels/Imported Shapes/2231.svg
c4934c756a9fdda44be08051b7e77a6f,3286163911610860551,2235Sprite,Assets/Sprites/Characters/BattleModels/Imported Shapes/2235.svg
c4a2b2965edadb54892aca82fefbfa28,3286163911610860551,2236Sprite,Assets/Sprites/Characters/BattleModels/Imported Shapes/2236.svg
0684e21bcc0a88445821ce321f3a5a2c,3286163911610860551,2237Sprite,Assets/Sprites/Characters/BattleModels/Imported Shapes/2237.svg
e52a35451cf00c949a231c9a7a2e5526,3286163911610860551,2239Sprite,Assets/Sprites/Characters/BattleModels/Imported Shapes/2239.svg
0d79b06ead83e7e4dad82fb579cce8fe,3286163911610860551,2240Sprite,Assets/Sprites/Characters/BattleModels/Imported Shapes/2240.svg
95055bc359963a846b19d6945405b144,3286163911610860551,2241Sprite,Assets/Sprites/Characters/BattleModels/Imported Shapes/2241.svg
a6917820c07138d4990792ac8289c7ae,3286163911610860551,2242Sprite,Assets/Sprites/Characters/BattleModels/Imported Shapes/2242.svg
d638005013e18224193e8eec838e37b4,3286163911610860551,2243Sprite,Assets/Sprites/Characters/BattleModels/Imported Shapes/2243.svg
e1f87c8e7911520429586e9bcaa72b12,3286163911610860551,2245Sprite,Assets/Sprites/Characters/BattleModels/Imported Shapes/2245.svg
121a519650e23a24e97ea61e41575ae1,3286163911610860551,2246Sprite,Assets/Sprites/Characters/BattleModels/Imported Shapes/2246.svg
27e5f42aab901014ca150131f6c8f27a,3286163911610860551,2247Sprite,Assets/Sprites/Characters/BattleModels/Imported Shapes/2247.svg
f114afd7cf4fec14d90014883281f4d5,3286163911610860551,2248Sprite,Assets/Sprites/Characters/BattleModels/Imported Shapes/2248.svg
3be0a4433a74dc546a0ab8211f149d69,3286163911610860551,2249Sprite,Assets/Sprites/Characters/BattleModels/Imported Shapes/2249.svg
4c226613429258741806afdcee445a83,3286163911610860551,2250Sprite,Assets/Sprites/Characters/BattleModels/Imported Shapes/2250.svg
71f8e2bd795ed28459cf0ed0824af289,3286163911610860551,2251Sprite,Assets/Sprites/Characters/BattleModels/Imported Shapes/2251.svg
ad8b0e8706b112c4780626c65ea85868,3286163911610860551,2253Sprite,Assets/Sprites/Characters/BattleModels/Imported Shapes/2253.svg
846c5f900602a0c47839dfd6d280367f,3286163911610860551,2255Sprite,Assets/Sprites/Characters/BattleModels/Imported Shapes/2255.svg
70a7ddaf9ae033d41be5ff00611711ea,3286163911610860551,2258Sprite,Assets/Sprites/Characters/BattleModels/Imported Shapes/2258.svg
6496f31f2655fe84a8994b530b437c0f,3286163911610860551,2259Sprite,Assets/Sprites/Characters/BattleModels/Imported Shapes/2259.svg
600851f879be5334aa6035e8d93082fb,3286163911610860551,2260Sprite,Assets/Sprites/Characters/BattleModels/Imported Shapes/2260.svg
bb41c13faa609334e95183804abb8588,3286163911610860551,2275Sprite,Assets/Sprites/Characters/BattleModels/Imported Shapes/2275.svg
55190ba68e725a04685a7e5658392747,3286163911610860551,2276Sprite,Assets/Sprites/Characters/BattleModels/Imported Shapes/2276.svg
b2a68f2d7b16c5d43ba9eeccf3d8399a,3286163911610860551,2277Sprite,Assets/Sprites/Characters/BattleModels/Imported Shapes/2277.svg
facc2e56f44309340a5d2c903b2b8a0c,3286163911610860551,2278Sprite,Assets/Sprites/Characters/BattleModels/Imported Shapes/2278.svg
45163f05a8fa9594eb7d4aafec66265e,3286163911610860551,2282Sprite,Assets/Sprites/Characters/BattleModels/Imported Shapes/2282.svg
751126a286b24a649a321541c652d1af,3286163911610860551,2283Sprite,Assets/Sprites/Characters/BattleModels/Imported Shapes/2283.svg
8d966286bd8fa7d46aa66a01cf9767fa,3286163911610860551,2284Sprite,Assets/Sprites/Characters/BattleModels/Imported Shapes/2284.svg
601ad08184d253c409483505871ed20d,3286163911610860551,2285Sprite,Assets/Sprites/Characters/BattleModels/Imported Shapes/2285.svg
5bdbb90912c443342ab7b5da587c9275,3286163911610860551,2286Sprite,Assets/Sprites/Characters/BattleModels/Imported Shapes/2286.svg
6868f9654ceeabc4bb30347574802d8d,3286163911610860551,2287Sprite,Assets/Sprites/Characters/BattleModels/Imported Shapes/2287.svg
87719c386f7af5440a96832a85059ecf,3286163911610860551,2295Sprite,Assets/Sprites/Characters/BattleModels/Imported Shapes/2295.svg
157c53aab2decae4db67edb40fbeab80,3286163911610860551,2296Sprite,Assets/Sprites/Characters/BattleModels/Imported Shapes/2296.svg
3e34fe0aeb6877046a6f91e3b8c53789,3286163911610860551,2297Sprite,Assets/Sprites/Characters/BattleModels/Imported Shapes/2297.svg
68393ab62448c904593f1177c8e1fa71,3286163911610860551,2298Sprite,Assets/Sprites/Characters/BattleModels/Imported Shapes/2298.svg
35c026a91eab48e40971a6ecea790cc6,3286163911610860551,2299Sprite,Assets/Sprites/Characters/BattleModels/Imported Shapes/2299.svg
475ad5c1866c1494493d4734beb701ef,3286163911610860551,2300Sprite,Assets/Sprites/Characters/BattleModels/Imported Shapes/2300.svg
f3a960d13b95eb84ea1558a0ed512e25,3286163911610860551,2301Sprite,Assets/Sprites/Characters/BattleModels/Imported Shapes/2301.svg
870ad25f7109157469c8d9ce35b636b6,3286163911610860551,2302Sprite,Assets/Sprites/Characters/BattleModels/Imported Shapes/2302.svg
03a763ba4806c3748887fa77ea7fb581,3286163911610860551,2303Sprite,Assets/Sprites/Characters/BattleModels/Imported Shapes/2303.svg
e87ffbbb1fa53fd4b9f4d0ac274f0811,3286163911610860551,2315Sprite,Assets/Sprites/Characters/BattleModels/Imported Shapes/2315.svg
742f6914485d5b24e9858257447f57f1,3286163911610860551,2318Sprite,Assets/Sprites/Characters/BattleModels/Imported Shapes/2318.svg
a62c4269375bce343ac20380b9da33ec,3286163911610860551,2320Sprite,Assets/Sprites/Characters/BattleModels/Imported Shapes/2320.svg
95cff1eebd263eb438b7552022aa760f,3286163911610860551,2321Sprite,Assets/Sprites/Characters/BattleModels/Imported Shapes/2321.svg
3787690e8c3898a429ed0bf1c19f88f4,3286163911610860551,2322Sprite,Assets/Sprites/Characters/BattleModels/Imported Shapes/2322.svg
ae381af9ccd93bd4883c81ef46fdafd8,3286163911610860551,2323Sprite,Assets/Sprites/Characters/BattleModels/Imported Shapes/2323.svg
7ebece450ae6ef149809e593b6356070,3286163911610860551,2327Sprite,Assets/Sprites/Characters/BattleModels/Imported Shapes/2327.svg
036f3679d1cd42b43880b4260feedf87,3286163911610860551,2330Sprite,Assets/Sprites/Characters/BattleModels/Imported Shapes/2330.svg
300d19f55f704774d8b41ec7c3cf596f,3286163911610860551,2332Sprite,Assets/Sprites/Characters/BattleModels/Imported Shapes/2332.svg
522bd01ddf667fe4eb3dc35089174127,3286163911610860551,2335Sprite,Assets/Sprites/Characters/BattleModels/Imported Shapes/2335.svg
70dffef84dfc3754e823951360ada818,3286163911610860551,2337Sprite,Assets/Sprites/Characters/BattleModels/Imported Shapes/2337.svg
e60675982d12c56479dcd7d2fede5255,3286163911610860551,2340Sprite,Assets/Sprites/Characters/BattleModels/Imported Shapes/2340.svg
7a891b574a8b01746884d06a7fa74130,3286163911610860551,2341Sprite,Assets/Sprites/Characters/BattleModels/Imported Shapes/2341.svg
cb1fda1e60e035f43814c993b59f4d0f,3286163911610860551,2342Sprite,Assets/Sprites/Characters/BattleModels/Imported Shapes/2342.svg
a3d5b6e447b89754e9063eb941c35fa5,3286163911610860551,2343Sprite,Assets/Sprites/Characters/BattleModels/Imported Shapes/2343.svg
be540b01b4628a94eae3f5009f64133f,3286163911610860551,2344Sprite,Assets/Sprites/Characters/BattleModels/Imported Shapes/2344.svg
f08ecd4cc6cd822498a3a392ee132dd5,3286163911610860551,2348Sprite,Assets/Sprites/Characters/BattleModels/Imported Shapes/2348.svg
40fcdf6bb61de0242b39506ff24d3baf,3286163911610860551,2368Sprite,Assets/Sprites/Characters/BattleModels/Imported Shapes/2368.svg
c41effad32187844da020d1adf850457,3286163911610860551,2369Sprite,Assets/Sprites/Characters/BattleModels/Imported Shapes/2369.svg
33e284a05e3587e4582493a16da4751c,3286163911610860551,2371Sprite,Assets/Sprites/Characters/BattleModels/Imported Shapes/2371.svg
7e48b5a219b67dd438ae7d1ae6e46dbe,3286163911610860551,2372Sprite,Assets/Sprites/Characters/BattleModels/Imported Shapes/2372.svg
0025e8795794f7e41bbcf4ff30c202b3,3286163911610860551,2373Sprite,Assets/Sprites/Characters/BattleModels/Imported Shapes/2373.svg
9d2ea938fa140904a99c93eac9921ccf,3286163911610860551,2374Sprite,Assets/Sprites/Characters/BattleModels/Imported Shapes/2374.svg
391249bbcf0c61540bfa007e0e28b205,3286163911610860551,2375Sprite,Assets/Sprites/Characters/BattleModels/Imported Shapes/2375.svg
025c9549bba179f4aa053f7e233fb7f4,3286163911610860551,2376Sprite,Assets/Sprites/Characters/BattleModels/Imported Shapes/2376.svg
7d357691e25d7024f9ea27bf38c3cee4,3286163911610860551,2377Sprite,Assets/Sprites/Characters/BattleModels/Imported Shapes/2377.svg
ab45179ac873fa04a918b4e70f7a6d3f,3286163911610860551,2378Sprite,Assets/Sprites/Characters/BattleModels/Imported Shapes/2378.svg
825ec18b24d01f34c8df7fe780a106d4,3286163911610860551,2379Sprite,Assets/Sprites/Characters/BattleModels/Imported Shapes/2379.svg
3061fe59e149d04429c16bf1c9d14964,3286163911610860551,2381Sprite,Assets/Sprites/Characters/BattleModels/Imported Shapes/2381.svg
0a4c8533eb1882a488ebe58bf6663d92,3286163911610860551,2382Sprite,Assets/Sprites/Characters/BattleModels/Imported Shapes/2382.svg
ab3a6ff42c2bf374281b2d7b95562148,3286163911610860551,2400Sprite,Assets/Sprites/Characters/BattleModels/Imported Shapes/2400.svg
400dbb62c36fc684d9ce176528e93464,3286163911610860551,2401Sprite,Assets/Sprites/Characters/BattleModels/Imported Shapes/2401.svg
b2bb05f6fb7fc4343a7a8bf967bc76bf,3286163911610860551,2402Sprite,Assets/Sprites/Characters/BattleModels/Imported Shapes/2402.svg
af5f36a421e105e4aa6dc725bcaf935a,3286163911610860551,2514Sprite,Assets/Sprites/Characters/BattleModels/Imported Shapes/2514.svg
6057903b1035f31479b0cafe5c531b63,3286163911610860551,2526Sprite,Assets/Sprites/Characters/BattleModels/Imported Shapes/2526.svg
6364faedef894404fa08ad983d00fd3a,3286163911610860551,2527Sprite,Assets/Sprites/Characters/BattleModels/Imported Shapes/2527.svg
b550a92c1fe8fc4498f30038c1fa9999,3286163911610860551,2530Sprite,Assets/Sprites/Characters/BattleModels/Imported Shapes/2530.svg
24f753c7601e18a4b97347b6ea6a4fc4,3286163911610860551,2531Sprite,Assets/Sprites/Characters/BattleModels/Imported Shapes/2531.svg
2589a20871352354d995254fca57f2c6,3286163911610860551,2556Sprite,Assets/Sprites/Characters/BattleModels/Imported Shapes/2556.svg
ea17661f332b29d4e8b2efb1e0d5fbfc,3286163911610860551,2563Sprite,Assets/Sprites/Characters/BattleModels/Imported Shapes/2563.svg
ad347e6f6a8734345a21e49ad42ed5a7,3286163911610860551,2566Sprite,Assets/Sprites/Characters/BattleModels/Imported Shapes/2566.svg
97accedbcbacb994aa701497408e3535,3286163911610860551,2583Sprite,Assets/Sprites/Characters/BattleModels/Imported Shapes/2583.svg
531c8fbf8193db8418453aa53dd6e264,3286163911610860551,2605Sprite,Assets/Sprites/Characters/BattleModels/Imported Shapes/2605.svg
f594dd426a7021844ab6d30e356a291a,3286163911610860551,2606Sprite,Assets/Sprites/Characters/BattleModels/Imported Shapes/2606.svg
4a76936f70e20f346893270a9c668681,3286163911610860551,2607Sprite,Assets/Sprites/Characters/BattleModels/Imported Shapes/2607.svg
d4b6723d875e8e942bf1558b069496f0,3286163911610860551,2608Sprite,Assets/Sprites/Characters/BattleModels/Imported Shapes/2608.svg
6428818b7fea0e14b8d1333313b268fe,3286163911610860551,2609Sprite,Assets/Sprites/Characters/BattleModels/Imported Shapes/2609.svg
4e9116b5c1c6a7b4fa87a866d95cf50a,3286163911610860551,2621Sprite,Assets/Sprites/Characters/BattleModels/Imported Shapes/2621.svg
6546926ea400abc4cbbd6c7e40c87f35,3286163911610860551,2626Sprite,Assets/Sprites/Characters/BattleModels/Imported Shapes/2626.svg
92e8f626720cb4c43883de067bb8df22,3286163911610860551,2636Sprite,Assets/Sprites/Characters/BattleModels/Imported Shapes/2636.svg
808143681cdb15540836ca039e585f67,3286163911610860551,2674Sprite,Assets/Sprites/Characters/BattleModels/Imported Shapes/2674.svg
f2d0c09ea81fe6e4ca91ca11d1e1c7fd,3286163911610860551,2675Sprite,Assets/Sprites/Characters/BattleModels/Imported Shapes/2675.svg
4e1add5332dbb7145ab700a156db4292,3286163911610860551,2682Sprite,Assets/Sprites/Characters/BattleModels/Imported Shapes/2682.svg
ef845bff816ee5d4797e6c946cba9b2f,3286163911610860551,2683Sprite,Assets/Sprites/Characters/BattleModels/Imported Shapes/2683.svg
5eae4a2ba5cfdac42810e91a39e28c84,3286163911610860551,2684Sprite,Assets/Sprites/Characters/BattleModels/Imported Shapes/2684.svg
dc719cc6973227e47ad9da85c94c6cb8,3286163911610860551,2685Sprite,Assets/Sprites/Characters/BattleModels/Imported Shapes/2685.svg
da5ae97aca873f944ac879666561d4c0,3286163911610860551,2686Sprite,Assets/Sprites/Characters/BattleModels/Imported Shapes/2686.svg
e9b7bcef5d9625442bae9b152a7424bc,3286163911610860551,2687Sprite,Assets/Sprites/Characters/BattleModels/Imported Shapes/2687.svg
e776c535850486a4c831c413ad956f40,3286163911610860551,2695Sprite,Assets/Sprites/Characters/BattleModels/Imported Shapes/2695.svg
2bfa4362e06e7884b84f8365082f06f4,3286163911610860551,2697Sprite,Assets/Sprites/Characters/BattleModels/Imported Shapes/2697.svg
977717aa6b9cb6445b64e48c23e611ca,3286163911610860551,2698Sprite,Assets/Sprites/Characters/BattleModels/Imported Shapes/2698.svg
45d1a73e9c0cece4c8c84f444d943b12,3286163911610860551,2699Sprite,Assets/Sprites/Characters/BattleModels/Imported Shapes/2699.svg
292a9187afa4a684dba7700f66e7f0ae,3286163911610860551,2700Sprite,Assets/Sprites/Characters/BattleModels/Imported Shapes/2700.svg
0d7e0c95254c2ec468341e0dbbe91340,3286163911610860551,2701Sprite,Assets/Sprites/Characters/BattleModels/Imported Shapes/2701.svg
9f936cb11152e1740963806a7ff8e955,3286163911610860551,2702Sprite,Assets/Sprites/Characters/BattleModels/Imported Shapes/2702.svg
9a0517922865c6e4ca287d0278e8cf1c,3286163911610860551,2703Sprite,Assets/Sprites/Characters/BattleModels/Imported Shapes/2703.svg
32d71b0c202afc546a950a2579490cf7,3286163911610860551,2704Sprite,Assets/Sprites/Characters/BattleModels/Imported Shapes/2704.svg
3d2aa05d650037e49865d6e76f21219b,3286163911610860551,2707Sprite,Assets/Sprites/Characters/BattleModels/Imported Shapes/2707.svg
35d095febbe4ec94782154ddef549102,3286163911610860551,2711Sprite,Assets/Sprites/Characters/BattleModels/Imported Shapes/2711.svg
5225a35eff449cf4d923ce6b31719c6d,3286163911610860551,2713Sprite,Assets/Sprites/Characters/BattleModels/Imported Shapes/2713.svg
b0918cce07649544abbb4969d3773487,3286163911610860551,2716Sprite,Assets/Sprites/Characters/BattleModels/Imported Shapes/2716.svg
489cba9d85bfd2b4790454995699ed19,3286163911610860551,2719Sprite,Assets/Sprites/Characters/BattleModels/Imported Shapes/2719.svg
bd393793be5c27141aee30761100cf4a,3286163911610860551,2722Sprite,Assets/Sprites/Characters/BattleModels/Imported Shapes/2722.svg
270833ec34b70404185daa94fac30120,3286163911610860551,2724Sprite,Assets/Sprites/Characters/BattleModels/Imported Shapes/2724.svg
29939fb934d42e14e9a7d920fe3ecade,3286163911610860551,2726Sprite,Assets/Sprites/Characters/BattleModels/Imported Shapes/2726.svg
aef359a548df14441aaafc244bfd94a3,3286163911610860551,2743Sprite,Assets/Sprites/Characters/BattleModels/Imported Shapes/2743.svg
05e8d16e37b18e2468272e6d4111dd0f,3286163911610860551,2744Sprite,Assets/Sprites/Characters/BattleModels/Imported Shapes/2744.svg
3cf861105f86df942b05ab3578ef74f5,3286163911610860551,2745Sprite,Assets/Sprites/Characters/BattleModels/Imported Shapes/2745.svg
dca7b1439ea8db64ca41da5785d78ab4,3286163911610860551,2746Sprite,Assets/Sprites/Characters/BattleModels/Imported Shapes/2746.svg
4dfe914afa68aea4687f8a89da594ca7,3286163911610860551,2747Sprite,Assets/Sprites/Characters/BattleModels/Imported Shapes/2747.svg
2ad82894ce11a214e96d9c8afaec49a0,3286163911610860551,2748Sprite,Assets/Sprites/Characters/BattleModels/Imported Shapes/2748.svg
c515e4f96b14e6e48aa5737cdf5a8cfb,3286163911610860551,2749Sprite,Assets/Sprites/Characters/BattleModels/Imported Shapes/2749.svg
838770ccf1b9b2a42b68c64f1189bb1c,3286163911610860551,2750Sprite,Assets/Sprites/Characters/BattleModels/Imported Shapes/2750.svg
960178d88a18ab44cb5956e5fae3d3b4,3286163911610860551,2751Sprite,Assets/Sprites/Characters/BattleModels/Imported Shapes/2751.svg
1a9196d737acf69488cc9d4dfe303138,3286163911610860551,2759Sprite,Assets/Sprites/Characters/BattleModels/Imported Shapes/2759.svg
3f0f3d44a24d8c4409a631561e6498ad,3286163911610860551,2762Sprite,Assets/Sprites/Characters/BattleModels/Imported Shapes/2762.svg
d7bb4e641d055d740a688037c87313a2,3286163911610860551,2766Sprite,Assets/Sprites/Characters/BattleModels/Imported Shapes/2766.svg
54b9c2e080d77e3448ebc70851f66792,3286163911610860551,2769Sprite,Assets/Sprites/Characters/BattleModels/Imported Shapes/2769.svg
304276c136a61fa40bd3bf4657fa96c9,3286163911610860551,2772Sprite,Assets/Sprites/Characters/BattleModels/Imported Shapes/2772.svg
bd51a07fd8973e545bfdcdac7cf6d93a,3286163911610860551,2773Sprite,Assets/Sprites/Characters/BattleModels/Imported Shapes/2773.svg
b94bcd60cea72b54f9c79eb3e6495e80,3286163911610860551,2775Sprite,Assets/Sprites/Characters/BattleModels/Imported Shapes/2775.svg
2f1f1094c4fc36249b9a64ccfc1d2f80,3286163911610860551,2777Sprite,Assets/Sprites/Characters/BattleModels/Imported Shapes/2777.svg
89275a48282b26242815020d8dde05e3,3286163911610860551,2802Sprite,Assets/Sprites/Characters/BattleModels/Imported Shapes/2802.svg
65906034d84f9694e8a7a7600f59e950,3286163911610860551,2810Sprite,Assets/Sprites/Characters/BattleModels/Imported Shapes/2810.svg
54ef5ce76c7bc3e4e9e90a2ac85317c0,3286163911610860551,2811Sprite,Assets/Sprites/Characters/BattleModels/Imported Shapes/2811.svg
0a779498400cd22409f5c6accf2380c2,3286163911610860551,2812Sprite,Assets/Sprites/Characters/BattleModels/Imported Shapes/2812.svg
a555b024ce780f34ba78eea287e01540,3286163911610860551,2819Sprite,Assets/Sprites/Characters/BattleModels/Imported Shapes/2819.svg
de7292b32762317419a1e5ebd5f97e88,3286163911610860551,2827Sprite,Assets/Sprites/Characters/BattleModels/Imported Shapes/2827.svg
8a37d1804c8937c419846a4a106c00f7,3286163911610860551,2828Sprite,Assets/Sprites/Characters/BattleModels/Imported Shapes/2828.svg
94a0b7f557ce2aa49828922d9cbbb17e,3286163911610860551,2829Sprite,Assets/Sprites/Characters/BattleModels/Imported Shapes/2829.svg
52dd8ac53a9a832438133627c48f44f2,3286163911610860551,2841Sprite,Assets/Sprites/Characters/BattleModels/Imported Shapes/2841.svg
7daadb024d3daf5419d93c6aba593ec2,3286163911610860551,2845Sprite,Assets/Sprites/Characters/BattleModels/Imported Shapes/2845.svg
9670b4757dce0844781c6bd98ed547c9,3286163911610860551,2846Sprite,Assets/Sprites/Characters/BattleModels/Imported Shapes/2846.svg
d5b04df864fbb54429654074566b8173,3286163911610860551,2849Sprite,Assets/Sprites/Characters/BattleModels/Imported Shapes/2849.svg
ae3bcdf870770a8439809549a225380b,3286163911610860551,2850Sprite,Assets/Sprites/Characters/BattleModels/Imported Shapes/2850.svg
c48f01496a85c8541b96e3b844fb1a18,3286163911610860551,2867Sprite,Assets/Sprites/Characters/BattleModels/Imported Shapes/2867.svg
4d94b95cc5f841f4fb12b4ddd34d87c1,3286163911610860551,2868Sprite,Assets/Sprites/Characters/BattleModels/Imported Shapes/2868.svg
42aaeafdb1b95e04a8e263c075ae5468,3286163911610860551,2882Sprite,Assets/Sprites/Characters/BattleModels/Imported Shapes/2882.svg
5d82d95bf6e55d147b3fff88a4bc1c0d,3286163911610860551,2884Sprite,Assets/Sprites/Characters/BattleModels/Imported Shapes/2884.svg
ac4dcaf1e134e0a4aaf50df632885591,3286163911610860551,2885Sprite,Assets/Sprites/Characters/BattleModels/Imported Shapes/2885.svg
952aac3fd3b46484b8b263dc95289332,3286163911610860551,2887Sprite,Assets/Sprites/Characters/BattleModels/Imported Shapes/2887.svg
6263dc7137c684140894b773c25ea77d,3286163911610860551,2889Sprite,Assets/Sprites/Characters/BattleModels/Imported Shapes/2889.svg
b7ab8facd06545a4c9ab9d7b5e7f2811,3286163911610860551,2892Sprite,Assets/Sprites/Characters/BattleModels/Imported Shapes/2892.svg
e3482cba555d16744aa8789bb6df4806,3286163911610860551,2895Sprite,Assets/Sprites/Characters/BattleModels/Imported Shapes/2895.svg
08d66ea3456d1574ebff49922c47e40b,3286163911610860551,2897Sprite,Assets/Sprites/Characters/BattleModels/Imported Shapes/2897.svg
a2654b7f307379f4cbe4e2b703f14e34,3286163911610860551,2898Sprite,Assets/Sprites/Characters/BattleModels/Imported Shapes/2898.svg
9c066645af9f6ce4f957307002b4fdb4,3286163911610860551,2939Sprite,Assets/Sprites/Characters/BattleModels/Imported Shapes/2939.svg
6a30dbcc0166fb94286a33bf70b3b291,3286163911610860551,2940Sprite,Assets/Sprites/Characters/BattleModels/Imported Shapes/2940.svg
01d39c8fe5a54404eb2953989ca846dd,3286163911610860551,2941Sprite,Assets/Sprites/Characters/BattleModels/Imported Shapes/2941.svg
7b8a669fb33a5e8429495b214a93c193,3286163911610860551,2942Sprite,Assets/Sprites/Characters/BattleModels/Imported Shapes/2942.svg
8559a4feb060b4d479b5b399657c290e,3286163911610860551,2943Sprite,Assets/Sprites/Characters/BattleModels/Imported Shapes/2943.svg
94b10c9d02e0e184096115d9942ef448,3286163911610860551,2945Sprite,Assets/Sprites/Characters/BattleModels/Imported Shapes/2945.svg
9becde2503b89834dafb3e92638adaad,3286163911610860551,2964Sprite,Assets/Sprites/Characters/BattleModels/Imported Shapes/2964.svg
044050379b490854490c2970a20649d5,3286163911610860551,2974Sprite,Assets/Sprites/Characters/BattleModels/Imported Shapes/2974.svg
4fa4918a84f07794396a189d7954608c,3286163911610860551,2977Sprite,Assets/Sprites/Characters/BattleModels/Imported Shapes/2977.svg
fc22f029dca6ec642bc33734a1a57a37,3286163911610860551,2978Sprite,Assets/Sprites/Characters/BattleModels/Imported Shapes/2978.svg
c91992a2dfc320048ae4a7895e34907a,3286163911610860551,2981Sprite,Assets/Sprites/Characters/BattleModels/Imported Shapes/2981.svg
d4207c0d2b16df645a0696d933589735,3286163911610860551,2986Sprite,Assets/Sprites/Characters/BattleModels/Imported Shapes/2986.svg
545725180ecdcc944ae5deedf103b05c,3286163911610860551,3000Sprite,Assets/Sprites/Characters/BattleModels/Imported Shapes/3000.svg
30e44197982efff44a42f706543aa723,3286163911610860551,3002Sprite,Assets/Sprites/Characters/BattleModels/Imported Shapes/3002.svg
1230e31553599e140a067a722a2426c4,3286163911610860551,3028Sprite,Assets/Sprites/Characters/BattleModels/Imported Shapes/3028.svg
d062f6dbaae9cbf40ad87c7e53402d7c,3286163911610860551,3029Sprite,Assets/Sprites/Characters/BattleModels/Imported Shapes/3029.svg
b942c83c2320a654ab70ba82edab79b0,3286163911610860551,3030Sprite,Assets/Sprites/Characters/BattleModels/Imported Shapes/3030.svg
b08b1c5a3c01d5e4a98e941ade42c634,3286163911610860551,3032Sprite,Assets/Sprites/Characters/BattleModels/Imported Shapes/3032.svg
219eff407178192469b4fe070f8ecea1,3286163911610860551,3033Sprite,Assets/Sprites/Characters/BattleModels/Imported Shapes/3033.svg
ca2eca95c7277eb4c807fcefc5e7a79b,3286163911610860551,3034Sprite,Assets/Sprites/Characters/BattleModels/Imported Shapes/3034.svg
6b16b0bf11ef56b478bb4618bd751ac0,3286163911610860551,3036Sprite,Assets/Sprites/Characters/BattleModels/Imported Shapes/3036.svg
61bee3bc003a13841bf384fdd16c8db3,3286163911610860551,3037Sprite,Assets/Sprites/Characters/BattleModels/Imported Shapes/3037.svg
7092c59e9af126746a8cdb3415a55b8e,3286163911610860551,3038Sprite,Assets/Sprites/Characters/BattleModels/Imported Shapes/3038.svg
be6a991a4d8059e46b263c78a4411cd3,3286163911610860551,3039Sprite,Assets/Sprites/Characters/BattleModels/Imported Shapes/3039.svg
6c7813f4780f84541b4757e6db6bf244,3286163911610860551,3043Sprite,Assets/Sprites/Characters/BattleModels/Imported Shapes/3043.svg
470bcd02a3a081f4e95daa92f4f06e37,3286163911610860551,3053Sprite,Assets/Sprites/Characters/BattleModels/Imported Shapes/3053.svg
9f1f169d1351d2946b2a9a5b68e76d7d,3286163911610860551,3054Sprite,Assets/Sprites/Characters/BattleModels/Imported Shapes/3054.svg
be0c000071f2fcd4f90a890a0e75be88,3286163911610860551,3055Sprite,Assets/Sprites/Characters/BattleModels/Imported Shapes/3055.svg
9a1c21481d1a04b40a35515c9f410672,3286163911610860551,3060Sprite,Assets/Sprites/Characters/BattleModels/Imported Shapes/3060.svg
92544a4f784cb144f9b41bc80173524c,3286163911610860551,3061Sprite,Assets/Sprites/Characters/BattleModels/Imported Shapes/3061.svg
d2b027eb92f88d84a9fd6b3857f1fb1d,3286163911610860551,3062Sprite,Assets/Sprites/Characters/BattleModels/Imported Shapes/3062.svg
cf8c41d798c940c4ab10600a5943a226,3286163911610860551,3065Sprite,Assets/Sprites/Characters/BattleModels/Imported Shapes/3065.svg
f3c6eb8d0cbffc945a24c85d5dd8c3c6,3286163911610860551,3086Sprite,Assets/Sprites/Characters/BattleModels/Imported Shapes/3086.svg
e82417d53b0cf61428cfaeefa7e82c33,3286163911610860551,3092Sprite,Assets/Sprites/Characters/BattleModels/Imported Shapes/3092.svg
f88826024ef99d14dbca7e3bb1894f9c,3286163911610860551,3093Sprite,Assets/Sprites/Characters/BattleModels/Imported Shapes/3093.svg
3590a57d5e3eda44ea191ee2ac3812b8,3286163911610860551,3101Sprite,Assets/Sprites/Characters/BattleModels/Imported Shapes/3101.svg
0992a7ae1e047084387c1e36abae59d9,3286163911610860551,3105Sprite,Assets/Sprites/Characters/BattleModels/Imported Shapes/3105.svg
f0ef165abc79b704f925098d94f90848,3286163911610860551,3106Sprite,Assets/Sprites/Characters/BattleModels/Imported Shapes/3106.svg
11a93662babb3bc47aec8a3c25cc0f0a,3286163911610860551,3108Sprite,Assets/Sprites/Characters/BattleModels/Imported Shapes/3108.svg
ee55cc192a7ca514d82af06d82481dce,3286163911610860551,3110Sprite,Assets/Sprites/Characters/BattleModels/Imported Shapes/3110.svg
23b545b6b67218643b1274eca7fc60ce,3286163911610860551,3111Sprite,Assets/Sprites/Characters/BattleModels/Imported Shapes/3111.svg
05f9585137ce8274799a77fd3d085bba,3286163911610860551,3112Sprite,Assets/Sprites/Characters/BattleModels/Imported Shapes/3112.svg
2cb410aad3cfd00489f8b4a62993e61e,3286163911610860551,3113Sprite,Assets/Sprites/Characters/BattleModels/Imported Shapes/3113.svg
c4efebc9130414a43b5572c749efffd9,3286163911610860551,3115Sprite,Assets/Sprites/Characters/BattleModels/Imported Shapes/3115.svg
21a3c41e9e537df488b70f1d0f58ab46,3286163911610860551,3117Sprite,Assets/Sprites/Characters/BattleModels/Imported Shapes/3117.svg
20e4889ffa1e3d745bdbc953630c5006,3286163911610860551,3119Sprite,Assets/Sprites/Characters/BattleModels/Imported Shapes/3119.svg
16c3de39f2fb49444952cea5650104b6,3286163911610860551,3125Sprite,Assets/Sprites/Characters/BattleModels/Imported Shapes/3125.svg
a99db80ebb4028c4a9c1b119d341f871,3286163911610860551,3126Sprite,Assets/Sprites/Characters/BattleModels/Imported Shapes/3126.svg
bc78b0a9a8e3a914e80e65be42aba4e4,3286163911610860551,3127Sprite,Assets/Sprites/Characters/BattleModels/Imported Shapes/3127.svg
45c5ae2f0090e124784b972210fa3924,3286163911610860551,3128Sprite,Assets/Sprites/Characters/BattleModels/Imported Shapes/3128.svg
55bc7642b9c05854e89a750318495975,3286163911610860551,3131Sprite,Assets/Sprites/Characters/BattleModels/Imported Shapes/3131.svg
748c89b08f7e4cf43b1c7973cadcad77,3286163911610860551,3133Sprite,Assets/Sprites/Characters/BattleModels/Imported Shapes/3133.svg
ac2052f96e4cf574eab2cebc4e29e72a,3286163911610860551,3134Sprite,Assets/Sprites/Characters/BattleModels/Imported Shapes/3134.svg
bd44403789e121a46b151f2d6e4a349b,3286163911610860551,3144Sprite,Assets/Sprites/Characters/BattleModels/Imported Shapes/3144.svg
af6591f14bd89d842a2aae8dbe40b8a1,3286163911610860551,3145Sprite,Assets/Sprites/Characters/BattleModels/Imported Shapes/3145.svg
c81444945c38ede408b6d22eaf8714c7,3286163911610860551,3146Sprite,Assets/Sprites/Characters/BattleModels/Imported Shapes/3146.svg
f40822d30fb0daa469bc519a5efadb61,3286163911610860551,3148Sprite,Assets/Sprites/Characters/BattleModels/Imported Shapes/3148.svg
78dfab827e8f6b64f909223fec04368f,3286163911610860551,3149Sprite,Assets/Sprites/Characters/BattleModels/Imported Shapes/3149.svg
807428f959fc34e42ab859390549f94a,3286163911610860551,3150Sprite,Assets/Sprites/Characters/BattleModels/Imported Shapes/3150.svg
f7ea126e3c74b9e4793f286ee3dc7dba,3286163911610860551,3151Sprite,Assets/Sprites/Characters/BattleModels/Imported Shapes/3151.svg
97e788cfcf0442d43a2b36e20f6d4984,3286163911610860551,3152Sprite,Assets/Sprites/Characters/BattleModels/Imported Shapes/3152.svg
76bc0ddedb4acdf48b2bf271f1555f3d,3286163911610860551,3155Sprite,Assets/Sprites/Characters/BattleModels/Imported Shapes/3155.svg
695d4989faba5924a99af22aeae62b86,3286163911610860551,3156Sprite,Assets/Sprites/Characters/BattleModels/Imported Shapes/3156.svg
397c62374a24eec458ed43ec06a49cd3,3286163911610860551,3157Sprite,Assets/Sprites/Characters/BattleModels/Imported Shapes/3157.svg
1c6c32b9a25b85b488d97263e1f98f86,3286163911610860551,3158Sprite,Assets/Sprites/Characters/BattleModels/Imported Shapes/3158.svg
8407d771eb59882479027ea9c41fe4eb,3286163911610860551,3167Sprite,Assets/Sprites/Characters/BattleModels/Imported Shapes/3167.svg
ed86b85637baeb24f8c8b4111d851c21,3286163911610860551,3168Sprite,Assets/Sprites/Characters/BattleModels/Imported Shapes/3168.svg
9c70583a117e270478c099876e9017b3,3286163911610860551,3169Sprite,Assets/Sprites/Characters/BattleModels/Imported Shapes/3169.svg
00b025272e44c9d43b3c70eb3d36703d,3286163911610860551,3170Sprite,Assets/Sprites/Characters/BattleModels/Imported Shapes/3170.svg
d3b6208abeef04249887ee8e56a104fb,3286163911610860551,3175Sprite,Assets/Sprites/Characters/BattleModels/Imported Shapes/3175.svg
c2ac91729527e7a4283a3a22d81ca131,3286163911610860551,3178Sprite,Assets/Sprites/Characters/BattleModels/Imported Shapes/3178.svg
aa2ef46b9c12b6547afeb31a303625e4,3286163911610860551,3179Sprite,Assets/Sprites/Characters/BattleModels/Imported Shapes/3179.svg
5d41b301af250304d815bdf07ac50877,3286163911610860551,3182Sprite,Assets/Sprites/Characters/BattleModels/Imported Shapes/3182.svg
67ebc2161809be947a2fc50447572a67,3286163911610860551,3183Sprite,Assets/Sprites/Characters/BattleModels/Imported Shapes/3183.svg
4c678538aec9d7244920b508d86107a6,3286163911610860551,3186Sprite,Assets/Sprites/Characters/BattleModels/Imported Shapes/3186.svg
048e92452a3020741bc0565f03806e4b,3286163911610860551,3187Sprite,Assets/Sprites/Characters/BattleModels/Imported Shapes/3187.svg
1cdc00eae2fedf94394adaacc023a85a,3286163911610860551,3188Sprite,Assets/Sprites/Characters/BattleModels/Imported Shapes/3188.svg
7936a4d784a1a7349ae4dbdd0bba962c,3286163911610860551,3190Sprite,Assets/Sprites/Characters/BattleModels/Imported Shapes/3190.svg
f0bca6d367a78e14792ecf71b13e4d79,3286163911610860551,3191Sprite,Assets/Sprites/Characters/BattleModels/Imported Shapes/3191.svg
af12b364289940747a6aaca06fc214d8,3286163911610860551,3192Sprite,Assets/Sprites/Characters/BattleModels/Imported Shapes/3192.svg
c6019985190f0ca4b87a1a360b57f853,3286163911610860551,3194Sprite,Assets/Sprites/Characters/BattleModels/Imported Shapes/3194.svg
4083691715e216140aefa6208d0648cc,3286163911610860551,3195Sprite,Assets/Sprites/Characters/BattleModels/Imported Shapes/3195.svg
6a33946ffa47b0c4fabaace46ae7cb4b,3286163911610860551,3196Sprite,Assets/Sprites/Characters/BattleModels/Imported Shapes/3196.svg
e83faf1f9c162de499d07569b9db053c,3286163911610860551,3215Sprite,Assets/Sprites/Characters/BattleModels/Imported Shapes/3215.svg
4eed98358562f6148863bf0334214225,3286163911610860551,3216Sprite,Assets/Sprites/Characters/BattleModels/Imported Shapes/3216.svg
c2cdaab3759d4994f88575dea90e6aa2,3286163911610860551,3217Sprite,Assets/Sprites/Characters/BattleModels/Imported Shapes/3217.svg
473323b7818c37f4ba5ed6bc9dbbd607,3286163911610860551,3218Sprite,Assets/Sprites/Characters/BattleModels/Imported Shapes/3218.svg
bf2f3a1430160104ea2a845bd7beb3e3,3286163911610860551,3220Sprite,Assets/Sprites/Characters/BattleModels/Imported Shapes/3220.svg
8974235e75d91574384a620a4e4ba0bf,3286163911610860551,3221Sprite,Assets/Sprites/Characters/BattleModels/Imported Shapes/3221.svg
69cc67cf66db0544fa0a5091b970bee9,3286163911610860551,3223Sprite,Assets/Sprites/Characters/BattleModels/Imported Shapes/3223.svg
587f28a11e13ae8409a6e45ac6511fd4,3286163911610860551,3224Sprite,Assets/Sprites/Characters/BattleModels/Imported Shapes/3224.svg
0f28776d7ad62c849a3c438790d58350,3286163911610860551,3225Sprite,Assets/Sprites/Characters/BattleModels/Imported Shapes/3225.svg
1fe8d919e14af0146bb1486d74833c15,3286163911610860551,3226Sprite,Assets/Sprites/Characters/BattleModels/Imported Shapes/3226.svg
3a3f47c6f4370564e93287cb597ab030,3286163911610860551,3227Sprite,Assets/Sprites/Characters/BattleModels/Imported Shapes/3227.svg
6a50c2682177d8d40be2a471a736ab0d,3286163911610860551,3228Sprite,Assets/Sprites/Characters/BattleModels/Imported Shapes/3228.svg
f2f39ecde4e643e47a859d842fcec1ae,3286163911610860551,3229Sprite,Assets/Sprites/Characters/BattleModels/Imported Shapes/3229.svg
a4615321ef1178a4d9f03174eff0260d,3286163911610860551,3231Sprite,Assets/Sprites/Characters/BattleModels/Imported Shapes/3231.svg
dbb37ed567f1bb54497c8df63504adb1,3286163911610860551,3232Sprite,Assets/Sprites/Characters/BattleModels/Imported Shapes/3232.svg
eb3def331f8978547aaa7feb123bec03,3286163911610860551,3233Sprite,Assets/Sprites/Characters/BattleModels/Imported Shapes/3233.svg
198576a3c5722e340ae88417aa81b1f8,3286163911610860551,3234Sprite,Assets/Sprites/Characters/BattleModels/Imported Shapes/3234.svg
ba7ee5a32f180dc42a8f50f53d83d18d,3286163911610860551,3235Sprite,Assets/Sprites/Characters/BattleModels/Imported Shapes/3235.svg
543f9d61078bebb4389d8bf62c7f8327,3286163911610860551,3236Sprite,Assets/Sprites/Characters/BattleModels/Imported Shapes/3236.svg
614ef7001b8b49441bb4a00dfba7fa4f,3286163911610860551,3237Sprite,Assets/Sprites/Characters/BattleModels/Imported Shapes/3237.svg
067feaa46dbfb7e4288c42db8d2416ac,3286163911610860551,3239Sprite,Assets/Sprites/Characters/BattleModels/Imported Shapes/3239.svg
4d094de9bdac2924698cb70ba2d92ff8,3286163911610860551,3240Sprite,Assets/Sprites/Characters/BattleModels/Imported Shapes/3240.svg
eed993390f443d4478847b8596628277,3286163911610860551,3241Sprite,Assets/Sprites/Characters/BattleModels/Imported Shapes/3241.svg
b9fef40beb51895419cd6f827acd86bb,3286163911610860551,3242Sprite,Assets/Sprites/Characters/BattleModels/Imported Shapes/3242.svg
403ac48f5c419404a9fff56657cf3998,3286163911610860551,3243Sprite,Assets/Sprites/Characters/BattleModels/Imported Shapes/3243.svg
65154cf26ed098e45903ea610e24ec5d,3286163911610860551,3244Sprite,Assets/Sprites/Characters/BattleModels/Imported Shapes/3244.svg
677ccda0b7fefaa408f091fbad2aff89,3286163911610860551,3245Sprite,Assets/Sprites/Characters/BattleModels/Imported Shapes/3245.svg
cc60bd64c74cd0141ab368ff4d2b7721,3286163911610860551,3247Sprite,Assets/Sprites/Characters/BattleModels/Imported Shapes/3247.svg
142dd56a36e3067498e780fab62757fb,3286163911610860551,3252Sprite,Assets/Sprites/Characters/BattleModels/Imported Shapes/3252.svg
9329d60097ad8ea448f8a5cede9205da,3286163911610860551,3340Sprite,Assets/Sprites/Characters/BattleModels/Imported Shapes/3340.svg
05ee903cf0aaaf641958f957878c7d19,3286163911610860551,3350Sprite,Assets/Sprites/Characters/BattleModels/Imported Shapes/3350.svg
d2cc00d0835307b498db35897b9322a2,3286163911610860551,3351Sprite,Assets/Sprites/Characters/BattleModels/Imported Shapes/3351.svg
29a2a6e2e6bc7ce4ab9a1cd8fb5b0fb3,3286163911610860551,3352Sprite,Assets/Sprites/Characters/BattleModels/Imported Shapes/3352.svg
e59b9bf26a86b4247b0da2689f3c9abe,3286163911610860551,3355Sprite,Assets/Sprites/Characters/BattleModels/Imported Shapes/3355.svg
546332a3b07109d4e8e1ee5131405afd,3286163911610860551,3356Sprite,Assets/Sprites/Characters/BattleModels/Imported Shapes/3356.svg
76a74254ad66a3d44af048e59d86614a,3286163911610860551,3357Sprite,Assets/Sprites/Characters/BattleModels/Imported Shapes/3357.svg
abe7ac3c21adcc04fb4ab7da1275f343,3286163911610860551,3358Sprite,Assets/Sprites/Characters/BattleModels/Imported Shapes/3358.svg
d4e50d9468615f143b051d5f2e2a9436,3286163911610860551,3359Sprite,Assets/Sprites/Characters/BattleModels/Imported Shapes/3359.svg
7a357055deba4994e8f297ef7173f464,3286163911610860551,3360Sprite,Assets/Sprites/Characters/BattleModels/Imported Shapes/3360.svg
b1e9c373f56e25144a371f0681635790,3286163911610860551,3361Sprite,Assets/Sprites/Characters/BattleModels/Imported Shapes/3361.svg
4b7de4ac73a4da341801e6866e3e8ec3,3286163911610860551,3362Sprite,Assets/Sprites/Characters/BattleModels/Imported Shapes/3362.svg
6fc2485ec7af4614d9736a5fe02b49a9,3286163911610860551,3363Sprite,Assets/Sprites/Characters/BattleModels/Imported Shapes/3363.svg
89750f5a1c5b9d1468906bbf97c86fe2,3286163911610860551,3364Sprite,Assets/Sprites/Characters/BattleModels/Imported Shapes/3364.svg
8393899e5e12ea241ba23257d9f65fac,3286163911610860551,3365Sprite,Assets/Sprites/Characters/BattleModels/Imported Shapes/3365.svg
6bef76263c8618e4f8be53200c4b961c,3286163911610860551,3371Sprite,Assets/Sprites/Characters/BattleModels/Imported Shapes/3371.svg
640ddd4285f164f46acc63f3d4186500,3286163911610860551,3372Sprite,Assets/Sprites/Characters/BattleModels/Imported Shapes/3372.svg
b665366fe404d2041ad5d1704c49f65d,3286163911610860551,3373Sprite,Assets/Sprites/Characters/BattleModels/Imported Shapes/3373.svg
e08a06f90992a3f49a17c4708741f197,3286163911610860551,3374Sprite,Assets/Sprites/Characters/BattleModels/Imported Shapes/3374.svg
0c4d4dcd606e071499b8466dbadef05b,3286163911610860551,3375Sprite,Assets/Sprites/Characters/BattleModels/Imported Shapes/3375.svg
535a2844c16e77f4e9b23d471ca4aba1,3286163911610860551,3376Sprite,Assets/Sprites/Characters/BattleModels/Imported Shapes/3376.svg
70e2f73201b91fd46b3b9adbb054786c,3286163911610860551,3377Sprite,Assets/Sprites/Characters/BattleModels/Imported Shapes/3377.svg
877409612acf6084289e1e3149e1144d,3286163911610860551,3378Sprite,Assets/Sprites/Characters/BattleModels/Imported Shapes/3378.svg
bb7760f85ec7cbf489cda24400b2b70b,3286163911610860551,3379Sprite,Assets/Sprites/Characters/BattleModels/Imported Shapes/3379.svg
0b9d8717c37c6424da6bc525ad6a87ef,3286163911610860551,3380Sprite,Assets/Sprites/Characters/BattleModels/Imported Shapes/3380.svg
4e65e693d1d477342b1ff3df5bb0065d,3286163911610860551,3391Sprite,Assets/Sprites/Characters/BattleModels/Imported Shapes/3391.svg
e4b3b5ecfe9e37d489a060e2551d71bb,3286163911610860551,3394Sprite,Assets/Sprites/Characters/BattleModels/Imported Shapes/3394.svg
a5378210e20bec74baf620b4474d059a,3286163911610860551,3396Sprite,Assets/Sprites/Characters/BattleModels/Imported Shapes/3396.svg
7e9fa601a2cfd7f4b8ec306bdd11b1dd,3286163911610860551,3398Sprite,Assets/Sprites/Characters/BattleModels/Imported Shapes/3398.svg
ec73f60974fa7084b947d02b05dc91da,3286163911610860551,3401Sprite,Assets/Sprites/Characters/BattleModels/Imported Shapes/3401.svg
e2911455935ca7c4cac62b783f873b24,3286163911610860551,3403Sprite,Assets/Sprites/Characters/BattleModels/Imported Shapes/3403.svg
9d775c18504ac6844a31f34583a920ff,3286163911610860551,3407Sprite,Assets/Sprites/Characters/BattleModels/Imported Shapes/3407.svg
00a63f28b3eda654092d906d05f7bf04,3286163911610860551,3410Sprite,Assets/Sprites/Characters/BattleModels/Imported Shapes/3410.svg
02175d095ff286a4aa95efe68166c644,3286163911610860551,3411Sprite,Assets/Sprites/Characters/BattleModels/Imported Shapes/3411.svg
83e786ed9ecbf6342ba07893e6824ac5,3286163911610860551,3413Sprite,Assets/Sprites/Characters/BattleModels/Imported Shapes/3413.svg
5520b98c910897c4c83e7d342903e3dc,3286163911610860551,3416Sprite,Assets/Sprites/Characters/BattleModels/Imported Shapes/3416.svg
52aefe119d52e8d4587134ab539d9bb8,3286163911610860551,3417Sprite,Assets/Sprites/Characters/BattleModels/Imported Shapes/3417.svg
aec7b367c161c524abbeead40e83e1c5,3286163911610860551,3419Sprite,Assets/Sprites/Characters/BattleModels/Imported Shapes/3419.svg
4b9a182575fb84d48a75042a5cfef052,3286163911610860551,3422Sprite,Assets/Sprites/Characters/BattleModels/Imported Shapes/3422.svg
ccc472af46aa8aa4c8e4229ae1badd9c,3286163911610860551,3424Sprite,Assets/Sprites/Characters/BattleModels/Imported Shapes/3424.svg
f9395d9ffbd0634448a83380fb01582e,3286163911610860551,3426Sprite,Assets/Sprites/Characters/BattleModels/Imported Shapes/3426.svg
03d527db77251344999e4da4584fc3b1,3286163911610860551,3429Sprite,Assets/Sprites/Characters/BattleModels/Imported Shapes/3429.svg
bc03861d798ea5a46bfcc5b32b45f712,3286163911610860551,3430Sprite,Assets/Sprites/Characters/BattleModels/Imported Shapes/3430.svg
b147e82dccf9e47458ead31d11b855eb,3286163911610860551,3439Sprite,Assets/Sprites/Characters/BattleModels/Imported Shapes/3439.svg
e3683a881f0171a4f89e4e8754f17d79,3286163911610860551,3440Sprite,Assets/Sprites/Characters/BattleModels/Imported Shapes/3440.svg
eb85dfcf691b72c40a901514222a51da,3286163911610860551,3441Sprite,Assets/Sprites/Characters/BattleModels/Imported Shapes/3441.svg
65c89c8247bd5304a9d49dfc233a74fc,3286163911610860551,3442Sprite,Assets/Sprites/Characters/BattleModels/Imported Shapes/3442.svg
095f5bbdf03ffd54c90c723c650be4d6,3286163911610860551,3443Sprite,Assets/Sprites/Characters/BattleModels/Imported Shapes/3443.svg
1cb9d4040e3a06143b820bff61d41bfc,3286163911610860551,3444Sprite,Assets/Sprites/Characters/BattleModels/Imported Shapes/3444.svg
2433c8afd3c1f7842a605116c3831b7d,3286163911610860551,3446Sprite,Assets/Sprites/Characters/BattleModels/Imported Shapes/3446.svg
d9a039885ae75474c87d83cfb4c65fc4,3286163911610860551,3447Sprite,Assets/Sprites/Characters/BattleModels/Imported Shapes/3447.svg
070e84f49e68c88498de9016d7a07dad,3286163911610860551,3448Sprite,Assets/Sprites/Characters/BattleModels/Imported Shapes/3448.svg
8326c4acda0c03c44a98176755c36de3,3286163911610860551,3450Sprite,Assets/Sprites/Characters/BattleModels/Imported Shapes/3450.svg
490701a0241b2a741a0805c4a6da8e2f,3286163911610860551,3452Sprite,Assets/Sprites/Characters/BattleModels/Imported Shapes/3452.svg
a98230f1621f9b748aa724aa892d40b8,3286163911610860551,3453Sprite,Assets/Sprites/Characters/BattleModels/Imported Shapes/3453.svg
15ae396a75cc1054e83b1ab85abbec7c,3286163911610860551,3454Sprite,Assets/Sprites/Characters/BattleModels/Imported Shapes/3454.svg
0294b42bd812c644897386ddc888f710,3286163911610860551,3456Sprite,Assets/Sprites/Characters/BattleModels/Imported Shapes/3456.svg
d827770d369243942b1742475d93e943,3286163911610860551,3458Sprite,Assets/Sprites/Characters/BattleModels/Imported Shapes/3458.svg
d718338450749d04aa228d413cedb142,3286163911610860551,3459Sprite,Assets/Sprites/Characters/BattleModels/Imported Shapes/3459.svg
aa05b7fae9f743043b4b4b0ee120c6e5,3286163911610860551,3460Sprite,Assets/Sprites/Characters/BattleModels/Imported Shapes/3460.svg
35906fabac039de419705c6d474ab655,3286163911610860551,3461Sprite,Assets/Sprites/Characters/BattleModels/Imported Shapes/3461.svg
771d1d97334ae64439583a0c60475e5f,3286163911610860551,3462Sprite,Assets/Sprites/Characters/BattleModels/Imported Shapes/3462.svg
e3c0c6f4e78b25e49b9127a19e53e087,3286163911610860551,3464Sprite,Assets/Sprites/Characters/BattleModels/Imported Shapes/3464.svg
279427f83f4535943a1c7c39bf959841,3286163911610860551,3465Sprite,Assets/Sprites/Characters/BattleModels/Imported Shapes/3465.svg
08b7d5b96c134404983929f8a5d49b90,3286163911610860551,3466Sprite,Assets/Sprites/Characters/BattleModels/Imported Shapes/3466.svg
389ad3f41c3808245a8c462239609e39,3286163911610860551,3467Sprite,Assets/Sprites/Characters/BattleModels/Imported Shapes/3467.svg
ba8f0a8962fc9204bba2b62f1158d67f,3286163911610860551,3468Sprite,Assets/Sprites/Characters/BattleModels/Imported Shapes/3468.svg
11457daa381eb6b46a902233f9c06191,3286163911610860551,3473Sprite,Assets/Sprites/Characters/BattleModels/Imported Shapes/3473.svg
466f8ae7c79bf394787e8a2654f39aa0,3286163911610860551,3474Sprite,Assets/Sprites/Characters/BattleModels/Imported Shapes/3474.svg
ab90377f5feb57c43a4a333b1339346e,3286163911610860551,3475Sprite,Assets/Sprites/Characters/BattleModels/Imported Shapes/3475.svg
40b44773cdc653f469c5bb31dc89c0ea,3286163911610860551,3476Sprite,Assets/Sprites/Characters/BattleModels/Imported Shapes/3476.svg
5a9402ddd9f91f24da77d0d67d20c4e4,3286163911610860551,3478Sprite,Assets/Sprites/Characters/BattleModels/Imported Shapes/3478.svg
4b8035bd529ad534fb91644c4606d7cf,3286163911610860551,3479Sprite,Assets/Sprites/Characters/BattleModels/Imported Shapes/3479.svg
154fd68b32e935e41875d6bf4a026299,3286163911610860551,3480Sprite,Assets/Sprites/Characters/BattleModels/Imported Shapes/3480.svg
83815c8c3a6c60146a5960ce9638999d,3286163911610860551,3499Sprite,Assets/Sprites/Characters/BattleModels/Imported Shapes/3499.svg
b1b12b3646a5df1499aa414d32a47567,3286163911610860551,3500Sprite,Assets/Sprites/Characters/BattleModels/Imported Shapes/3500.svg
5bd65968cdb554e4c8bed66a1e846ece,3286163911610860551,3501Sprite,Assets/Sprites/Characters/BattleModels/Imported Shapes/3501.svg
405b65eb1caae0c48a90d86144b65dbf,3286163911610860551,3503Sprite,Assets/Sprites/Characters/BattleModels/Imported Shapes/3503.svg
b58db3ab4ac0f1e46b82299ac70051eb,3286163911610860551,3504Sprite,Assets/Sprites/Characters/BattleModels/Imported Shapes/3504.svg
33515bc61ffdad84ea63f05f95c9cb1b,3286163911610860551,3505Sprite,Assets/Sprites/Characters/BattleModels/Imported Shapes/3505.svg
a94169d0a7f6bc94bb0847c00209d83c,3286163911610860551,3507Sprite,Assets/Sprites/Characters/BattleModels/Imported Shapes/3507.svg
98b9714b970ba3d44a6a4c7f2852c5b7,3286163911610860551,3508Sprite,Assets/Sprites/Characters/BattleModels/Imported Shapes/3508.svg
a9c252a2536327c49abee580d8aff4ce,3286163911610860551,3509Sprite,Assets/Sprites/Characters/BattleModels/Imported Shapes/3509.svg
d666f81eff4d2874691f82b13e54f33d,3286163911610860551,3511Sprite,Assets/Sprites/Characters/BattleModels/Imported Shapes/3511.svg
24da42ab71457874ca23f9da9189a4c2,3286163911610860551,3512Sprite,Assets/Sprites/Characters/BattleModels/Imported Shapes/3512.svg
94fa85eb4e8268e42ac9eb844a8c4a31,3286163911610860551,3513Sprite,Assets/Sprites/Characters/BattleModels/Imported Shapes/3513.svg
82bc86250c30c7741bc9a2ac1f574131,3286163911610860551,3515Sprite,Assets/Sprites/Characters/BattleModels/Imported Shapes/3515.svg
5c8add50f07f54844af431865e42fb6f,3286163911610860551,3516Sprite,Assets/Sprites/Characters/BattleModels/Imported Shapes/3516.svg
cd1555d5b0709bc4a92152f01e828dcd,3286163911610860551,3517Sprite,Assets/Sprites/Characters/BattleModels/Imported Shapes/3517.svg
b2717f5f6cd5dfa409b992d583416105,3286163911610860551,3519Sprite,Assets/Sprites/Characters/BattleModels/Imported Shapes/3519.svg
b45064081ef2c0449aa8136d8813af0b,3286163911610860551,3520Sprite,Assets/Sprites/Characters/BattleModels/Imported Shapes/3520.svg
d43b20cb025077b49bf865972d414e32,3286163911610860551,3521Sprite,Assets/Sprites/Characters/BattleModels/Imported Shapes/3521.svg
a5ef2e7cb38db814984044c80be31adc,3286163911610860551,3523Sprite,Assets/Sprites/Characters/BattleModels/Imported Shapes/3523.svg
074ed2807ecb0104e881fbb7ceb649eb,3286163911610860551,3524Sprite,Assets/Sprites/Characters/BattleModels/Imported Shapes/3524.svg
0fbb90c7be462784a991128ed366bed7,3286163911610860551,3525Sprite,Assets/Sprites/Characters/BattleModels/Imported Shapes/3525.svg
1784403a34f46e643a2380a4b2be2017,3286163911610860551,3537Sprite,Assets/Sprites/Characters/BattleModels/Imported Shapes/3537.svg
1247af1ff9c745b4d8a9e49918c7f368,3286163911610860551,3538Sprite,Assets/Sprites/Characters/BattleModels/Imported Shapes/3538.svg
bf0a6e1685b0c6541a5a1103e0bd3c7a,3286163911610860551,3539Sprite,Assets/Sprites/Characters/BattleModels/Imported Shapes/3539.svg
d1805f21069f9e4478b13dd50d9bfe50,3286163911610860551,3540Sprite,Assets/Sprites/Characters/BattleModels/Imported Shapes/3540.svg
f207358163dc4e04fb2733b7f7392ec6,3286163911610860551,3542Sprite,Assets/Sprites/Characters/BattleModels/Imported Shapes/3542.svg
c11fa41455e36154fb3c0fcfd397497b,3286163911610860551,3543Sprite,Assets/Sprites/Characters/BattleModels/Imported Shapes/3543.svg
946ed9629054ce24c8967846fdf079c1,3286163911610860551,3544Sprite,Assets/Sprites/Characters/BattleModels/Imported Shapes/3544.svg
f6cccd17aeebca94387cb9c9c3628a92,3286163911610860551,3546Sprite,Assets/Sprites/Characters/BattleModels/Imported Shapes/3546.svg
193934999f0c3e04cb645ff5dbaa3e59,3286163911610860551,3547Sprite,Assets/Sprites/Characters/BattleModels/Imported Shapes/3547.svg
8a34007114c04c54984b3c1a84f4214b,3286163911610860551,3548Sprite,Assets/Sprites/Characters/BattleModels/Imported Shapes/3548.svg
372f664b3b968e149b8daae6141ecb07,3286163911610860551,3549Sprite,Assets/Sprites/Characters/BattleModels/Imported Shapes/3549.svg
69c657f0fa7c0d04aa9e8bcc29c160d7,3286163911610860551,3551Sprite,Assets/Sprites/Characters/BattleModels/Imported Shapes/3551.svg
202c629ced5b463479efcc1622584f38,3286163911610860551,3552Sprite,Assets/Sprites/Characters/BattleModels/Imported Shapes/3552.svg
4f4d69736423d7d479f8c74b761fc30e,3286163911610860551,3553Sprite,Assets/Sprites/Characters/BattleModels/Imported Shapes/3553.svg
b77607ea59f6a494887e6f3b863acbff,3286163911610860551,3554Sprite,Assets/Sprites/Characters/BattleModels/Imported Shapes/3554.svg
5b45766b49c780e44af65f40ef8701a6,3286163911610860551,3556Sprite,Assets/Sprites/Characters/BattleModels/Imported Shapes/3556.svg
c07d7cbaec43c86408efe307d2fb7167,3286163911610860551,3557Sprite,Assets/Sprites/Characters/BattleModels/Imported Shapes/3557.svg
14160dc8cef254d4d896d4477481ff8c,3286163911610860551,3558Sprite,Assets/Sprites/Characters/BattleModels/Imported Shapes/3558.svg
664279651f29cbf40bdb5076c0111248,3286163911610860551,3559Sprite,Assets/Sprites/Characters/BattleModels/Imported Shapes/3559.svg
d8caa4dd0dc1730478af7549b44327e8,3286163911610860551,3565Sprite,Assets/Sprites/Characters/BattleModels/Imported Shapes/3565.svg
0bdff58f52240f2419f16412ea5ce321,3286163911610860551,3566Sprite,Assets/Sprites/Characters/BattleModels/Imported Shapes/3566.svg
876a5874265dd3545b773b2301dbddfc,3286163911610860551,3567Sprite,Assets/Sprites/Characters/BattleModels/Imported Shapes/3567.svg
8db9af16dae090b4486aca7c84aec5db,3286163911610860551,3568Sprite,Assets/Sprites/Characters/BattleModels/Imported Shapes/3568.svg
dee30e942e610b94bac26a8a5fe3fdf4,3286163911610860551,3576Sprite,Assets/Sprites/Characters/BattleModels/Imported Shapes/3576.svg
e9784b96f7f18cc4698391789c5878ac,3286163911610860551,3577Sprite,Assets/Sprites/Characters/BattleModels/Imported Shapes/3577.svg
0a26bfc9566b32b4db1b240a512f7bc0,3286163911610860551,3578Sprite,Assets/Sprites/Characters/BattleModels/Imported Shapes/3578.svg
8078a22d4158b1b4c83f180e03b4e8e0,3286163911610860551,3579Sprite,Assets/Sprites/Characters/BattleModels/Imported Shapes/3579.svg
45de892f2a71eb14abdddde0b7296f1e,3286163911610860551,3591Sprite,Assets/Sprites/Characters/BattleModels/Imported Shapes/3591.svg
7034c870334ff0d4eb13d42b2cdae857,3286163911610860551,3592Sprite,Assets/Sprites/Characters/BattleModels/Imported Shapes/3592.svg
33c356198bdaec4488ebbb332d0536cd,3286163911610860551,3593Sprite,Assets/Sprites/Characters/BattleModels/Imported Shapes/3593.svg
d46516741d6920640b22cce4e3e534cb,3286163911610860551,3594Sprite,Assets/Sprites/Characters/BattleModels/Imported Shapes/3594.svg
dbf64c787f4ebf04e87dddf37bb45613,3286163911610860551,3600Sprite,Assets/Sprites/Characters/BattleModels/Imported Shapes/3600.svg
a0f3e3ad7f6364043901b4431ccf3b03,3286163911610860551,3602Sprite,Assets/Sprites/Characters/BattleModels/Imported Shapes/3602.svg
6f2c875da82bf4649a86fa4ae5049f82,3286163911610860551,3604Sprite,Assets/Sprites/Characters/BattleModels/Imported Shapes/3604.svg
c9f964f29728a0640b32447d10f968b6,3286163911610860551,3663Sprite,Assets/Sprites/Characters/BattleModels/Imported Shapes/3663.svg
1c09d1a1c386641448aa01fc1eab301c,3286163911610860551,3671Sprite,Assets/Sprites/Characters/BattleModels/Imported Shapes/3671.svg
10f7463beb15e284fa27990b519bc2d8,3286163911610860551,3672Sprite,Assets/Sprites/Characters/BattleModels/Imported Shapes/3672.svg
1a0a96e38e69efc4ba5e46a7f55391f9,3286163911610860551,3673Sprite,Assets/Sprites/Characters/BattleModels/Imported Shapes/3673.svg
d2b618360441fb944936174a988d0047,3286163911610860551,3682Sprite,Assets/Sprites/Characters/BattleModels/Imported Shapes/3682.svg
bd1f2c78418b9fb48b6aa4087333066d,3286163911610860551,3690Sprite,Assets/Sprites/Characters/BattleModels/Imported Shapes/3690.svg
e18bfdce272cce341b294048a1e18891,3286163911610860551,3692Sprite,Assets/Sprites/Characters/BattleModels/Imported Shapes/3692.svg
94d86c6a470593c4b8886ae0429e61e3,3286163911610860551,3700Sprite,Assets/Sprites/Characters/BattleModels/Imported Shapes/3700.svg
0a0dfda0873e89d4fa1ddec9341bcd47,3286163911610860551,3708Sprite,Assets/Sprites/Characters/BattleModels/Imported Shapes/3708.svg
e9af30c70ce8bec4cbc560e129c8ca82,3286163911610860551,3710Sprite,Assets/Sprites/Characters/BattleModels/Imported Shapes/3710.svg
b1f2a3683b49acf4fad7f7223c7d0d5a,3286163911610860551,3717Sprite,Assets/Sprites/Characters/BattleModels/Imported Shapes/3717.svg
4e1a2a208aab09c4599cdb3928619bf3,3286163911610860551,3718Sprite,Assets/Sprites/Characters/BattleModels/Imported Shapes/3718.svg
6d10f0f49f2833a448807776f31f322f,3286163911610860551,3726Sprite,Assets/Sprites/Characters/BattleModels/Imported Shapes/3726.svg
c26d3a9c4d96b9a48a7c9272229c6602,3286163911610860551,3728Sprite,Assets/Sprites/Characters/BattleModels/Imported Shapes/3728.svg
ebbdfbc0d97098547ae1a0e168120174,3286163911610860551,3734Sprite,Assets/Sprites/Characters/BattleModels/Imported Shapes/3734.svg
bbfc877ba986bbd4e89f247987482b0c,3286163911610860551,3742Sprite,Assets/Sprites/Characters/BattleModels/Imported Shapes/3742.svg
d0d24cb1797267c4fa409cb758fa151c,3286163911610860551,3743Sprite,Assets/Sprites/Characters/BattleModels/Imported Shapes/3743.svg
54a73d5b63e4d6242858e36850abbfdd,3286163911610860551,3744Sprite,Assets/Sprites/Characters/BattleModels/Imported Shapes/3744.svg
b3ecd5557578d064a96bd720cc8dec3d,3286163911610860551,3751Sprite,Assets/Sprites/Characters/BattleModels/Imported Shapes/3751.svg
9c4b4f36570a6b04280396030044d0c0,3286163911610860551,3752Sprite,Assets/Sprites/Characters/BattleModels/Imported Shapes/3752.svg
ddf36f287f0d29d48b3f7e41d001eb84,3286163911610860551,3759Sprite,Assets/Sprites/Characters/BattleModels/Imported Shapes/3759.svg
72d34634a6e7eb747b1560d5c3e0b5b4,3286163911610860551,3761Sprite,Assets/Sprites/Characters/BattleModels/Imported Shapes/3761.svg
867b254569249e94e99389a4637c0c41,3286163911610860551,3778Sprite,Assets/Sprites/Characters/BattleModels/Imported Shapes/3778.svg
ec14b8f8defb0a044b085d39f179113f,3286163911610860551,3809Sprite,Assets/Sprites/Characters/BattleModels/Imported Shapes/3809.svg
2eb2a2abe74514e4d9d93533f4327300,3286163911610860551,3810Sprite,Assets/Sprites/Characters/BattleModels/Imported Shapes/3810.svg
e62fed20d5addf947b256a27534cf813,3286163911610860551,3811Sprite,Assets/Sprites/Characters/BattleModels/Imported Shapes/3811.svg
1462eaa053d5d9848a2dfc1132ee4494,3286163911610860551,3812Sprite,Assets/Sprites/Characters/BattleModels/Imported Shapes/3812.svg
1a70461283e2b124dbc35188f4c0fe3d,3286163911610860551,3847Sprite,Assets/Sprites/Characters/BattleModels/Imported Shapes/3847.svg
e2b3127fd5b31cf4ea4f2833c38cf81a,3286163911610860551,3851Sprite,Assets/Sprites/Characters/BattleModels/Imported Shapes/3851.svg
bbf1b5a24b6b4f440bb218c014b21a2b,3286163911610860551,3853Sprite,Assets/Sprites/Characters/BattleModels/Imported Shapes/3853.svg
fc4fb41871cd5a34ba75c94550e3c700,3286163911610860551,3854Sprite,Assets/Sprites/Characters/BattleModels/Imported Shapes/3854.svg
5406a9c3a5954f34d86fa6bdbf8dac10,3286163911610860551,3856Sprite,Assets/Sprites/Characters/BattleModels/Imported Shapes/3856.svg
6c826a8a8ba70ee42ac0def80ca88d2c,3286163911610860551,3858Sprite,Assets/Sprites/Characters/BattleModels/Imported Shapes/3858.svg
e76a5fc415faef14aab5f17dee158b88,3286163911610860551,3876Sprite,Assets/Sprites/Characters/BattleModels/Imported Shapes/3876.svg
c3f4b7d0679690147aabe6e989c2396b,3286163911610860551,3917Sprite,Assets/Sprites/Characters/BattleModels/Imported Shapes/3917.svg
574cd6166645aeb4094e1240079062ba,3286163911610860551,3919Sprite,Assets/Sprites/Characters/BattleModels/Imported Shapes/3919.svg
b70ca384f5c9c6042b5331a3302b3c5d,3286163911610860551,3920Sprite,Assets/Sprites/Characters/BattleModels/Imported Shapes/3920.svg
4e504ec35d2ea2b46a3384b15784437a,3286163911610860551,3922Sprite,Assets/Sprites/Characters/BattleModels/Imported Shapes/3922.svg
c945102324a6e7c4295c2e8a57193dea,3286163911610860551,3955Sprite,Assets/Sprites/Characters/BattleModels/Imported Shapes/3955.svg
d86a7dfff9ac66841b51a0412e2aea31,3286163911610860551,3957Sprite,Assets/Sprites/Characters/BattleModels/Imported Shapes/3957.svg
88fd0e8ebb584a3468e9f32f788625df,3286163911610860551,3959Sprite,Assets/Sprites/Characters/BattleModels/Imported Shapes/3959.svg
7fa9986d38e112740861b3c102168e19,3286163911610860551,3961Sprite,Assets/Sprites/Characters/BattleModels/Imported Shapes/3961.svg
45c60b4aad8141943a7785c7255cd4be,3286163911610860551,3963Sprite,Assets/Sprites/Characters/BattleModels/Imported Shapes/3963.svg
7a672e48af702af418bfdf7f4c3c69b4,3286163911610860551,3965Sprite,Assets/Sprites/Characters/BattleModels/Imported Shapes/3965.svg
e442312f28583a442abad927d3ff4577,3286163911610860551,3967Sprite,Assets/Sprites/Characters/BattleModels/Imported Shapes/3967.svg
23b41820db0defe489b45ad7052e70dc,3286163911610860551,4036Sprite,Assets/Sprites/Characters/BattleModels/Imported Shapes/4036.svg
c2d081d03cf5d6740b79a52f560b3cb9,3286163911610860551,4037Sprite,Assets/Sprites/Characters/BattleModels/Imported Shapes/4037.svg
18ad9e12dba8b4549a488f0d90890803,3286163911610860551,4038Sprite,Assets/Sprites/Characters/BattleModels/Imported Shapes/4038.svg
9255f8173b08b9940b628bbff2d0f6ee,3286163911610860551,4041Sprite,Assets/Sprites/Characters/BattleModels/Imported Shapes/4041.svg
46333ff8a17a36a4f8555bfce41c2184,3286163911610860551,4042Sprite,Assets/Sprites/Characters/BattleModels/Imported Shapes/4042.svg
5bb48783f9b358a489d93c9e60d088ce,3286163911610860551,4043Sprite,Assets/Sprites/Characters/BattleModels/Imported Shapes/4043.svg
fe61844515fd634439321a7bf2aa77ea,3286163911610860551,4052Sprite,Assets/Sprites/Characters/BattleModels/Imported Shapes/4052.svg
9ac4e99af89c0eb4988d768b144162e0,3286163911610860551,4054Sprite,Assets/Sprites/Characters/BattleModels/Imported Shapes/4054.svg
a4d05aa2513457c4386d13be6af8ce61,3286163911610860551,4055Sprite,Assets/Sprites/Characters/BattleModels/Imported Shapes/4055.svg
f6eb641bf2cd97a4c8e0604fc5b85198,3286163911610860551,4056Sprite,Assets/Sprites/Characters/BattleModels/Imported Shapes/4056.svg
1253de18a0cbe6247a74a2ea94771bb8,3286163911610860551,4057Sprite,Assets/Sprites/Characters/BattleModels/Imported Shapes/4057.svg
bb728d51f5591e0459c064da937030fe,3286163911610860551,4058Sprite,Assets/Sprites/Characters/BattleModels/Imported Shapes/4058.svg
38b9b54d192479b40b8f03b2a341c52e,3286163911610860551,4081Sprite,Assets/Sprites/Characters/BattleModels/Imported Shapes/4081.svg
e18e77114b2a15c44bf3069ff60b406d,3286163911610860551,4102Sprite,Assets/Sprites/Characters/BattleModels/Imported Shapes/4102.svg
2ee875036feed0e4d81224022f1cad6c,3286163911610860551,4107Sprite,Assets/Sprites/Characters/BattleModels/Imported Shapes/4107.svg
ccc6714cd5cea354e941c6a4f448d87e,3286163911610860551,4119Sprite,Assets/Sprites/Characters/BattleModels/Imported Shapes/4119.svg
66e37b9ebf6775b4db3178033be98b33,3286163911610860551,4120Sprite,Assets/Sprites/Characters/BattleModels/Imported Shapes/4120.svg
4912556469765214e8b58bdd4fa4ef7a,3286163911610860551,4121Sprite,Assets/Sprites/Characters/BattleModels/Imported Shapes/4121.svg
4ebbac14552414947878dd1b3c2f6e9c,3286163911610860551,4122Sprite,Assets/Sprites/Characters/BattleModels/Imported Shapes/4122.svg
0318609237c1b474984b5ddb2cd8e1a3,3286163911610860551,4133Sprite,Assets/Sprites/Characters/BattleModels/Imported Shapes/4133.svg
c0cc3dcd22ecaef4f9e0e02bc123312b,3286163911610860551,4134Sprite,Assets/Sprites/Characters/BattleModels/Imported Shapes/4134.svg
9422b3d99e5dace44845e6dd1032ebd6,3286163911610860551,4135Sprite,Assets/Sprites/Characters/BattleModels/Imported Shapes/4135.svg
17473c84d61bd9540a48950c1c127e2f,3286163911610860551,4136Sprite,Assets/Sprites/Characters/BattleModels/Imported Shapes/4136.svg
691ecdba2f8a2224faf3edeaf20a54ed,3286163911610860551,4138Sprite,Assets/Sprites/Characters/BattleModels/Imported Shapes/4138.svg
4222a81e55148974298e5a6d6e7b9877,3286163911610860551,4139Sprite,Assets/Sprites/Characters/BattleModels/Imported Shapes/4139.svg
25638ab4ec5067b4bb0309a35da29340,3286163911610860551,4140Sprite,Assets/Sprites/Characters/BattleModels/Imported Shapes/4140.svg
1434b4c3a2e48fc4a807d30adc7024d3,3286163911610860551,4141Sprite,Assets/Sprites/Characters/BattleModels/Imported Shapes/4141.svg
2944cf73db1815d4db60bc79de827981,3286163911610860551,4152Sprite,Assets/Sprites/Characters/BattleModels/Imported Shapes/4152.svg
e5fa17393e1579f49a29aad1efd07059,3286163911610860551,4163Sprite,Assets/Sprites/Characters/BattleModels/Imported Shapes/4163.svg
dbe4c57009b441943930668963ac623f,3286163911610860551,4165Sprite,Assets/Sprites/Characters/BattleModels/Imported Shapes/4165.svg
0808fd74c289cfa47854c3e0857642f0,3286163911610860551,4167Sprite,Assets/Sprites/Characters/BattleModels/Imported Shapes/4167.svg
bbff36c4a2f89604680ff4950ccd7b0b,3286163911610860551,4168Sprite,Assets/Sprites/Characters/BattleModels/Imported Shapes/4168.svg
d30b234c503c1bb439128e12b9f1a89d,3286163911610860551,4169Sprite,Assets/Sprites/Characters/BattleModels/Imported Shapes/4169.svg
d59750cedabd2d24a9f69f286d92b724,3286163911610860551,4170Sprite,Assets/Sprites/Characters/BattleModels/Imported Shapes/4170.svg
3778e8da10c98f24390c8f77ded37598,3286163911610860551,4236Sprite,Assets/Sprites/Characters/BattleModels/Imported Shapes/4236.svg
3701036264e31594d8729e497bf39616,3286163911610860551,4237Sprite,Assets/Sprites/Characters/BattleModels/Imported Shapes/4237.svg
a4972e5addc6b2d49a6a6376ffdf0014,3286163911610860551,4238Sprite,Assets/Sprites/Characters/BattleModels/Imported Shapes/4238.svg
2e561a4fdb490274c9b5140968c91573,3286163911610860551,4239Sprite,Assets/Sprites/Characters/BattleModels/Imported Shapes/4239.svg
b16eb8d31272fd147ae1c4701c0d42ce,3286163911610860551,4241Sprite,Assets/Sprites/Characters/BattleModels/Imported Shapes/4241.svg
e0b0c756319d02d43a0760be7239480f,3286163911610860551,4242Sprite,Assets/Sprites/Characters/BattleModels/Imported Shapes/4242.svg
27f782ed8a04f2e4182c973830781aeb,3286163911610860551,4244Sprite,Assets/Sprites/Characters/BattleModels/Imported Shapes/4244.svg
1761f2e1c9726c442be4995b59150781,3286163911610860551,4245Sprite,Assets/Sprites/Characters/BattleModels/Imported Shapes/4245.svg
9c0edf97838da514084f22bb16fc8ac9,3286163911610860551,4246Sprite,Assets/Sprites/Characters/BattleModels/Imported Shapes/4246.svg
54b9eb111d9ce0e4d822f807b4c59751,3286163911610860551,4247Sprite,Assets/Sprites/Characters/BattleModels/Imported Shapes/4247.svg
ccc9c85efacd1c74b83e7041f8202796,3286163911610860551,4249Sprite,Assets/Sprites/Characters/BattleModels/Imported Shapes/4249.svg
aeaef69878411ff46b4d2a3392c2253e,3286163911610860551,4250Sprite,Assets/Sprites/Characters/BattleModels/Imported Shapes/4250.svg
a0c53c831becfb244a22449f4de2bb53,3286163911610860551,4283Sprite,Assets/Sprites/Characters/BattleModels/Imported Shapes/4283.svg
efb2e457f309b9d4198a0158f7921b37,3286163911610860551,4287Sprite,Assets/Sprites/Characters/BattleModels/Imported Shapes/4287.svg
a05d997e0c382a34b98f596a3bfb269f,3286163911610860551,4303Sprite,Assets/Sprites/Characters/BattleModels/Imported Shapes/4303.svg
302779196eae45e4b8ac5bb2aee0de2a,3286163911610860551,4309Sprite,Assets/Sprites/Characters/BattleModels/Imported Shapes/4309.svg
df0f6efdc3dc7e64cb656fb06045d238,3286163911610860551,4310Sprite,Assets/Sprites/Characters/BattleModels/Imported Shapes/4310.svg
d0a142e007a0b4a4aa2131f4ec0c41ce,3286163911610860551,4312Sprite,Assets/Sprites/Characters/BattleModels/Imported Shapes/4312.svg
dd714b79a74caa8418e01a693f000d35,3286163911610860551,4313Sprite,Assets/Sprites/Characters/BattleModels/Imported Shapes/4313.svg
55a5d36ccf4b0c8499833a109d41fb9f,3286163911610860551,4336Sprite,Assets/Sprites/Characters/BattleModels/Imported Shapes/4336.svg
d7baba9b41399ae43bfef753f2dc4878,3286163911610860551,4372Sprite,Assets/Sprites/Characters/BattleModels/Imported Shapes/4372.svg
5c3f0e1246f1f0b4585caa61f6709c5a,3286163911610860551,4373Sprite,Assets/Sprites/Characters/BattleModels/Imported Shapes/4373.svg
847d559668c120549a2a4dc5095060b7,3286163911610860551,4375Sprite,Assets/Sprites/Characters/BattleModels/Imported Shapes/4375.svg
f390568780523d3409db70007f535524,3286163911610860551,4376Sprite,Assets/Sprites/Characters/BattleModels/Imported Shapes/4376.svg
0fee64e9287743a478350ccb12829be8,3286163911610860551,4387Sprite,Assets/Sprites/Characters/BattleModels/Imported Shapes/4387.svg
e0e23f59d6b1ecd40967dfd07d714631,3286163911610860551,4401Sprite,Assets/Sprites/Characters/BattleModels/Imported Shapes/4401.svg
d077244c6d0a36b43b73c03effe8abc4,3286163911610860551,4416Sprite,Assets/Sprites/Characters/BattleModels/Imported Shapes/4416.svg
560f13b361650e543b54289e74d8aa2a,3286163911610860551,4417Sprite,Assets/Sprites/Characters/BattleModels/Imported Shapes/4417.svg
5ad17bc9cf0e1f4409416d3361994bb2,3286163911610860551,4420Sprite,Assets/Sprites/Characters/BattleModels/Imported Shapes/4420.svg
c2c8bdea86fcd41489166f54c46098b7,3286163911610860551,4421Sprite,Assets/Sprites/Characters/BattleModels/Imported Shapes/4421.svg
77ee8c978bd5f234e9c7cb560af479b7,3286163911610860551,4432Sprite,Assets/Sprites/Characters/BattleModels/Imported Shapes/4432.svg
7e75330260c664d43bc112c4ec5c6dbb,3286163911610860551,4433Sprite,Assets/Sprites/Characters/BattleModels/Imported Shapes/4433.svg
a851222c252903041a7a831990a9af89,3286163911610860551,4435Sprite,Assets/Sprites/Characters/BattleModels/Imported Shapes/4435.svg
afa9bc521fb97a744bc38dbf35576e74,3286163911610860551,4436Sprite,Assets/Sprites/Characters/BattleModels/Imported Shapes/4436.svg
76f12cf061a9ca9499dd88e96d2500a2,3286163911610860551,4447Sprite,Assets/Sprites/Characters/BattleModels/Imported Shapes/4447.svg
a81cf5ef87f7b6845b919fa2f9b8e538,3286163911610860551,4448Sprite,Assets/Sprites/Characters/BattleModels/Imported Shapes/4448.svg
ce517f0dd8de39940a47f20db7bed275,3286163911610860551,4451Sprite,Assets/Sprites/Characters/BattleModels/Imported Shapes/4451.svg
d56c25dbf6b01624daa3a8631d146a14,3286163911610860551,4452Sprite,Assets/Sprites/Characters/BattleModels/Imported Shapes/4452.svg
0384eab4fcbaac74a88960408e2598f4,3286163911610860551,4455Sprite,Assets/Sprites/Characters/BattleModels/Imported Shapes/4455.svg
ce820519fe3dfc945a6c66127aca2d9a,3286163911610860551,4456Sprite,Assets/Sprites/Characters/BattleModels/Imported Shapes/4456.svg
ffd512cd2b9399a46ab72174cb37fb97,3286163911610860551,4459Sprite,Assets/Sprites/Characters/BattleModels/Imported Shapes/4459.svg
573823ec9b7046d48a39ce5e8059590f,3286163911610860551,4460Sprite,Assets/Sprites/Characters/BattleModels/Imported Shapes/4460.svg
ec3141ce63c3d794a91043f6da748476,3286163911610860551,4463Sprite,Assets/Sprites/Characters/BattleModels/Imported Shapes/4463.svg
37a0aecdb359dc84d9e105e9666730f8,3286163911610860551,4464Sprite,Assets/Sprites/Characters/BattleModels/Imported Shapes/4464.svg
74a42b5dc9e391541aee0b148013bd67,3286163911610860551,4467Sprite,Assets/Sprites/Characters/BattleModels/Imported Shapes/4467.svg
e790b35077e4fff4899d8a7310531053,3286163911610860551,4468Sprite,Assets/Sprites/Characters/BattleModels/Imported Shapes/4468.svg
0711a6835f3870149b0a5b94b40ad274,3286163911610860551,4469Sprite,Assets/Sprites/Characters/BattleModels/Imported Shapes/4469.svg
0f841f12bec75a54cb42a54181e1a7bf,3286163911610860551,4470Sprite,Assets/Sprites/Characters/BattleModels/Imported Shapes/4470.svg
dd9d2443206a24d479293fbd665cde74,3286163911610860551,4476Sprite,Assets/Sprites/Characters/BattleModels/Imported Shapes/4476.svg
a1a2c744df3774e48829ffb1a1b2bb98,3286163911610860551,4477Sprite,Assets/Sprites/Characters/BattleModels/Imported Shapes/4477.svg
3341a10f43937fa48b2f062e0f861d76,3286163911610860551,4482Sprite,Assets/Sprites/Characters/BattleModels/Imported Shapes/4482.svg
0a86441b3f575f64a97a41c7ae8be506,3286163911610860551,4483Sprite,Assets/Sprites/Characters/BattleModels/Imported Shapes/4483.svg
f807750d39870ba4fb88785ebfe38121,3286163911610860551,4485Sprite,Assets/Sprites/Characters/BattleModels/Imported Shapes/4485.svg
b9d23a3151ba57146b5c4688fb4d2c1e,3286163911610860551,4526Sprite,Assets/Sprites/Characters/BattleModels/Imported Shapes/4526.svg
18e4528857b6b3b4e9e0ee74869e2a6f,3286163911610860551,4527Sprite,Assets/Sprites/Characters/BattleModels/Imported Shapes/4527.svg
616e2670bab2b1e4ea6b27ebdee46240,3286163911610860551,4530Sprite,Assets/Sprites/Characters/BattleModels/Imported Shapes/4530.svg
e3d784014bdf5ce4a8b39513a310ad80,3286163911610860551,4531Sprite,Assets/Sprites/Characters/BattleModels/Imported Shapes/4531.svg
559be27cfdcbcea40bd579b401251a8b,3286163911610860551,4532Sprite,Assets/Sprites/Characters/BattleModels/Imported Shapes/4532.svg
75d8ec59e4f948a48a803de2d22a1ca4,3286163911610860551,4550Sprite,Assets/Sprites/Characters/BattleModels/Imported Shapes/4550.svg
649931a55e79b634987d44258c90ebd5,3286163911610860551,4563Sprite,Assets/Sprites/Characters/BattleModels/Imported Shapes/4563.svg
2cb29f2fb5c5b824195646fe15735ce4,3286163911610860551,4574Sprite,Assets/Sprites/Characters/BattleModels/Imported Shapes/4574.svg
1f0d26efa9c0ba945b1a4c002223b33f,3286163911610860551,4582Sprite,Assets/Sprites/Characters/BattleModels/Imported Shapes/4582.svg
764130a6c66ad1146988179366fdfac6,3286163911610860551,4584Sprite,Assets/Sprites/Characters/BattleModels/Imported Shapes/4584.svg
03d214b67c9488f4587732447c23d12b,3286163911610860551,4586Sprite,Assets/Sprites/Characters/BattleModels/Imported Shapes/4586.svg
807e1896d01a89d43acc5b556123ef84,3286163911610860551,4588Sprite,Assets/Sprites/Characters/BattleModels/Imported Shapes/4588.svg
9529e4974c03f604aa0cffb1e64ecf3d,3286163911610860551,4590Sprite,Assets/Sprites/Characters/BattleModels/Imported Shapes/4590.svg
782e76351fcffb14fb2e97f839307e45,3286163911610860551,4599Sprite,Assets/Sprites/Characters/BattleModels/Imported Shapes/4599.svg
9fcd3063f2563b342bd92b44b5d7b93d,3286163911610860551,4600Sprite,Assets/Sprites/Characters/BattleModels/Imported Shapes/4600.svg
6f526f5e2063b174a8c670dfc6d09d5f,3286163911610860551,4601Sprite,Assets/Sprites/Characters/BattleModels/Imported Shapes/4601.svg
6f9a4a6dc3b6c0e48954066f8c1eb254,3286163911610860551,4603Sprite,Assets/Sprites/Characters/BattleModels/Imported Shapes/4603.svg
d30c37b15f3ea914cb2b72f8eee4d1e4,3286163911610860551,4605Sprite,Assets/Sprites/Characters/BattleModels/Imported Shapes/4605.svg
85c65bee2f6a04d43a668aa33a3a0a99,3286163911610860551,4606Sprite,Assets/Sprites/Characters/BattleModels/Imported Shapes/4606.svg
266ffaae050d86e4b986c177b8f016bc,3286163911610860551,4607Sprite,Assets/Sprites/Characters/BattleModels/Imported Shapes/4607.svg
5f8e6f153b7c26445ad7f07cbdd547a9,3286163911610860551,4609Sprite,Assets/Sprites/Characters/BattleModels/Imported Shapes/4609.svg
913b2532746c9e44faa60bd0b64439bc,3286163911610860551,4623Sprite,Assets/Sprites/Characters/BattleModels/Imported Shapes/4623.svg
e5d7b846153bebd48b6a61063aa8062d,3286163911610860551,4625Sprite,Assets/Sprites/Characters/BattleModels/Imported Shapes/4625.svg
17e5212c26c28734788c8d88c41248f7,3286163911610860551,4627Sprite,Assets/Sprites/Characters/BattleModels/Imported Shapes/4627.svg
d0344835d69628546bd278cf736611af,3286163911610860551,4629Sprite,Assets/Sprites/Characters/BattleModels/Imported Shapes/4629.svg
4c0a170b5bfa41c46b8ef40b3678854d,3286163911610860551,4635Sprite,Assets/Sprites/Characters/BattleModels/Imported Shapes/4635.svg
556ef6647fe66704ab867961addb77be,3286163911610860551,4636Sprite,Assets/Sprites/Characters/BattleModels/Imported Shapes/4636.svg
f5ea349cf59c5364d8b59c3017c09b9f,3286163911610860551,4637Sprite,Assets/Sprites/Characters/BattleModels/Imported Shapes/4637.svg
26724f25a2b91df4d872ce83fd3d4388,3286163911610860551,4639Sprite,Assets/Sprites/Characters/BattleModels/Imported Shapes/4639.svg
f7307641f73929745abb4390796503d3,3286163911610860551,4647Sprite,Assets/Sprites/Characters/BattleModels/Imported Shapes/4647.svg
46aa708d272f95243879b8c0edc197b7,3286163911610860551,4648Sprite,Assets/Sprites/Characters/BattleModels/Imported Shapes/4648.svg
9bb2ac627364fa641b0f5530a919f1ef,3286163911610860551,4649Sprite,Assets/Sprites/Characters/BattleModels/Imported Shapes/4649.svg
e128c03affc477348be82a59e8a4f6b2,3286163911610860551,4651Sprite,Assets/Sprites/Characters/BattleModels/Imported Shapes/4651.svg
1389d8bd53f5d10448cf97e8e12f7ff4,3286163911610860551,4659Sprite,Assets/Sprites/Characters/BattleModels/Imported Shapes/4659.svg
ced7cc5bbcdbbb441b8580c83f73f7cd,3286163911610860551,4660Sprite,Assets/Sprites/Characters/BattleModels/Imported Shapes/4660.svg
6f4813177e7958348931e4c4df1d9c4e,3286163911610860551,4661Sprite,Assets/Sprites/Characters/BattleModels/Imported Shapes/4661.svg
3f2e18ea4136b7443a75e412e9822aab,3286163911610860551,4663Sprite,Assets/Sprites/Characters/BattleModels/Imported Shapes/4663.svg
3a8295329eb88b84e9e7aebffa4b0734,3286163911610860551,4670Sprite,Assets/Sprites/Characters/BattleModels/Imported Shapes/4670.svg
22bde258d6143b14d9d2d1ecbec1d189,3286163911610860551,4671Sprite,Assets/Sprites/Characters/BattleModels/Imported Shapes/4671.svg
41cb1db9b89bbd940a37d1e0956e4bef,3286163911610860551,4672Sprite,Assets/Sprites/Characters/BattleModels/Imported Shapes/4672.svg
010fe387c9331f64eaab35f54358faa4,3286163911610860551,4674Sprite,Assets/Sprites/Characters/BattleModels/Imported Shapes/4674.svg
dff03181517a63a43a65fe3c7b3546a7,3286163911610860551,4676Sprite,Assets/Sprites/Characters/BattleModels/Imported Shapes/4676.svg
b13b0de5923aec24db8f7c9816ba25a7,3286163911610860551,4677Sprite,Assets/Sprites/Characters/BattleModels/Imported Shapes/4677.svg
bf256e38f8d58c241951e47f28c436c1,3286163911610860551,4678Sprite,Assets/Sprites/Characters/BattleModels/Imported Shapes/4678.svg
091ea2ee868bd3649b4bb28eb497aada,3286163911610860551,4680Sprite,Assets/Sprites/Characters/BattleModels/Imported Shapes/4680.svg
de2a6a3cc958cf34b9745f750991a8ac,3286163911610860551,4682Sprite,Assets/Sprites/Characters/BattleModels/Imported Shapes/4682.svg
67e50a58913e5b24fa0c9de160621210,3286163911610860551,4683Sprite,Assets/Sprites/Characters/BattleModels/Imported Shapes/4683.svg
02a0c48a661d919459391920937855de,3286163911610860551,4684Sprite,Assets/Sprites/Characters/BattleModels/Imported Shapes/4684.svg
6872f7679c1d2564994ce99cbab620a7,3286163911610860551,4686Sprite,Assets/Sprites/Characters/BattleModels/Imported Shapes/4686.svg
27bd932628d06ae48890d5f9e56cdc37,3286163911610860551,4721Sprite,Assets/Sprites/Characters/BattleModels/Imported Shapes/4721.svg
b904fd00413a7624caeedf4fca384281,3286163911610860551,4745Sprite,Assets/Sprites/Characters/BattleModels/Imported Shapes/4745.svg
1723270f4c16a424c8ff3304384bc48f,3286163911610860551,4748Sprite,Assets/Sprites/Characters/BattleModels/Imported Shapes/4748.svg
89977873920dc0649a7ba228087a1a0e,3286163911610860551,4750Sprite,Assets/Sprites/Characters/BattleModels/Imported Shapes/4750.svg
f0378b7c3a337ee4aaddf27d1ee77d0c,3286163911610860551,4752Sprite,Assets/Sprites/Characters/BattleModels/Imported Shapes/4752.svg
2ee0cb560da3ad945ba81cb9409d03e6,3286163911610860551,4754Sprite,Assets/Sprites/Characters/BattleModels/Imported Shapes/4754.svg
e3b8d4ff54e438c47acca10662c8a656,3286163911610860551,4756Sprite,Assets/Sprites/Characters/BattleModels/Imported Shapes/4756.svg
edb905f0c5dfb4e45ae476e18f30c6e5,3286163911610860551,4757Sprite,Assets/Sprites/Characters/BattleModels/Imported Shapes/4757.svg
9fb29b32fbcf8774eb8f646476a712db,3286163911610860551,4769Sprite,Assets/Sprites/Characters/BattleModels/Imported Shapes/4769.svg
db79efc4011c3024bab881c9fc958f9a,3286163911610860551,4780Sprite,Assets/Sprites/Characters/BattleModels/Imported Shapes/4780.svg
fa733fb030097cb4b8f2d4aa94e4e5b7,3286163911610860551,4791Sprite,Assets/Sprites/Characters/BattleModels/Imported Shapes/4791.svg
526844b3417610648a7f8937159222ed,3286163911610860551,4792Sprite,Assets/Sprites/Characters/BattleModels/Imported Shapes/4792.svg
f13537156fabcff4c891058ff56e2331,3286163911610860551,4794Sprite,Assets/Sprites/Characters/BattleModels/Imported Shapes/4794.svg
6fe38b41a3d809145bded104477d1f87,3286163911610860551,4795Sprite,Assets/Sprites/Characters/BattleModels/Imported Shapes/4795.svg
40fea8ac18a4693488d178fb7bf4bfa6,3286163911610860551,4797Sprite,Assets/Sprites/Characters/BattleModels/Imported Shapes/4797.svg
fe6a14bd0dc587a4ba27b7843784dc71,3286163911610860551,4798Sprite,Assets/Sprites/Characters/BattleModels/Imported Shapes/4798.svg
b4a0a6e3e5b1bf14da1469d5582d9753,3286163911610860551,4800Sprite,Assets/Sprites/Characters/BattleModels/Imported Shapes/4800.svg
9eaf050451188e04fa0e9cc2404063ba,3286163911610860551,4801Sprite,Assets/Sprites/Characters/BattleModels/Imported Shapes/4801.svg
3a0310c4c440b4847aa7d55e2d25d7f9,3286163911610860551,4803Sprite,Assets/Sprites/Characters/BattleModels/Imported Shapes/4803.svg
d87eeaa6f6ca6c04694d59481362ebe4,3286163911610860551,4804Sprite,Assets/Sprites/Characters/BattleModels/Imported Shapes/4804.svg
3890a0ac4c92c7249b62aba20b1f14ee,3286163911610860551,4809Sprite,Assets/Sprites/Characters/BattleModels/Imported Shapes/4809.svg
f58a9e8e878f38745b8f0c0e7552dd67,3286163911610860551,4811Sprite,Assets/Sprites/Characters/BattleModels/Imported Shapes/4811.svg
2719b71a959cdb5429f01aba9e87a542,3286163911610860551,4812Sprite,Assets/Sprites/Characters/BattleModels/Imported Shapes/4812.svg
39b43bc9b70f04e439004a9d431ffd8e,3286163911610860551,4814Sprite,Assets/Sprites/Characters/BattleModels/Imported Shapes/4814.svg
546ab08563a82aa418fac9cbf320528a,3286163911610860551,4815Sprite,Assets/Sprites/Characters/BattleModels/Imported Shapes/4815.svg
e253c4880d4b1c7428a7c7521d1071ea,3286163911610860551,4830Sprite,Assets/Sprites/Characters/BattleModels/Imported Shapes/4830.svg
a912c280100cfaa4786f5199d72cd2a2,3286163911610860551,4832Sprite,Assets/Sprites/Characters/BattleModels/Imported Shapes/4832.svg
b3bdff16569a4614fac1e6c695b692e9,3286163911610860551,4835Sprite,Assets/Sprites/Characters/BattleModels/Imported Shapes/4835.svg
034d05c14f5f9bd43b7024e793966da3,3286163911610860551,4838Sprite,Assets/Sprites/Characters/BattleModels/Imported Shapes/4838.svg
24698b7a4d358f94aad5ca6a4145159c,3286163911610860551,4839Sprite,Assets/Sprites/Characters/BattleModels/Imported Shapes/4839.svg
7f8a14c91766c5c43a243620a8fc8302,3286163911610860551,4841Sprite,Assets/Sprites/Characters/BattleModels/Imported Shapes/4841.svg
9d5f18c2746e2874e96b3ac8c54e80e1,3286163911610860551,4842Sprite,Assets/Sprites/Characters/BattleModels/Imported Shapes/4842.svg
4c97c949ec0c8574d9ad15be4e0781fd,3286163911610860551,4843Sprite,Assets/Sprites/Characters/BattleModels/Imported Shapes/4843.svg
104bf2e12e90c9d45bfbcc1dd481e030,3286163911610860551,4846Sprite,Assets/Sprites/Characters/BattleModels/Imported Shapes/4846.svg
17b352b5f6061c849850ef6878d64ac8,3286163911610860551,4854Sprite,Assets/Sprites/Characters/BattleModels/Imported Shapes/4854.svg
3dc232474e00a8641beb906d9315b0de,3286163911610860551,4855Sprite,Assets/Sprites/Characters/BattleModels/Imported Shapes/4855.svg
7df6b4b1416af5e499b437a180059870,3286163911610860551,4857Sprite,Assets/Sprites/Characters/BattleModels/Imported Shapes/4857.svg
66f09d6014b635e4eaff340c352b375c,3286163911610860551,4858Sprite,Assets/Sprites/Characters/BattleModels/Imported Shapes/4858.svg
03b83fc75e90b2548965907d9bdd32cd,3286163911610860551,4860Sprite,Assets/Sprites/Characters/BattleModels/Imported Shapes/4860.svg
bca0d9176b4d9c346a8933e4c64af486,3286163911610860551,4861Sprite,Assets/Sprites/Characters/BattleModels/Imported Shapes/4861.svg
8d3854b30bed8a048ac184b7edaa0cf1,3286163911610860551,4863Sprite,Assets/Sprites/Characters/BattleModels/Imported Shapes/4863.svg
ebaffe33ae6073548a4240fc465c95d3,3286163911610860551,4864Sprite,Assets/Sprites/Characters/BattleModels/Imported Shapes/4864.svg
9f1583af15c2d604abaef595588a9184,3286163911610860551,4869Sprite,Assets/Sprites/Characters/BattleModels/Imported Shapes/4869.svg
6a4b8ebedfa4c844188c7950980380f1,3286163911610860551,4870Sprite,Assets/Sprites/Characters/BattleModels/Imported Shapes/4870.svg
5583be2c9658d3b4d9675b6ddcc864b7,3286163911610860551,4872Sprite,Assets/Sprites/Characters/BattleModels/Imported Shapes/4872.svg
f0df779a6ecf6264c8b2da49464b966f,3286163911610860551,4874Sprite,Assets/Sprites/Characters/BattleModels/Imported Shapes/4874.svg
6e3885b4d29bfea4c84d51dfe16c3610,3286163911610860551,4875Sprite,Assets/Sprites/Characters/BattleModels/Imported Shapes/4875.svg
753f2fc30279592458b2c256482eb4f5,3286163911610860551,4877Sprite,Assets/Sprites/Characters/BattleModels/Imported Shapes/4877.svg
bc3e454d4438e7c47bc8d3a98c0ade08,3286163911610860551,4878Sprite,Assets/Sprites/Characters/BattleModels/Imported Shapes/4878.svg
8207d83025f75b442bf057d75626c9ca,3286163911610860551,4965Sprite,Assets/Sprites/Characters/BattleModels/Imported Shapes/4965.svg
24304a2109b76aa499bc1df18a138102,3286163911610860551,4977Sprite,Assets/Sprites/Characters/BattleModels/Imported Shapes/4977.svg
624e72e445b45cd4b9b84de19d0185aa,3286163911610860551,4992Sprite,Assets/Sprites/Characters/BattleModels/Imported Shapes/4992.svg
75d5f2430dba13f4e859982901cb0d68,3286163911610860551,4995Sprite,Assets/Sprites/Characters/BattleModels/Imported Shapes/4995.svg
ac17b2f8fc6a68f48a357516f1a64b3f,3286163911610860551,4997Sprite,Assets/Sprites/Characters/BattleModels/Imported Shapes/4997.svg
3f71ee68aab886a4ba826e0b333175de,3286163911610860551,4999Sprite,Assets/Sprites/Characters/BattleModels/Imported Shapes/4999.svg
0edf4eb60e467c242b487a4a3a028dd2,3286163911610860551,5001Sprite,Assets/Sprites/Characters/BattleModels/Imported Shapes/5001.svg
ceb53cd30b33bee4f8ac281c39498e69,3286163911610860551,5003Sprite,Assets/Sprites/Characters/BattleModels/Imported Shapes/5003.svg
af88590c3ec1f4545af9da7e55ec208d,3286163911610860551,5005Sprite,Assets/Sprites/Characters/BattleModels/Imported Shapes/5005.svg
898e7f6f9d925ec4e95db16cb45c68a1,3286163911610860551,5007Sprite,Assets/Sprites/Characters/BattleModels/Imported Shapes/5007.svg
e71cc56e743aaaf4c93884f08d998cc4,3286163911610860551,5010Sprite,Assets/Sprites/Characters/BattleModels/Imported Shapes/5010.svg
5833009adef6492489ebaf3978f85dc9,3286163911610860551,5013Sprite,Assets/Sprites/Characters/BattleModels/Imported Shapes/5013.svg
5e3d33a7d49ef40428f5bc3567681a20,3286163911610860551,5016Sprite,Assets/Sprites/Characters/BattleModels/Imported Shapes/5016.svg
002dd90549210cb43981d29b4a468865,3286163911610860551,5018Sprite,Assets/Sprites/Characters/BattleModels/Imported Shapes/5018.svg
01d264dbca86c3040bbd0f52208e5dd0,3286163911610860551,5021Sprite,Assets/Sprites/Characters/BattleModels/Imported Shapes/5021.svg
8e75b57c8a3d94949a45dc76fafd07eb,3286163911610860551,5023Sprite,Assets/Sprites/Characters/BattleModels/Imported Shapes/5023.svg
23e5b682ff9121d408ae79294a79d9e3,3286163911610860551,5027Sprite,Assets/Sprites/Characters/BattleModels/Imported Shapes/5027.svg
89c3ef385e84d6c48be15023006cd549,3286163911610860551,5029Sprite,Assets/Sprites/Characters/BattleModels/Imported Shapes/5029.svg
a395c0a7f53d66f4b9fe1d6137c63749,3286163911610860551,5031Sprite,Assets/Sprites/Characters/BattleModels/Imported Shapes/5031.svg
f15e3d6c450c3944f89bbd5a7ab5acbd,3286163911610860551,5033Sprite,Assets/Sprites/Characters/BattleModels/Imported Shapes/5033.svg
7d1ee105391d2624fae9768f2b0429b0,3286163911610860551,5040Sprite,Assets/Sprites/Characters/BattleModels/Imported Shapes/5040.svg
552d7d8aec5d4f3418c69f8c83803d4a,3286163911610860551,5042Sprite,Assets/Sprites/Characters/BattleModels/Imported Shapes/5042.svg
0e04585f6b9018845a0d47202929cac7,3286163911610860551,5056Sprite,Assets/Sprites/Characters/BattleModels/Imported Shapes/5056.svg
d2cb7857c3257864bbb5d687bbff8423,3286163911610860551,5058Sprite,Assets/Sprites/Characters/BattleModels/Imported Shapes/5058.svg
c40dfe392d0e16341b10598a83007437,3286163911610860551,5066Sprite,Assets/Sprites/Characters/BattleModels/Imported Shapes/5066.svg
b428f171f65b4444da7ac210d4969407,3286163911610860551,5071Sprite,Assets/Sprites/Characters/BattleModels/Imported Shapes/5071.svg
42b95adb682cf06439dd501908f6ff5f,3286163911610860551,5083Sprite,Assets/Sprites/Characters/BattleModels/Imported Shapes/5083.svg
7a928a012ba5ee245b8832e06942599f,3286163911610860551,5102Sprite,Assets/Sprites/Characters/BattleModels/Imported Shapes/5102.svg
7bbd114d6f5073b499eb2fff292b65d2,3286163911610860551,5105Sprite,Assets/Sprites/Characters/BattleModels/Imported Shapes/5105.svg
405918c77911c7d45ba56fb3d7b95368,3286163911610860551,5107Sprite,Assets/Sprites/Characters/BattleModels/Imported Shapes/5107.svg
6f384f22d61f77e4a97ecbcf6233ee3c,3286163911610860551,5108Sprite,Assets/Sprites/Characters/BattleModels/Imported Shapes/5108.svg
82df2b97b0cb75441ae4b5b9d4d8e346,3286163911610860551,5110Sprite,Assets/Sprites/Characters/BattleModels/Imported Shapes/5110.svg
0df120e6824269d44a7d913e09362bf1,3286163911610860551,Female Soldier ThighSprite,Assets/Sprites/Characters/BattleModels/Leg Components/Calf/Female Soldier Thigh.svg
19d3e73b81889254b897138ae4b6b050,3286163911610860551,Female Soldier FeetSprite,Assets/Sprites/Characters/BattleModels/Leg Components/Feet/Female Soldier Feet.svg
e229fad168ec69642b7e9b64a3088939,-627023503,CreatureTypeIcons_0,Assets/Sprites/Characters/CreatureTypeIcons.png
e229fad168ec69642b7e9b64a3088939,1274996170,CreatureTypeIcons_1,Assets/Sprites/Characters/CreatureTypeIcons.png
e229fad168ec69642b7e9b64a3088939,1114392936,CreatureTypeIcons_2,Assets/Sprites/Characters/CreatureTypeIcons.png
e229fad168ec69642b7e9b64a3088939,-827960641,CreatureTypeIcons_3,Assets/Sprites/Characters/CreatureTypeIcons.png
e229fad168ec69642b7e9b64a3088939,-1402124394,CreatureTypeIcons_4,Assets/Sprites/Characters/CreatureTypeIcons.png
e229fad168ec69642b7e9b64a3088939,-2018188822,CreatureTypeIcons_5,Assets/Sprites/Characters/CreatureTypeIcons.png
e229fad168ec69642b7e9b64a3088939,1087630349,CreatureTypeIcons_6,Assets/Sprites/Characters/CreatureTypeIcons.png
e229fad168ec69642b7e9b64a3088939,149548277,CreatureTypeIcons_7,Assets/Sprites/Characters/CreatureTypeIcons.png
e229fad168ec69642b7e9b64a3088939,98203900,CreatureTypeIcons_8,Assets/Sprites/Characters/CreatureTypeIcons.png
e229fad168ec69642b7e9b64a3088939,355061538,CreatureTypeIcons_9,Assets/Sprites/Characters/CreatureTypeIcons.png
e229fad168ec69642b7e9b64a3088939,-739448780,CreatureTypeIcons_10,Assets/Sprites/Characters/CreatureTypeIcons.png
e229fad168ec69642b7e9b64a3088939,1137991737,CreatureTypeIcons_11,Assets/Sprites/Characters/CreatureTypeIcons.png
e229fad168ec69642b7e9b64a3088939,-219959994,CreatureTypeIcons_12,Assets/Sprites/Characters/CreatureTypeIcons.png
e229fad168ec69642b7e9b64a3088939,-19847769,CreatureTypeIcons_13,Assets/Sprites/Characters/CreatureTypeIcons.png
e229fad168ec69642b7e9b64a3088939,-1450077733,CreatureTypeIcons_14,Assets/Sprites/Characters/CreatureTypeIcons.png
e229fad168ec69642b7e9b64a3088939,787764709,CreatureTypeIcons_15,Assets/Sprites/Characters/CreatureTypeIcons.png
e229fad168ec69642b7e9b64a3088939,-351909171,CreatureTypeIcons_16,Assets/Sprites/Characters/CreatureTypeIcons.png
e229fad168ec69642b7e9b64a3088939,1336408042,CreatureTypeIcons_17,Assets/Sprites/Characters/CreatureTypeIcons.png
e229fad168ec69642b7e9b64a3088939,82824729,CreatureTypeIcons_18,Assets/Sprites/Characters/CreatureTypeIcons.png
e229fad168ec69642b7e9b64a3088939,-1242472210,CreatureTypeIcons_19,Assets/Sprites/Characters/CreatureTypeIcons.png
e229fad168ec69642b7e9b64a3088939,891887366,CreatureTypeIcons_20,Assets/Sprites/Characters/CreatureTypeIcons.png
e229fad168ec69642b7e9b64a3088939,2079170530,CreatureTypeIcons_21,Assets/Sprites/Characters/CreatureTypeIcons.png
e229fad168ec69642b7e9b64a3088939,-1401985579,CreatureTypeIcons_22,Assets/Sprites/Characters/CreatureTypeIcons.png
e229fad168ec69642b7e9b64a3088939,724381642,CreatureTypeIcons_23,Assets/Sprites/Characters/CreatureTypeIcons.png
e229fad168ec69642b7e9b64a3088939,1151905343,CreatureTypeIcons_24,Assets/Sprites/Characters/CreatureTypeIcons.png
eef64db66a24bc241867a2988da08323,1208976418,Deugan Child_0,Assets/Sprites/Characters/Overworld Characters/Chapter 1 Exclusive/Deugan/Deugan Child.png
eef64db66a24bc241867a2988da08323,-1992880769,Deugan Child_1,Assets/Sprites/Characters/Overworld Characters/Chapter 1 Exclusive/Deugan/Deugan Child.png
eef64db66a24bc241867a2988da08323,-60688777,Deugan Child_2,Assets/Sprites/Characters/Overworld Characters/Chapter 1 Exclusive/Deugan/Deugan Child.png
eef64db66a24bc241867a2988da08323,-1893118648,Deugan Child_3,Assets/Sprites/Characters/Overworld Characters/Chapter 1 Exclusive/Deugan/Deugan Child.png
eef64db66a24bc241867a2988da08323,1472924422,Deugan Child_4,Assets/Sprites/Characters/Overworld Characters/Chapter 1 Exclusive/Deugan/Deugan Child.png
eef64db66a24bc241867a2988da08323,-1560193497,Deugan Child_5,Assets/Sprites/Characters/Overworld Characters/Chapter 1 Exclusive/Deugan/Deugan Child.png
eef64db66a24bc241867a2988da08323,-1331498162,Deugan Child_6,Assets/Sprites/Characters/Overworld Characters/Chapter 1 Exclusive/Deugan/Deugan Child.png
eef64db66a24bc241867a2988da08323,2133131461,Deugan Child_7,Assets/Sprites/Characters/Overworld Characters/Chapter 1 Exclusive/Deugan/Deugan Child.png
a9ef7d402f246144e931e066c7290b65,21300000,Deugan_Hero_Down1,Assets/Sprites/Characters/Overworld Characters/Chapter 1 Exclusive/Deugan/Deugan_Hero_Down1.png
c8157d756f012b2429963df2f0cbc57f,21300000,Deugan_Hero_Down2,Assets/Sprites/Characters/Overworld Characters/Chapter 1 Exclusive/Deugan/Deugan_Hero_Down2.png
0d273cdda6e37584cb3f46553cc26a99,21300000,Deugan_Hero_Left1,Assets/Sprites/Characters/Overworld Characters/Chapter 1 Exclusive/Deugan/Deugan_Hero_Left1.png
97819ea34cec488438207edea3c81d32,21300000,Deugan_Hero_Left2,Assets/Sprites/Characters/Overworld Characters/Chapter 1 Exclusive/Deugan/Deugan_Hero_Left2.png
9fe3d3a93e0441a4eadc73d82bd20569,21300000,Deugan_Hero_Right1,Assets/Sprites/Characters/Overworld Characters/Chapter 1 Exclusive/Deugan/Deugan_Hero_Right1.png
60ee67e1c42e0264abfc9241f2d28cb9,21300000,Deugan_Hero_Right2,Assets/Sprites/Characters/Overworld Characters/Chapter 1 Exclusive/Deugan/Deugan_Hero_Right2.png
c5944fd0e0d0c9444960bd093711bc25,21300000,Deugan_Hero_Up1,Assets/Sprites/Characters/Overworld Characters/Chapter 1 Exclusive/Deugan/Deugan_Hero_Up1.png
14fe80202304a8f4aa76b43945f2fd51,21300000,Deugan_Hero_Up2,Assets/Sprites/Characters/Overworld Characters/Chapter 1 Exclusive/Deugan/Deugan_Hero_Up2.png
47c91e82a33b506479eb7647a7ae12e4,21300000,Dragon_1,Assets/Sprites/Characters/Overworld Characters/Chapter 1 Exclusive/Dragon_1.png
51bbcab4650cfcb479c2540059d2446d,21300000,Dragon_2,Assets/Sprites/Characters/Overworld Characters/Chapter 1 Exclusive/Dragon_2.png
74f9c149d9ec6234b985c81f6c29d2b1,-1280583088,89_spritesheet_mardek_child_0,Assets/Sprites/Characters/Overworld Characters/Chapter 1 Exclusive/Mardek/89_spritesheet_mardek_child.png
74f9c149d9ec6234b985c81f6c29d2b1,-1748953223,89_spritesheet_mardek_child_1,Assets/Sprites/Characters/Overworld Characters/Chapter 1 Exclusive/Mardek/89_spritesheet_mardek_child.png
74f9c149d9ec6234b985c81f6c29d2b1,-1372814139,89_spritesheet_mardek_child_2,Assets/Sprites/Characters/Overworld Characters/Chapter 1 Exclusive/Mardek/89_spritesheet_mardek_child.png
74f9c149d9ec6234b985c81f6c29d2b1,162228949,89_spritesheet_mardek_child_3,Assets/Sprites/Characters/Overworld Characters/Chapter 1 Exclusive/Mardek/89_spritesheet_mardek_child.png
74f9c149d9ec6234b985c81f6c29d2b1,1716534810,89_spritesheet_mardek_child_4,Assets/Sprites/Characters/Overworld Characters/Chapter 1 Exclusive/Mardek/89_spritesheet_mardek_child.png
74f9c149d9ec6234b985c81f6c29d2b1,-1711790793,89_spritesheet_mardek_child_5,Assets/Sprites/Characters/Overworld Characters/Chapter 1 Exclusive/Mardek/89_spritesheet_mardek_child.png
74f9c149d9ec6234b985c81f6c29d2b1,107376168,89_spritesheet_mardek_child_6,Assets/Sprites/Characters/Overworld Characters/Chapter 1 Exclusive/Mardek/89_spritesheet_mardek_child.png
74f9c149d9ec6234b985c81f6c29d2b1,1225732366,89_spritesheet_mardek_child_7,Assets/Sprites/Characters/Overworld Characters/Chapter 1 Exclusive/Mardek/89_spritesheet_mardek_child.png
74f9c149d9ec6234b985c81f6c29d2b1,-960316277,89_spritesheet_mardek_child_8,Assets/Sprites/Characters/Overworld Characters/Chapter 1 Exclusive/Mardek/89_spritesheet_mardek_child.png
74f9c149d9ec6234b985c81f6c29d2b1,1499785434,89_spritesheet_mardek_child_9,Assets/Sprites/Characters/Overworld Characters/Chapter 1 Exclusive/Mardek/89_spritesheet_mardek_child.png
8c695fa65494e3b4c8d0cfde09e93ed0,21300000,Mardek_Hero_Down1,Assets/Sprites/Characters/Overworld Characters/Chapter 1 Exclusive/Mardek/Mardek_Hero_Down1.png
78c22bcfd9296fa4f9b9f8a36b339c8b,21300000,Mardek_Hero_Down2,Assets/Sprites/Characters/Overworld Characters/Chapter 1 Exclusive/Mardek/Mardek_Hero_Down2.png
42572ef827cead149aa74f0fdbf6a4b1,21300000,Mardek_Hero_Left1,Assets/Sprites/Characters/Overworld Characters/Chapter 1 Exclusive/Mardek/Mardek_Hero_Left1.png
1f652167201b86243810979e128b57cd,21300000,Mardek_Hero_Left2,Assets/Sprites/Characters/Overworld Characters/Chapter 1 Exclusive/Mardek/Mardek_Hero_Left2.png
4d0796f522203c4489260779e3be464d,21300000,Mardek_Hero_Right1,Assets/Sprites/Characters/Overworld Characters/Chapter 1 Exclusive/Mardek/Mardek_Hero_Right1.png
c565dc97ebd97de4a9fa8536ccc23370,21300000,Mardek_Hero_Right2,Assets/Sprites/Characters/Overworld Characters/Chapter 1 Exclusive/Mardek/Mardek_Hero_Right2.png
c7ec6eb2fe44c7d46be6eb2f5b897598,21300000,Mardek_Hero_Up1,Assets/Sprites/Characters/Overworld Characters/Chapter 1 Exclusive/Mardek/Mardek_Hero_Up1.png
eef0f32c6b81284468842c6adbf66e10,21300000,Mardek_Hero_Up2,Assets/Sprites/Characters/Overworld Characters/Chapter 1 Exclusive/Mardek/Mardek_Hero_Up2.png
082f4284222883343b5504f2174d4442,21300000,Princess_1,Assets/Sprites/Characters/Overworld Characters/Chapter 1 Exclusive/Princess_1.png
6ff9cd1b66e39394382d30c37b22e26f,21300000,Princess_2,Assets/Sprites/Characters/Overworld Characters/Chapter 1 Exclusive/Princess_2.png
a6aa403fc58a6ad41b3aa15d85e0823d,-1263520576,Deugan Soldier_0,Assets/Sprites/Characters/Overworld Characters/Chapter 2 Exclusive/Deugan Soldier.png
a6aa403fc58a6ad41b3aa15d85e0823d,1571462949,Deugan Soldier_1,Assets/Sprites/Characters/Overworld Characters/Chapter 2 Exclusive/Deugan Soldier.png
a6aa403fc58a6ad41b3aa15d85e0823d,307515890,Deugan Soldier_2,Assets/Sprites/Characters/Overworld Characters/Chapter 2 Exclusive/Deugan Soldier.png
a6aa403fc58a6ad41b3aa15d85e0823d,305057373,Deugan Soldier_3,Assets/Sprites/Characters/Overworld Characters/Chapter 2 Exclusive/Deugan Soldier.png
a6aa403fc58a6ad41b3aa15d85e0823d,1171236034,Deugan Soldier_4,Assets/Sprites/Characters/Overworld Characters/Chapter 2 Exclusive/Deugan Soldier.png
a6aa403fc58a6ad41b3aa15d85e0823d,490305347,Deugan Soldier_5,Assets/Sprites/Characters/Overworld Characters/Chapter 2 Exclusive/Deugan Soldier.png
a6aa403fc58a6ad41b3aa15d85e0823d,821624495,Deugan Soldier_6,Assets/Sprites/Characters/Overworld Characters/Chapter 2 Exclusive/Deugan Soldier.png
a6aa403fc58a6ad41b3aa15d85e0823d,1473932717,Deugan Soldier_7,Assets/Sprites/Characters/Overworld Characters/Chapter 2 Exclusive/Deugan Soldier.png
a6aa403fc58a6ad41b3aa15d85e0823d,-520234952,Deugan Soldier_8,Assets/Sprites/Characters/Overworld Characters/Chapter 2 Exclusive/Deugan Soldier.png
c75419466b69cfa449e8f04dc63f5357,-729442161,Emela Soldier_0,Assets/Sprites/Characters/Overworld Characters/Chapter 2 Exclusive/Emela Soldier.png
c75419466b69cfa449e8f04dc63f5357,-209862034,Emela Soldier_1,Assets/Sprites/Characters/Overworld Characters/Chapter 2 Exclusive/Emela Soldier.png
c75419466b69cfa449e8f04dc63f5357,1654410753,Emela Soldier_2,Assets/Sprites/Characters/Overworld Characters/Chapter 2 Exclusive/Emela Soldier.png
c75419466b69cfa449e8f04dc63f5357,-1336594446,Emela Soldier_3,Assets/Sprites/Characters/Overworld Characters/Chapter 2 Exclusive/Emela Soldier.png
c75419466b69cfa449e8f04dc63f5357,-708613959,Emela Soldier_4,Assets/Sprites/Characters/Overworld Characters/Chapter 2 Exclusive/Emela Soldier.png
c75419466b69cfa449e8f04dc63f5357,1612466974,Emela Soldier_5,Assets/Sprites/Characters/Overworld Characters/Chapter 2 Exclusive/Emela Soldier.png
c75419466b69cfa449e8f04dc63f5357,1736856641,Emela Soldier_6,Assets/Sprites/Characters/Overworld Characters/Chapter 2 Exclusive/Emela Soldier.png
c75419466b69cfa449e8f04dc63f5357,-2111540105,Emela Soldier_7,Assets/Sprites/Characters/Overworld Characters/Chapter 2 Exclusive/Emela Soldier.png
c75419466b69cfa449e8f04dc63f5357,-1182548763,Emela Soldier_8,Assets/Sprites/Characters/Overworld Characters/Chapter 2 Exclusive/Emela Soldier.png
c75419466b69cfa449e8f04dc63f5357,-173669994,Emela Soldier_9,Assets/Sprites/Characters/Overworld Characters/Chapter 2 Exclusive/Emela Soldier.png
c75419466b69cfa449e8f04dc63f5357,-1369026958,Emela Soldier_10,Assets/Sprites/Characters/Overworld Characters/Chapter 2 Exclusive/Emela Soldier.png
9fb715f469d39494cbed2fe3c29b0f39,-1754654033,Mardek Soldier_0,Assets/Sprites/Characters/Overworld Characters/Chapter 2 Exclusive/Mardek Soldier.png
9fb715f469d39494cbed2fe3c29b0f39,1576473005,Mardek Soldier_1,Assets/Sprites/Characters/Overworld Characters/Chapter 2 Exclusive/Mardek Soldier.png
9fb715f469d39494cbed2fe3c29b0f39,909215075,Mardek Soldier_2,Assets/Sprites/Characters/Overworld Characters/Chapter 2 Exclusive/Mardek Soldier.png
9fb715f469d39494cbed2fe3c29b0f39,-1246768929,Mardek Soldier_3,Assets/Sprites/Characters/Overworld Characters/Chapter 2 Exclusive/Mardek Soldier.png
9fb715f469d39494cbed2fe3c29b0f39,64290835,Mardek Soldier_4,Assets/Sprites/Characters/Overworld Characters/Chapter 2 Exclusive/Mardek Soldier.png
9fb715f469d39494cbed2fe3c29b0f39,-2085082822,Mardek Soldier_5,Assets/Sprites/Characters/Overworld Characters/Chapter 2 Exclusive/Mardek Soldier.png
9fb715f469d39494cbed2fe3c29b0f39,877243905,Mardek Soldier_6,Assets/Sprites/Characters/Overworld Characters/Chapter 2 Exclusive/Mardek Soldier.png
9fb715f469d39494cbed2fe3c29b0f39,-583167087,Mardek Soldier_7,Assets/Sprites/Characters/Overworld Characters/Chapter 2 Exclusive/Mardek Soldier.png
9fb715f469d39494cbed2fe3c29b0f39,-2040005260,Mardek Soldier_8,Assets/Sprites/Characters/Overworld Characters/Chapter 2 Exclusive/Mardek Soldier.png
9fb715f469d39494cbed2fe3c29b0f39,-366433299,Mardek Soldier_9,Assets/Sprites/Characters/Overworld Characters/Chapter 2 Exclusive/Mardek Soldier.png
9fb715f469d39494cbed2fe3c29b0f39,1497601133,Mardek Soldier_10,Assets/Sprites/Characters/Overworld Characters/Chapter 2 Exclusive/Mardek Soldier.png
e2634c2cff9713841a5cc7019b004e55,21300000,88_spritesheet_mardek_dream,Assets/Sprites/Characters/Overworld Characters/Chapter 3 Exclusive/88_spritesheet_mardek_dream.png
ab3b7ae55c29f5a48bada6445e043c78,21300000,90_spritesheet_mardek,Assets/Sprites/Characters/Overworld Characters/Chapter 3 Exclusive/90_spritesheet_mardek.png
3eb7f965598794341afee900ce0ccdd5,21300000,104_spritesheet_emela_guardian,Assets/Sprites/Characters/Overworld Characters/Chapter 3 Exclusive/104_spritesheet_emela_guardian.png
de682fd0c92bfc640bea702eafe40016,21300000,113_spritesheet_deugan_lw,Assets/Sprites/Characters/Overworld Characters/Chapter 3 Exclusive/113_spritesheet_deugan_lw.png
6c4066439adea8e4ea68707f6013ddf1,-1768133238,Vehrn_0,Assets/Sprites/Characters/Overworld Characters/Playable Common/Vehrn.png
6c4066439adea8e4ea68707f6013ddf1,-269124141,Vehrn_1,Assets/Sprites/Characters/Overworld Characters/Playable Common/Vehrn.png
6c4066439adea8e4ea68707f6013ddf1,146745069,Vehrn_2,Assets/Sprites/Characters/Overworld Characters/Playable Common/Vehrn.png
6c4066439adea8e4ea68707f6013ddf1,1046397366,Vehrn_3,Assets/Sprites/Characters/Overworld Characters/Playable Common/Vehrn.png
6c4066439adea8e4ea68707f6013ddf1,291631055,Vehrn_4,Assets/Sprites/Characters/Overworld Characters/Playable Common/Vehrn.png
6c4066439adea8e4ea68707f6013ddf1,-879429904,Vehrn_5,Assets/Sprites/Characters/Overworld Characters/Playable Common/Vehrn.png
6c4066439adea8e4ea68707f6013ddf1,-142859965,Vehrn_6,Assets/Sprites/Characters/Overworld Characters/Playable Common/Vehrn.png
6c4066439adea8e4ea68707f6013ddf1,179820590,Vehrn_7,Assets/Sprites/Characters/Overworld Characters/Playable Common/Vehrn.png
6c4066439adea8e4ea68707f6013ddf1,-1219177988,Vehrn_8,Assets/Sprites/Characters/Overworld Characters/Playable Common/Vehrn.png
ea170bb75778d88499d5cc5b36712c08,3286163911610860551,Anu_eye_angr_1589,Assets/Sprites/Characters/Portrait Parts/Annunaki/Anu_eye_angr_1589.svg
bf745c2ee41a8874b99ede44bca9f39c,3286163911610860551,Anu_eye_blah_deep_1588,Assets/Sprites/Characters/Portrait Parts/Annunaki/Anu_eye_blah_deep_1588.svg
57675e27ec7f1134c8a4b42a484d40e5,3286163911610860551,Anu_eye_blue_4,Assets/Sprites/Characters/Portrait Parts/Annunaki/Anu_eye_blue_4.svg
a0116db7cf9074146828b625a9becd69,3286163911610860551,Anu_eye_glare_1592,Assets/Sprites/Characters/Portrait Parts/Annunaki/Anu_eye_glare_1592.svg
8319e9bbf39f5ff4ab8ad30410a27e27,3286163911610860551,Anu_eye_green_6,Assets/Sprites/Characters/Portrait Parts/Annunaki/Anu_eye_green_6.svg
847055f3336ec4f49bf49366f4e4e0fc,3286163911610860551,Anu_eye_grin_1590,Assets/Sprites/Characters/Portrait Parts/Annunaki/Anu_eye_grin_1590.svg
abf2bf927ffbbad4aac5557eb9341484,3286163911610860551,Anu_eye_L_7,Assets/Sprites/Characters/Portrait Parts/Annunaki/Anu_eye_L_7.svg
9c31b5e6866aaf0478c7f0173bf1a7aa,3286163911610860551,Anu_eye_orange_2,Assets/Sprites/Characters/Portrait Parts/Annunaki/Anu_eye_orange_2.svg
baecead66c9c5b24eb0c69e0a3e7afab,3286163911610860551,Anu_eye_purple_1,Assets/Sprites/Characters/Portrait Parts/Annunaki/Anu_eye_purple_1.svg
044f407ec4fe64d429204706e979f52e,3286163911610860551,Anu_eye_red_5,Assets/Sprites/Characters/Portrait Parts/Annunaki/Anu_eye_red_5.svg
520e55afb6f5cd341ab8be5ee411b208,3286163911610860551,Anu_eye_susp_1591,Assets/Sprites/Characters/Portrait Parts/Annunaki/Anu_eye_susp_1591.svg
b1073a5d1881d3b4bb8e15745781504b,3286163911610860551,Anu_eye_yellow_3,Assets/Sprites/Characters/Portrait Parts/Annunaki/Anu_eye_yellow_3.svg
82f3538a5bb9fe345a501848383ff9c5,3286163911610860551,Anu_face_black_1,Assets/Sprites/Characters/Portrait Parts/Annunaki/Anu_face_black_1.svg
2ea770025a954d2459d7d66467644e6b,3286163911610860551,Anu_face_blue_21,Assets/Sprites/Characters/Portrait Parts/Annunaki/Anu_face_blue_21.svg
d9f9e0a992f63d14ba1bb86b7ca8c376,3286163911610860551,Anu_face_L_7,Assets/Sprites/Characters/Portrait Parts/Annunaki/Anu_face_L_7.svg
0486de14007c5b748a8ec001632f3c7f,3286163911610860551,Anu_face_orange_19,Assets/Sprites/Characters/Portrait Parts/Annunaki/Anu_face_orange_19.svg
9af3d3137b961a14c803a8ab84a50c04,3286163911610860551,Anu_face_purple_18,Assets/Sprites/Characters/Portrait Parts/Annunaki/Anu_face_purple_18.svg
544eb61dbc0210744a94ed6526da6082,3286163911610860551,Anu_face_red_22,Assets/Sprites/Characters/Portrait Parts/Annunaki/Anu_face_red_22.svg
792d6213a276212468adb05feec0d146,3286163911610860551,Anu_face_void_10,Assets/Sprites/Characters/Portrait Parts/Annunaki/Anu_face_void_10.svg
d9b5599d51ae91844be940d15d36a90c,3286163911610860551,Anu_face_white_plain_15,Assets/Sprites/Characters/Portrait Parts/Annunaki/Anu_face_white_plain_15.svg
3325dafb4b3f20544bfe0e89cf95fdec,3286163911610860551,Anu_face_yellow_20,Assets/Sprites/Characters/Portrait Parts/Annunaki/Anu_face_yellow_20.svg
14200110be705aa44bc04c27de385438,3286163911610860551,Anu_torso_black_1,Assets/Sprites/Characters/Portrait Parts/Annunaki/Anu_torso_black_1.svg
10ef52ed24c2cf448a31a5f5eb2bcf70,3286163911610860551,Anu_torso_blue_25,Assets/Sprites/Characters/Portrait Parts/Annunaki/Anu_torso_blue_25.svg
8f17aad63e2104748b20af1aa3ffa6d7,3286163911610860551,Anu_torso_L_7,Assets/Sprites/Characters/Portrait Parts/Annunaki/Anu_torso_L_7.svg
83cec35c7b845b9488cd41f0be692bec,3286163911610860551,Anu_torso_moric_beta_2,Assets/Sprites/Characters/Portrait Parts/Annunaki/Anu_torso_moric_beta_2.svg
085c398e3b7b44544b4f080c3d115a9d,3286163911610860551,Anu_torso_orange_23,Assets/Sprites/Characters/Portrait Parts/Annunaki/Anu_torso_orange_23.svg
6288aabf0c0999a458fd7821b913be1e,3286163911610860551,Anu_torso_Platemail_10,Assets/Sprites/Characters/Portrait Parts/Annunaki/Anu_torso_Platemail_10.svg
7b8644d6dbc73fb4ba495eef4a8b485d,3286163911610860551,Anu_torso_purple_22,Assets/Sprites/Characters/Portrait Parts/Annunaki/Anu_torso_purple_22.svg
8bbc167c5edc23748b07689ede393ec6,3286163911610860551,Anu_torso_qualna_beta_21,Assets/Sprites/Characters/Portrait Parts/Annunaki/Anu_torso_qualna_beta_21.svg
dd10fed777f47e14ca72c8de4887821a,3286163911610860551,Anu_torso_red_26,Assets/Sprites/Characters/Portrait Parts/Annunaki/Anu_torso_red_26.svg
a22b5da8965ef774bb8cd917e114027a,3286163911610860551,Anu_torso_yellow_24,Assets/Sprites/Characters/Portrait Parts/Annunaki/Anu_torso_yellow_24.svg
1701d625474a1b6488d9ae58ffbbf2d0,3286163911610860551,wlf_brow_ark_10,Assets/Sprites/Characters/Portrait Parts/Aruan/wlf_brow_ark_10.svg
0f9582b252ffa3f4ca3120d380368551,3286163911610860551,wlf_brow_solaar_1,Assets/Sprites/Characters/Portrait Parts/Aruan/wlf_brow_solaar_1.svg
217d7f93a0bc616498f87e85f627673b,3286163911610860551,wlf_brow_wolf_2,Assets/Sprites/Characters/Portrait Parts/Aruan/wlf_brow_wolf_2.svg
1c57dbeb350d7964a8f117f82e65c965,3286163911610860551,wlf_eye_green2_10,Assets/Sprites/Characters/Portrait Parts/Aruan/wlf_eye_green2_10.svg
7f40a0c42f8029748a8db2af5140a854,3286163911610860551,wlf_eye_green_9,Assets/Sprites/Characters/Portrait Parts/Aruan/wlf_eye_green_9.svg
1632e6e75258ced459af0a29be68b7b6,3286163911610860551,wlf_eye_mask_1686,Assets/Sprites/Characters/Portrait Parts/Aruan/wlf_eye_mask_1686.svg
c8f0ab81da56a3346b3af6b8f8cf998b,3286163911610860551,wlf_eye_outline_angr_left_1701,Assets/Sprites/Characters/Portrait Parts/Aruan/wlf_eye_outline_angr_left_1701.svg
0a7e27a0fb2ea894798b75d31a773f0f,3286163911610860551,wlf_eye_outline_angr_right_1702,Assets/Sprites/Characters/Portrait Parts/Aruan/wlf_eye_outline_angr_right_1702.svg
1bd2526efe5c2b049aa6f5fc85a9a7f8,3286163911610860551,wlf_eye_outline_deep_left_1699,Assets/Sprites/Characters/Portrait Parts/Aruan/wlf_eye_outline_deep_left_1699.svg
b80215d813d5d234894354c746fd748f,3286163911610860551,wlf_eye_outline_deep_right_1698,Assets/Sprites/Characters/Portrait Parts/Aruan/wlf_eye_outline_deep_right_1698.svg
ee9b695f52ad3214991e16e855900f99,3286163911610860551,wlf_eye_outline_grin_left_1705,Assets/Sprites/Characters/Portrait Parts/Aruan/wlf_eye_outline_grin_left_1705.svg
8f221d8b3409a0b4da887f80297e292b,3286163911610860551,wlf_eye_outline_grin_right_1706,Assets/Sprites/Characters/Portrait Parts/Aruan/wlf_eye_outline_grin_right_1706.svg
c5981fb55fbddff4497123faa145adbd,3286163911610860551,wlf_eye_outline_norm_left_1691,Assets/Sprites/Characters/Portrait Parts/Aruan/wlf_eye_outline_norm_left_1691.svg
1a009f3fefaac654da0d9d7334b04add,3286163911610860551,wlf_eye_outline_norm_right_1693,Assets/Sprites/Characters/Portrait Parts/Aruan/wlf_eye_outline_norm_right_1693.svg
a8f7f57bbd02b494db4cc803d5871339,3286163911610860551,wlf_eye_outline_shok_left_1703,Assets/Sprites/Characters/Portrait Parts/Aruan/wlf_eye_outline_shok_left_1703.svg
73f7e4d7a663790448bd0dbf902f6dd1,3286163911610860551,wlf_eye_outline_shok_right_1704,Assets/Sprites/Characters/Portrait Parts/Aruan/wlf_eye_outline_shok_right_1704.svg
890a06288a826634f9536a70e5e151f0,3286163911610860551,wlf_eye_solaar_1,Assets/Sprites/Characters/Portrait Parts/Aruan/wlf_eye_solaar_1.svg
89f05744a5fc02c478cd0cb5d7444dcd,3286163911610860551,wlf_eye_wolf_2,Assets/Sprites/Characters/Portrait Parts/Aruan/wlf_eye_wolf_2.svg
740b70337a825b248a5623764e2d3b88,3286163911610860551,wlf_face_11,Assets/Sprites/Characters/Portrait Parts/Aruan/wlf_face_11.svg
5851e097170d67a41a522c58379bd18f,3286163911610860551,wlf_face_12,Assets/Sprites/Characters/Portrait Parts/Aruan/wlf_face_12.svg
b0bd9f96ef7285d40995e5d31a4a484d,3286163911610860551,wlf_face_ark_10,Assets/Sprites/Characters/Portrait Parts/Aruan/wlf_face_ark_10.svg
3c2b5dc340a9a36459c5559942327518,3286163911610860551,wlf_face_solaar_1,Assets/Sprites/Characters/Portrait Parts/Aruan/wlf_face_solaar_1.svg
57b45c5ae4ea4aa4ca3e328b57698320,3286163911610860551,wlf_face_wolf_3,Assets/Sprites/Characters/Portrait Parts/Aruan/wlf_face_wolf_3.svg
54f9616dcb75ef7469311b8b36356280,3286163911610860551,wlf_mouth_2,Assets/Sprites/Characters/Portrait Parts/Aruan/wlf_mouth_2.svg
ab54facc639afd8499ca2fd10d40885f,3286163911610860551,wlf_mouth_10,Assets/Sprites/Characters/Portrait Parts/Aruan/wlf_mouth_10.svg
3f8be74533feac84d846a371603aa5fb,3286163911610860551,wlf_mouth_solaar_1,Assets/Sprites/Characters/Portrait Parts/Aruan/wlf_mouth_solaar_1.svg
01e3b55b55d17634ca1cfb6eaed1e614,3286163911610860551,wlf_torso_3,Assets/Sprites/Characters/Portrait Parts/Aruan/wlf_torso_3.svg
8864eb9f9207ede41a60e8ee7d31ad72,3286163911610860551,wlf_torso_ark_10,Assets/Sprites/Characters/Portrait Parts/Aruan/wlf_torso_ark_10.svg
f971696961071e044a3f63cbc9a910af,3286163911610860551,wlf_torso_solaar_1,Assets/Sprites/Characters/Portrait Parts/Aruan/wlf_torso_solaar_1.svg
1727d5d944c47d5498bbc9bcc4e31157,3286163911610860551,wlf_torso_wolf_2,Assets/Sprites/Characters/Portrait Parts/Aruan/wlf_torso_wolf_2.svg
f649c50e6d912584fa89ee711b1e983b,3286163911610860551,human_eye_9,Assets/Sprites/Characters/Portrait Parts/Human/human_eye_9.svg
2f2cfcd39db8758499e6459fb7a23c18,3286163911610860551,human_eye_black_6,Assets/Sprites/Characters/Portrait Parts/Human/human_eye_black_6.svg
0c9930e8ba2e951448ae51224fb708b3,3286163911610860551,human_eye_blue_1,Assets/Sprites/Characters/Portrait Parts/Human/human_eye_blue_1.svg
f19b45d2fb4f412419751ef592d11a7b,3286163911610860551,human_eye_bluegreen_5,Assets/Sprites/Characters/Portrait Parts/Human/human_eye_bluegreen_5.svg
4ee70bea8e40a864e9426a7b292b526a,3286163911610860551,human_eye_brown_2,Assets/Sprites/Characters/Portrait Parts/Human/human_eye_brown_2.svg
6018e5b1e5002dd4a8af0c677e88a845,3286163911610860551,human_eye_clave_16,Assets/Sprites/Characters/Portrait Parts/Human/human_eye_clave_16.svg
85e93a3a974f64d45835d41a435eac6e,3286163911610860551,human_eye_gold2_15,Assets/Sprites/Characters/Portrait Parts/Human/human_eye_gold2_15.svg
69e54f1b36313a448bbdfb1dd5260276,3286163911610860551,human_eye_gold_12,Assets/Sprites/Characters/Portrait Parts/Human/human_eye_gold_12.svg
766e844c0b3084e49aae88b83bdc8b4a,3286163911610860551,human_eye_green2_13,Assets/Sprites/Characters/Portrait Parts/Human/human_eye_green2_13.svg
43143fe752e9e9540a5c5d6435669ce4,3286163911610860551,human_eye_green_3,Assets/Sprites/Characters/Portrait Parts/Human/human_eye_green_3.svg
2336bfe8152c8ac4c90e8bc55a0f3323,3286163911610860551,human_eye_grey_4,Assets/Sprites/Characters/Portrait Parts/Human/human_eye_grey_4.svg
b7e3bc2cb1aab454db025ed94dfb32ab,3286163911610860551,human_eye_Neon_blue_8,Assets/Sprites/Characters/Portrait Parts/Human/human_eye_Neon_blue_8.svg
58a3ad6de8190d241a62043c37665457,3286163911610860551,human_eye_purelight_19,Assets/Sprites/Characters/Portrait Parts/Human/human_eye_purelight_19.svg
ab62e63dae3785a4996ce70849e64228,3286163911610860551,human_eye_purple_10,Assets/Sprites/Characters/Portrait Parts/Human/human_eye_purple_10.svg
d67067c8ee4a87c4382b0345547a7ef7,3286163911610860551,human_eye_qualna_21,Assets/Sprites/Characters/Portrait Parts/Human/human_eye_qualna_21.svg
7d3ff7355054a694da5a8cfc0052159d,3286163911610860551,human_eye_red_11,Assets/Sprites/Characters/Portrait Parts/Human/human_eye_red_11.svg
6c318a0f359cc1f4eafb9c98aa039cea,3286163911610860551,human_eye_solak_20,Assets/Sprites/Characters/Portrait Parts/Human/human_eye_solak_20.svg
d1606a9f6776bb34da358e37f9202304,3286163911610860551,human_eye_white_14,Assets/Sprites/Characters/Portrait Parts/Human/human_eye_white_14.svg
ce44c62665c55cd4cb6d7d7b187ac68f,3286163911610860551,human_eye_yalort_18,Assets/Sprites/Characters/Portrait Parts/Human/human_eye_yalort_18.svg
66298bfc80bfd7744a667af8133e987e,3286163911610860551,human_eyemask_1060,Assets/Sprites/Characters/Portrait Parts/Human/human_eyemask_1060.svg
8e071b14b49d75b4e814ed74820b2f37,3286163911610860551,human_neck_1,Assets/Sprites/Characters/Portrait Parts/Human/human_neck_1.svg
fa6dbf9d7dd5ea8479c049310e57ab45,3286163911610860551,human_neck_21,Assets/Sprites/Characters/Portrait Parts/Human/human_neck_21.svg
f8c5db2184a0fc74b860f5d79ae9d231,3286163911610860551,human_neck_30,Assets/Sprites/Characters/Portrait Parts/Human/human_neck_30.svg
ac64ae0359fc1e349918e5431ead1eb5,3286163911610860551,human_neck_arab_32,Assets/Sprites/Characters/Portrait Parts/Human/human_neck_arab_32.svg
9e31bb70d0e2d8b47a2e0c9c5c6456ac,3286163911610860551,human_neck_Bartholio_36,Assets/Sprites/Characters/Portrait Parts/Human/human_neck_Bartholio_36.svg
41c3bd44d115eb045982d6792b786fc9,3286163911610860551,human_neck_clave_44,Assets/Sprites/Characters/Portrait Parts/Human/human_neck_clave_44.svg
45f0d4e112601ba40a5efd610b366e39,3286163911610860551,human_neck_emela_26,Assets/Sprites/Characters/Portrait Parts/Human/human_neck_emela_26.svg
f9261f0e35a7b7e4bab861b5fddc1206,3286163911610860551,human_neck_gope_20,Assets/Sprites/Characters/Portrait Parts/Human/human_neck_gope_20.svg
6c563ed4a5ae5ee4499e11d275cedec5,3286163911610860551,human_neck_lonewolf_45,Assets/Sprites/Characters/Portrait Parts/Human/human_neck_lonewolf_45.svg
1366f5fc70e56b94a8aa65e61e462494,3286163911610860551,human_neck_manly2_35,Assets/Sprites/Characters/Portrait Parts/Human/human_neck_manly2_35.svg
6b103fde6d3f8a24499c7e48d66acf9d,3286163911610860551,human_neck_manly_zombie2_37,Assets/Sprites/Characters/Portrait Parts/Human/human_neck_manly_zombie2_37.svg
4072afb02f3d1434097cc700b913b985,3286163911610860551,human_neck_manly_zombie_38,Assets/Sprites/Characters/Portrait Parts/Human/human_neck_manly_zombie_38.svg
dd1bf7756ee2ebf4883e3c306592e26b,3286163911610860551,human_neck_mardek_25,Assets/Sprites/Characters/Portrait Parts/Human/human_neck_mardek_25.svg
10a588302e6459044b8aa319c3bf4dd8,3286163911610860551,human_neck_middleagedarab_40,Assets/Sprites/Characters/Portrait Parts/Human/human_neck_middleagedarab_40.svg
1f0910539c998d24ea8252e16b1e952a,3286163911610860551,human_neck_neegruh_33,Assets/Sprites/Characters/Portrait Parts/Human/human_neck_neegruh_33.svg
490c3a3f117aacc42b8803031134c202,3286163911610860551,human_neck_oldaged_arab_41,Assets/Sprites/Characters/Portrait Parts/Human/human_neck_oldaged_arab_41.svg
9efbdf9c75bd0ad46b18cae4cc6c0810,3286163911610860551,human_neck_saul_43,Assets/Sprites/Characters/Portrait Parts/Human/human_neck_saul_43.svg
80cb924215599c740907343ea819c617,3286163911610860551,human_neck_steele2_39,Assets/Sprites/Characters/Portrait Parts/Human/human_neck_steele2_39.svg
7f01bf20755d7074d97969f9381ddf82,3286163911610860551,human_neck_tchief_31,Assets/Sprites/Characters/Portrait Parts/Human/human_neck_tchief_31.svg
df83c2e8c8dc34a4db1d9612ab12bfb6,3286163911610860551,human_neck_vudu_42,Assets/Sprites/Characters/Portrait Parts/Human/human_neck_vudu_42.svg
70e0a4c5dc747c44d8d7e833d4a08d5e,3286163911610860551,human_neck_zombie_34,Assets/Sprites/Characters/Portrait Parts/Human/human_neck_zombie_34.svg
eb514faf69a3fad4894f88f7e7427e9e,3286163911610860551,child_eyelash_1529,Assets/Sprites/Characters/Portrait Parts/HumanChild/child_eyelash_1529.svg
cf8b31bfa9da0404dbf1bb129a830bc2,3286163911610860551,child_face_1,Assets/Sprites/Characters/Portrait Parts/HumanChild/child_face_1.svg
e4f6dab1031400042b64588dd333e3a3,3286163911610860551,child_face_3,Assets/Sprites/Characters/Portrait Parts/HumanChild/child_face_3.svg
e984be2b3964115489fb74b5ab3dc0af,3286163911610860551,child_face_7,Assets/Sprites/Characters/Portrait Parts/HumanChild/child_face_7.svg
a2f135049eb42ff45849262a79163f5c,3286163911610860551,child_face_deugan_2,Assets/Sprites/Characters/Portrait Parts/HumanChild/child_face_deugan_2.svg
41c22ed2fbf0c1049817960ea715286f,3286163911610860551,child_face_mugbert_4,Assets/Sprites/Characters/Portrait Parts/HumanChild/child_face_mugbert_4.svg
2d2e1eac27dfcc545860335b0712361d,3286163911610860551,child_hair_1,Assets/Sprites/Characters/Portrait Parts/HumanChild/child_hair_1.svg
80360fdec2f433944b063960eb3d4a5f,3286163911610860551,child_hair_3,Assets/Sprites/Characters/Portrait Parts/HumanChild/child_hair_3.svg
1dcb66e822e5166499ca604c2ab87045,3286163911610860551,child_hair_9,Assets/Sprites/Characters/Portrait Parts/HumanChild/child_hair_9.svg
c17cf8fc333c18d428f7f2f188e36b0a,3286163911610860551,child_hair_deugan_2,Assets/Sprites/Characters/Portrait Parts/HumanChild/child_hair_deugan_2.svg
ea53685f6b638c945bcc41ff232be7eb,3286163911610860551,child_hair_mugbert_4,Assets/Sprites/Characters/Portrait Parts/HumanChild/child_hair_mugbert_4.svg
1f6dd9f87628c4d45990d65fa9097e3d,3286163911610860551,huF_brow_1,Assets/Sprites/Characters/Portrait Parts/HumanF/huF_brow_1.svg
1fe8dd0ac3ecba444be1bb8c4d4a1cbd,3286163911610860551,huF_brow_2,Assets/Sprites/Characters/Portrait Parts/HumanF/huF_brow_2.svg
cad779c7ac0c6364e8920706fe065639,3286163911610860551,huF_brow_4,Assets/Sprites/Characters/Portrait Parts/HumanF/huF_brow_4.svg
b435819f37da5b149a331191f99b6628,3286163911610860551,huF_brow_5,Assets/Sprites/Characters/Portrait Parts/HumanF/huF_brow_5.svg
d93f11ad47cc7224ab41f23852ee4a5e,3286163911610860551,huF_brow_6,Assets/Sprites/Characters/Portrait Parts/HumanF/huF_brow_6.svg
0ca1b234615368445a5d8abbd854be0f,3286163911610860551,huF_brow_7,Assets/Sprites/Characters/Portrait Parts/HumanF/huF_brow_7.svg
c91b9425fcec9c44195b1c166c449ae7,3286163911610860551,huF_brow_8,Assets/Sprites/Characters/Portrait Parts/HumanF/huF_brow_8.svg
c13a163889ad3e74bbd65f8d4e63a7ce,3286163911610860551,huF_brow_9,Assets/Sprites/Characters/Portrait Parts/HumanF/huF_brow_9.svg
5b21b2333916dcc4ca26a80e67701bdd,3286163911610860551,huF_brow_10,Assets/Sprites/Characters/Portrait Parts/HumanF/huF_brow_10.svg
27b91a1dc4d618f4ab2e0f69e24e2696,3286163911610860551,huF_brow_30,Assets/Sprites/Characters/Portrait Parts/HumanF/huF_brow_30.svg
f0f1c00ae3c1e3b479dd88851546f51c,3286163911610860551,huF_brow_aurelia_21,Assets/Sprites/Characters/Portrait Parts/HumanF/huF_brow_aurelia_21.svg
78d39f6c15d80fa43982567f8368119f,3286163911610860551,huF_brow_black_38,Assets/Sprites/Characters/Portrait Parts/HumanF/huF_brow_black_38.svg
f898bca99bd8bfc4296e3604d7b2e425,3286163911610860551,huF_brow_blonde_37,Assets/Sprites/Characters/Portrait Parts/HumanF/huF_brow_blonde_37.svg
8b6ff61ef91a9f94a90bcf05d473fc34,3286163911610860551,huF_brow_blue_42,Assets/Sprites/Characters/Portrait Parts/HumanF/huF_brow_blue_42.svg
e508c489aef46dd4a9196bf178bae0ba,3286163911610860551,huF_brow_brown_35,Assets/Sprites/Characters/Portrait Parts/HumanF/huF_brow_brown_35.svg
8d260945fe420f64bad76902a25512c7,3286163911610860551,huF_brow_emela_41,Assets/Sprites/Characters/Portrait Parts/HumanF/huF_brow_emela_41.svg
a7aa579a76b280e4480693e0eb9beaa8,3286163911610860551,huF_brow_grey_40,Assets/Sprites/Characters/Portrait Parts/HumanF/huF_brow_grey_40.svg
799e9fb5c9893644e9478098aff10d33,3286163911610860551,huF_brow_kerah_20,Assets/Sprites/Characters/Portrait Parts/HumanF/huF_brow_kerah_20.svg
97a23174c4a49cd4296f3d3f3881c666,3286163911610860551,huF_brow_lilanea_24,Assets/Sprites/Characters/Portrait Parts/HumanF/huF_brow_lilanea_24.svg
0433a4083641f304888207291d2e5442,3286163911610860551,huF_brow_mousy_36,Assets/Sprites/Characters/Portrait Parts/HumanF/huF_brow_mousy_36.svg
ec86f03f8db6845469279cf3a036456c,3286163911610860551,huF_brow_old1_22,Assets/Sprites/Characters/Portrait Parts/HumanF/huF_brow_old1_22.svg
7c426a209775c7849a897c9f2d982519,3286163911610860551,huF_brow_orange_43,Assets/Sprites/Characters/Portrait Parts/HumanF/huF_brow_orange_43.svg
1e0e370be050e354d93b02d3cf7845c9,3286163911610860551,huF_brow_princess_23,Assets/Sprites/Characters/Portrait Parts/HumanF/huF_brow_princess_23.svg
da246a46208973b438f3e2472b6fa0e2,3286163911610860551,huF_brow_white_39,Assets/Sprites/Characters/Portrait Parts/HumanF/huF_brow_white_39.svg
876f176e9047ffd4c9b7aa4fb8398dfd,3286163911610860551,huF_browshadow_1286,Assets/Sprites/Characters/Portrait Parts/HumanF/huF_browshadow_1286.svg
f285ef70bd8e3314d813c188ec775ecb,3286163911610860551,huF_face_1,Assets/Sprites/Characters/Portrait Parts/HumanF/huF_face_1.svg
1286049a5dd761f4db740a0d483e11a6,3286163911610860551,huF_face_20,Assets/Sprites/Characters/Portrait Parts/HumanF/huF_face_20.svg
b2fdf72592e9ddd42978c4723afca5a7,3286163911610860551,huF_face_aalia_26,Assets/Sprites/Characters/Portrait Parts/HumanF/huF_face_aalia_26.svg
61281a8cb74a3bc458f9d5380cbd739d,3286163911610860551,huF_face_arab_39,Assets/Sprites/Characters/Portrait Parts/HumanF/huF_face_arab_39.svg
66857829789713f45968ad39b0be38a1,3286163911610860551,huF_face_emela_30,Assets/Sprites/Characters/Portrait Parts/HumanF/huF_face_emela_30.svg
cc606a90c7f1ca944bb926a60123d1cd,3286163911610860551,huF_face_fat_37,Assets/Sprites/Characters/Portrait Parts/HumanF/huF_face_fat_37.svg
6b3c8f2312e283442905bab6028c33c9,3286163911610860551,huF_face_middleaged_34,Assets/Sprites/Characters/Portrait Parts/HumanF/huF_face_middleaged_34.svg
61378585ed1e7f84ea44d0b2619cc0b3,3286163911610860551,huF_face_old1_27,Assets/Sprites/Characters/Portrait Parts/HumanF/huF_face_old1_27.svg
6ae11cfa998236046a5cb2beddf37fb3,3286163911610860551,huF_face_oldaged_36,Assets/Sprites/Characters/Portrait Parts/HumanF/huF_face_oldaged_36.svg
f246f24576618db4e9007f507cd8dc13,3286163911610860551,huF_face_princess_28,Assets/Sprites/Characters/Portrait Parts/HumanF/huF_face_princess_28.svg
d980c5ba29f9e0844bfeb66a48abc70e,3286163911610860551,huF_face_smallnose_32,Assets/Sprites/Characters/Portrait Parts/HumanF/huF_face_smallnose_32.svg
a09e7d027230c7344a541ed13ac77c6c,3286163911610860551,huF_face_zombie_38,Assets/Sprites/Characters/Portrait Parts/HumanF/huF_face_zombie_38.svg
e7274a5d81ac2f144b48b216e4df418c,3286163911610860551,huF_hair_1,Assets/Sprites/Characters/Portrait Parts/HumanF/huF_hair_1.svg
1fd8d56e049f8e744a89574d94b124fe,3286163911610860551,huF_hair_1A_123,Assets/Sprites/Characters/Portrait Parts/HumanF/huF_hair_1A_123.svg
df7b41c0a50d83140829e6c21389063c,3286163911610860551,huF_hair_2,Assets/Sprites/Characters/Portrait Parts/HumanF/huF_hair_2.svg
08b77973361dd38448e5513c1f679fd8,3286163911610860551,huF_hair_3,Assets/Sprites/Characters/Portrait Parts/HumanF/huF_hair_3.svg
50f1b57f26b42ec4c9e5bbb824c8fddd,3286163911610860551,huF_hair_4,Assets/Sprites/Characters/Portrait Parts/HumanF/huF_hair_4.svg
03c65f1b7995c5545b30d9681cc262d2,3286163911610860551,huF_hair_5,Assets/Sprites/Characters/Portrait Parts/HumanF/huF_hair_5.svg
446d7208f35dcee4f86fbf31e8162c2d,3286163911610860551,huF_hair_6,Assets/Sprites/Characters/Portrait Parts/HumanF/huF_hair_6.svg
82f722250aca93744a719a894068639a,3286163911610860551,huF_hair_7,Assets/Sprites/Characters/Portrait Parts/HumanF/huF_hair_7.svg
a59e6dcaea2d7454b8e109aee9a7f8cd,3286163911610860551,huF_hair_8,Assets/Sprites/Characters/Portrait Parts/HumanF/huF_hair_8.svg
f7c0f78cbff5c1c4abf8466eee6c863a,3286163911610860551,huF_hair_9,Assets/Sprites/Characters/Portrait Parts/HumanF/huF_hair_9.svg
467a37d2760fe3342856806c5fae36ea,3286163911610860551,huF_hair_10,Assets/Sprites/Characters/Portrait Parts/HumanF/huF_hair_10.svg
47537f2813c43c646b0c896109fc23be,3286163911610860551,huF_hair_11,Assets/Sprites/Characters/Portrait Parts/HumanF/huF_hair_11.svg
f0ccb4d67ba9dc142ae9c2acadc4e2f7,3286163911610860551,huF_hair_12,Assets/Sprites/Characters/Portrait Parts/HumanF/huF_hair_12.svg
528186edce01ff74fbe14de1d0bdb0ce,3286163911610860551,huF_hair_13,Assets/Sprites/Characters/Portrait Parts/HumanF/huF_hair_13.svg
c1bd35bb745bf3342a1a5850cddd0746,3286163911610860551,huF_hair_14,Assets/Sprites/Characters/Portrait Parts/HumanF/huF_hair_14.svg
b0c47afd78122ec41a385abde91b4314,3286163911610860551,huF_hair_15,Assets/Sprites/Characters/Portrait Parts/HumanF/huF_hair_15.svg
cfbaa2bc2c93a8f41b96cb03babe8b50,3286163911610860551,huF_hair_20,Assets/Sprites/Characters/Portrait Parts/HumanF/huF_hair_20.svg
f9dd2a4d935a3b24fa018aa5df36d0b4,3286163911610860551,huF_hair_21,Assets/Sprites/Characters/Portrait Parts/HumanF/huF_hair_21.svg
974b77def4982914892fa69259739d00,3286163911610860551,huF_hair_23,Assets/Sprites/Characters/Portrait Parts/HumanF/huF_hair_23.svg
c0db14bbb104397499993814df15fec7,3286163911610860551,huF_hair_30,Assets/Sprites/Characters/Portrait Parts/HumanF/huF_hair_30.svg
989121bf280b0d749951644b6bce91e7,3286163911610860551,huF_hair_68,Assets/Sprites/Characters/Portrait Parts/HumanF/huF_hair_68.svg
eba131d4cd1a5854891313cc43d866b5,3286163911610860551,huF_hair_69,Assets/Sprites/Characters/Portrait Parts/HumanF/huF_hair_69.svg
e7ca41d1f2418ab4d9b92834046cd72e,3286163911610860551,huF_hair_70,Assets/Sprites/Characters/Portrait Parts/HumanF/huF_hair_70.svg
3eefebe4cbf4b2749abbba72d153e92a,3286163911610860551,huF_hair_71,Assets/Sprites/Characters/Portrait Parts/HumanF/huF_hair_71.svg
eeae38b1f6f14e3439a3fb40ced6622c,3286163911610860551,huF_hair_72,Assets/Sprites/Characters/Portrait Parts/HumanF/huF_hair_72.svg
e1b82d10c8dd254499467162de065eb5,3286163911610860551,huF_hair_73,Assets/Sprites/Characters/Portrait Parts/HumanF/huF_hair_73.svg
36ab2dc8b6d517949a74351b0c6cb507,3286163911610860551,huF_hair_74,Assets/Sprites/Characters/Portrait Parts/HumanF/huF_hair_74.svg
6ce630f8a9d92014abb761d2cddf8489,3286163911610860551,huF_hair_75,Assets/Sprites/Characters/Portrait Parts/HumanF/huF_hair_75.svg
70b72474bb6c1fb4280948a951a71817,3286163911610860551,huF_hair_76,Assets/Sprites/Characters/Portrait Parts/HumanF/huF_hair_76.svg
aa8d046d2a0449c43bca37843bc20c33,3286163911610860551,huF_hair_77,Assets/Sprites/Characters/Portrait Parts/HumanF/huF_hair_77.svg
f15507f7be989ec48ac3c04006c0d433,3286163911610860551,huF_hair_78,Assets/Sprites/Characters/Portrait Parts/HumanF/huF_hair_78.svg
35e92fed655c02a49be3feda31e1da59,3286163911610860551,huF_hair_79,Assets/Sprites/Characters/Portrait Parts/HumanF/huF_hair_79.svg
1bcf42807f5e2a949bff55ba1d334137,3286163911610860551,huF_hair_80,Assets/Sprites/Characters/Portrait Parts/HumanF/huF_hair_80.svg
adae2ac7f3127964f81432fb3a608c08,3286163911610860551,huF_hair_81,Assets/Sprites/Characters/Portrait Parts/HumanF/huF_hair_81.svg
c084727b27c7760409cd81a5dc8a624b,3286163911610860551,huF_hair_82,Assets/Sprites/Characters/Portrait Parts/HumanF/huF_hair_82.svg
5cf6723fab8684f48853a6571cb83d58,3286163911610860551,huF_hair_83,Assets/Sprites/Characters/Portrait Parts/HumanF/huF_hair_83.svg
5afaf2992d8005846a0326281ffd624f,3286163911610860551,huF_hair_84,Assets/Sprites/Characters/Portrait Parts/HumanF/huF_hair_84.svg
015cf99c1958ec945a0be0e525adcaac,3286163911610860551,huF_hair_85,Assets/Sprites/Characters/Portrait Parts/HumanF/huF_hair_85.svg
c78e8563300e58f449d2cb77eb226c56,3286163911610860551,huF_hair_86,Assets/Sprites/Characters/Portrait Parts/HumanF/huF_hair_86.svg
71b79a3093c373f4c8a69693ab89f1a3,3286163911610860551,huF_hair_87,Assets/Sprites/Characters/Portrait Parts/HumanF/huF_hair_87.svg
8f4e6849cc3230c4d816307d0ce085f0,3286163911610860551,huF_hair_88,Assets/Sprites/Characters/Portrait Parts/HumanF/huF_hair_88.svg
8765727b6242d584281638f7c4cbfe46,3286163911610860551,huF_hair_89,Assets/Sprites/Characters/Portrait Parts/HumanF/huF_hair_89.svg
1a2d229a8149e6f41a36253322cfdbbe,3286163911610860551,huF_hair_90,Assets/Sprites/Characters/Portrait Parts/HumanF/huF_hair_90.svg
55e24808de0ac5f40ac7297a0260a646,3286163911610860551,huF_hair_91,Assets/Sprites/Characters/Portrait Parts/HumanF/huF_hair_91.svg
8567f550bbea75747b1b9840e8c0536a,3286163911610860551,huF_hair_92,Assets/Sprites/Characters/Portrait Parts/HumanF/huF_hair_92.svg
b745778a5532fa944a1591e534462bdf,3286163911610860551,huF_hair_93,Assets/Sprites/Characters/Portrait Parts/HumanF/huF_hair_93.svg
4c0afbce822add645af0c59f80808004,3286163911610860551,huF_hair_94,Assets/Sprites/Characters/Portrait Parts/HumanF/huF_hair_94.svg
37c7cb4de4b38844a9a5dea5b799b9f9,3286163911610860551,huF_hair_95,Assets/Sprites/Characters/Portrait Parts/HumanF/huF_hair_95.svg
6558e07646040944b9d8755e64dac9af,3286163911610860551,huF_hair_96,Assets/Sprites/Characters/Portrait Parts/HumanF/huF_hair_96.svg
1323e1a0d5799234fad6c93bc8fb5221,3286163911610860551,huF_hair_97,Assets/Sprites/Characters/Portrait Parts/HumanF/huF_hair_97.svg
4db3c47280eb70640af60ff3feb2a595,3286163911610860551,huF_hair_98,Assets/Sprites/Characters/Portrait Parts/HumanF/huF_hair_98.svg
65089e6be3579d94291e21543222f897,3286163911610860551,huF_hair_99,Assets/Sprites/Characters/Portrait Parts/HumanF/huF_hair_99.svg
bbfc5884215d5b646bc067674a0dcc78,3286163911610860551,huF_hair_100,Assets/Sprites/Characters/Portrait Parts/HumanF/huF_hair_100.svg
d4947da6db700c44782a7b561c6e1110,3286163911610860551,huF_hair_101,Assets/Sprites/Characters/Portrait Parts/HumanF/huF_hair_101.svg
6f8179d08df8bb0419662f2dca39b4ee,3286163911610860551,huF_hair_102,Assets/Sprites/Characters/Portrait Parts/HumanF/huF_hair_102.svg
81bb164142f94ff4685590f3d28b01d7,3286163911610860551,huF_hair_103,Assets/Sprites/Characters/Portrait Parts/HumanF/huF_hair_103.svg
4e401e9bbc01b6f44870cecd6457bc45,3286163911610860551,huF_hair_104,Assets/Sprites/Characters/Portrait Parts/HumanF/huF_hair_104.svg
4c9256784b7523d47910fe7f0a5abd36,3286163911610860551,huF_hair_105,Assets/Sprites/Characters/Portrait Parts/HumanF/huF_hair_105.svg
0d690e6ecc842f74cbf825714c6adc13,3286163911610860551,huF_hair_106,Assets/Sprites/Characters/Portrait Parts/HumanF/huF_hair_106.svg
c51104acac539984a9e9690190d81cab,3286163911610860551,huF_hair_107,Assets/Sprites/Characters/Portrait Parts/HumanF/huF_hair_107.svg
0163ce3af2eb2e741a61dc3fef32c134,3286163911610860551,huF_hair_108,Assets/Sprites/Characters/Portrait Parts/HumanF/huF_hair_108.svg
52442bd3857a07f4cb308be487e4ddac,3286163911610860551,huF_hair_109,Assets/Sprites/Characters/Portrait Parts/HumanF/huF_hair_109.svg
96c92adf581f7d547866219e7eb5eed0,3286163911610860551,huF_hair_110,Assets/Sprites/Characters/Portrait Parts/HumanF/huF_hair_110.svg
a378bca3ed6dd164f88bca9d9d84a4a1,3286163911610860551,huF_hair_111,Assets/Sprites/Characters/Portrait Parts/HumanF/huF_hair_111.svg
b9530c9a8b099854db41580c083eba7f,3286163911610860551,huF_hair_112,Assets/Sprites/Characters/Portrait Parts/HumanF/huF_hair_112.svg
d1b7d355f459f29418b1d7ace0eab8bd,3286163911610860551,huF_hair_113,Assets/Sprites/Characters/Portrait Parts/HumanF/huF_hair_113.svg
7f2ec08c953309f4c93716f600b8b9d7,3286163911610860551,huF_hair_114,Assets/Sprites/Characters/Portrait Parts/HumanF/huF_hair_114.svg
e0c1b3f99bcf7924fae8211705b7c65d,3286163911610860551,huF_hair_115,Assets/Sprites/Characters/Portrait Parts/HumanF/huF_hair_115.svg
9079a58f2dd61db47ba3d3a4dc262c72,3286163911610860551,huF_hair_117,Assets/Sprites/Characters/Portrait Parts/HumanF/huF_hair_117.svg
bf16eab647e681a478f674c77769909b,3286163911610860551,huF_hair_118,Assets/Sprites/Characters/Portrait Parts/HumanF/huF_hair_118.svg
2a0fe47654ce3994aadf4ed5852e0000,3286163911610860551,huF_hair_119,Assets/Sprites/Characters/Portrait Parts/HumanF/huF_hair_119.svg
74535df273385ef4db574d281c1055d6,3286163911610860551,huF_hair_121,Assets/Sprites/Characters/Portrait Parts/HumanF/huF_hair_121.svg
90811d9c4099ff241b8d5800b58164d3,3286163911610860551,huF_hair_122,Assets/Sprites/Characters/Portrait Parts/HumanF/huF_hair_122.svg
05add80345d44b94390ff195c33dea2e,3286163911610860551,huF_hair_aalia_45,Assets/Sprites/Characters/Portrait Parts/HumanF/huF_hair_aalia_45.svg
b9f392f4d10476e49a6e32ef402f4bed,3286163911610860551,huF_hair_aalia_actor_48,Assets/Sprites/Characters/Portrait Parts/HumanF/huF_hair_aalia_actor_48.svg
e04479d24da34d54ea31ab4d38700e9e,3286163911610860551,huF_hair_arabf1_32,Assets/Sprites/Characters/Portrait Parts/HumanF/huF_hair_arabf1_32.svg
60f4cc689dc4aca4ba2e4d391a06b445,3286163911610860551,huF_hair_arabf2_33,Assets/Sprites/Characters/Portrait Parts/HumanF/huF_hair_arabf2_33.svg
09919ed992a6afc4ab241d3f4e4f8941,3286163911610860551,huF_hair_aurelia_22,Assets/Sprites/Characters/Portrait Parts/HumanF/huF_hair_aurelia_22.svg
1d907151db3df1c4c8a1e1ff46274aaa,3286163911610860551,huF_hair_elwyen2_46,Assets/Sprites/Characters/Portrait Parts/HumanF/huF_hair_elwyen2_46.svg
0d0a7331cffde7e438928b3fe98777fb,3286163911610860551,huF_hair_elwyen_44,Assets/Sprites/Characters/Portrait Parts/HumanF/huF_hair_elwyen_44.svg
8d7f805890c18a64eb355532ae62d0d1,3286163911610860551,huF_hair_emela_42,Assets/Sprites/Characters/Portrait Parts/HumanF/huF_hair_emela_42.svg
32670642a3e2f8b49a2f1470ab2ce6a1,3286163911610860551,huF_hair_emelaG_47,Assets/Sprites/Characters/Portrait Parts/HumanF/huF_hair_emelaG_47.svg
b1c22738b90c7e044aff06b0900692b4,3286163911610860551,huF_hair_gloria_49,Assets/Sprites/Characters/Portrait Parts/HumanF/huF_hair_gloria_49.svg
4cdf0946933952a4b87f3a753326ce37,3286163911610860551,huF_hair_Kerah_19,Assets/Sprites/Characters/Portrait Parts/HumanF/huF_hair_Kerah_19.svg
60fe44003fb836d4daa5e967d6ab0256,3286163911610860551,huF_hair_lilanea_26,Assets/Sprites/Characters/Portrait Parts/HumanF/huF_hair_lilanea_26.svg
94b706a9940b07546bbefe62836a8a17,3286163911610860551,huF_hair_luft_31,Assets/Sprites/Characters/Portrait Parts/HumanF/huF_hair_luft_31.svg
e7478625d7b28ce42a69d7d57d36994c,3286163911610860551,huF_hair_old1_24,Assets/Sprites/Characters/Portrait Parts/HumanF/huF_hair_old1_24.svg
5c4a3506687ff3148950b59a285d00d9,3286163911610860551,huF_hair_old_27,Assets/Sprites/Characters/Portrait Parts/HumanF/huF_hair_old_27.svg
20f4fefca50e24744a6845b2ce97ddf8,3286163911610860551,huF_hair_polly_28,Assets/Sprites/Characters/Portrait Parts/HumanF/huF_hair_polly_28.svg
2cbd40fff86cc674fa082e700cf44528,3286163911610860551,huF_hair_priestess_35,Assets/Sprites/Characters/Portrait Parts/HumanF/huF_hair_priestess_35.svg
9d697205c27970b4096da5d362c26f49,3286163911610860551,huF_hair_princess_25,Assets/Sprites/Characters/Portrait Parts/HumanF/huF_hair_princess_25.svg
f981e8981b26ba747bea19242a855c9b,3286163911610860551,huF_hair_shaman2_29,Assets/Sprites/Characters/Portrait Parts/HumanF/huF_hair_shaman2_29.svg
81389f10b5fc7c049a35a996208af5c5,3286163911610860551,huF_hair_shaman3_34,Assets/Sprites/Characters/Portrait Parts/HumanF/huF_hair_shaman3_34.svg
46e80a51441bb854f876d4b06655cbc0,3286163911610860551,huF_hair_sharla_43,Assets/Sprites/Characters/Portrait Parts/HumanF/huF_hair_sharla_43.svg
0c24e43cbc7aa064b9722d22666f8f95,3286163911610860551,huF_hair_witch_36,Assets/Sprites/Characters/Portrait Parts/HumanF/huF_hair_witch_36.svg
a89ded82fadd41d43a678a9b7baf0270,3286163911610860551,huF_hat_CaptainsHat_6,Assets/Sprites/Characters/Portrait Parts/HumanF/huF_hat_CaptainsHat_6.svg
ecb15d5617286124287c52cbe3045f75,3286163911610860551,huF_hat_Hat_2,Assets/Sprites/Characters/Portrait Parts/HumanF/huF_hat_Hat_2.svg
38db22885139fb7459b9b40cafeaa636,3286163911610860551,huF_hat_leatherHelm_4,Assets/Sprites/Characters/Portrait Parts/HumanF/huF_hat_leatherHelm_4.svg
6a83ecf0cca842445871ef4745ee8215,3286163911610860551,huF_hat_MpriestHat_7,Assets/Sprites/Characters/Portrait Parts/HumanF/huF_hat_MpriestHat_7.svg
65d1bd22d030ff54da2c3d6ee4f539b1,3286163911610860551,huF_hat_NinjaCowl_5,Assets/Sprites/Characters/Portrait Parts/HumanF/huF_hat_NinjaCowl_5.svg
c23fee2ccb5a9b74398663066996fcae,3286163911610860551,huF_hat_none_1,Assets/Sprites/Characters/Portrait Parts/HumanF/huF_hat_none_1.svg
d1c1efc59c839cf488e19b3cbfe72b0a,3286163911610860551,huF_hat_steelhelm_3,Assets/Sprites/Characters/Portrait Parts/HumanF/huF_hat_steelhelm_3.svg
1df4c7be7b2147d46a6cd1632cbedbb5,3286163911610860551,huF_mouth_2,Assets/Sprites/Characters/Portrait Parts/HumanF/huF_mouth_2.svg
527c850382a9b2e498fca56e2f20023e,3286163911610860551,huF_mouth_3,Assets/Sprites/Characters/Portrait Parts/HumanF/huF_mouth_3.svg
2422a28feb13db4419506d6ddb96a6be,3286163911610860551,huF_mouth_4,Assets/Sprites/Characters/Portrait Parts/HumanF/huF_mouth_4.svg
895217d00849f8a498dac17e07b46dd5,3286163911610860551,huF_mouth_5,Assets/Sprites/Characters/Portrait Parts/HumanF/huF_mouth_5.svg
b63ce0653644d2141963ef2a43c4065b,3286163911610860551,huF_mouth_6,Assets/Sprites/Characters/Portrait Parts/HumanF/huF_mouth_6.svg
ef1a942cb9b2f8b49a3b9927ad445d24,3286163911610860551,huF_mouth_7,Assets/Sprites/Characters/Portrait Parts/HumanF/huF_mouth_7.svg
5a82b51156d37ff48987ca1bbae6352b,3286163911610860551,huF_mouth_30,Assets/Sprites/Characters/Portrait Parts/HumanF/huF_mouth_30.svg
224c96db854e588478b432901b2ceed7,3286163911610860551,huF_mouth_31,Assets/Sprites/Characters/Portrait Parts/HumanF/huF_mouth_31.svg
7ad35b181cbad794cab489afacade5b4,3286163911610860551,huF_mouth_32,Assets/Sprites/Characters/Portrait Parts/HumanF/huF_mouth_32.svg
c4d21b97a714a0b459e359efbf0f4d8a,3286163911610860551,huF_mouth_angr_12,Assets/Sprites/Characters/Portrait Parts/HumanF/huF_mouth_angr_12.svg
aadd4407fe896eb4db3057d14c6e451d,3286163911610860551,huF_mouth_blah_13,Assets/Sprites/Characters/Portrait Parts/HumanF/huF_mouth_blah_13.svg
a31c78a462da31d45b3aac42247ebb0d,3286163911610860551,huF_mouth_cdgr_25,Assets/Sprites/Characters/Portrait Parts/HumanF/huF_mouth_cdgr_25.svg
226b8740224746349b56dc53d539b76a,3286163911610860551,huF_mouth_deep_15,Assets/Sprites/Characters/Portrait Parts/HumanF/huF_mouth_deep_15.svg
acc746f985ac676498706cd500824c9d,3286163911610860551,huF_mouth_egrn_28,Assets/Sprites/Characters/Portrait Parts/HumanF/huF_mouth_egrn_28.svg
6bc44cb8aa75f5d49aeb8a9874e1eed3,3286163911610860551,huF_mouth_embr_24,Assets/Sprites/Characters/Portrait Parts/HumanF/huF_mouth_embr_24.svg
d5adf0a1242fcca4c88badd49207080f,3286163911610860551,huF_mouth_evil1_22,Assets/Sprites/Characters/Portrait Parts/HumanF/huF_mouth_evil1_22.svg
7b88b0c36654f9143935682f1e86d13a,3286163911610860551,huF_mouth_evil_23,Assets/Sprites/Characters/Portrait Parts/HumanF/huF_mouth_evil_23.svg
2eec35c541ed9d44bb3b5ecef6e51e2b,3286163911610860551,huF_mouth_grin_11,Assets/Sprites/Characters/Portrait Parts/HumanF/huF_mouth_grin_11.svg
2ec1a2ff32999cb4cbf869e95d3c118c,3286163911610860551,huF_mouth_hurt_14,Assets/Sprites/Characters/Portrait Parts/HumanF/huF_mouth_hurt_14.svg
a2a4080ea4a133b4dbfdb3a7ab1bdcc2,3286163911610860551,huF_mouth_mad_17,Assets/Sprites/Characters/Portrait Parts/HumanF/huF_mouth_mad_17.svg
c95086c91373fc44690b98b15079c06f,3286163911610860551,huF_mouth_norm_1,Assets/Sprites/Characters/Portrait Parts/HumanF/huF_mouth_norm_1.svg
d80c93d711f5d4941a47d5605624c1c1,3286163911610860551,huF_mouth_o_O2_33,Assets/Sprites/Characters/Portrait Parts/HumanF/huF_mouth_o_O2_33.svg
e6b72661d9f934e4a91cf9dc1c6c8061,3286163911610860551,huF_mouth_o_O_26,Assets/Sprites/Characters/Portrait Parts/HumanF/huF_mouth_o_O_26.svg
4c9d641d370edb043a40aa2a08cc148b,3286163911610860551,huF_mouth_psn_20,Assets/Sprites/Characters/Portrait Parts/HumanF/huF_mouth_psn_20.svg
8eb51f3141d16ad4e9de1a0df2321c25,3286163911610860551,huF_mouth_sad_16,Assets/Sprites/Characters/Portrait Parts/HumanF/huF_mouth_sad_16.svg
478a78cfe5d187c4cba511f7fc4e49db,3286163911610860551,huF_mouth_shok_18,Assets/Sprites/Characters/Portrait Parts/HumanF/huF_mouth_shok_18.svg
2fba647bbf02a0a49ac3b72ad22aa8c0,3286163911610860551,huF_mouth_smile_21,Assets/Sprites/Characters/Portrait Parts/HumanF/huF_mouth_smile_21.svg
4060cae2262f0b84eac2525962f122c3,3286163911610860551,huF_mouth_susp_10,Assets/Sprites/Characters/Portrait Parts/HumanF/huF_mouth_susp_10.svg
dc05397c7262634468751c4e7a2b0afc,3286163911610860551,huF_mouth_T__27,Assets/Sprites/Characters/Portrait Parts/HumanF/huF_mouth_T__27.svg
a55dca45d0168e546ba7bc4385471d2b,3286163911610860551,huF_mouth_zombie_2,Assets/Sprites/Characters/Portrait Parts/HumanF/huF_mouth_zombie_2.svg
a3fa49521b5ebab49b374f2702a082d4,3286163911610860551,huF_mouth_zombie_3,Assets/Sprites/Characters/Portrait Parts/HumanF/huF_mouth_zombie_3.svg
444ce307301c4674f98b682d5afd713a,3286163911610860551,huF_mouth_zombie_4,Assets/Sprites/Characters/Portrait Parts/HumanF/huF_mouth_zombie_4.svg
81412e384001fbb47a5cc83ae88edd17,3286163911610860551,huF_mouth_zombie_5,Assets/Sprites/Characters/Portrait Parts/HumanF/huF_mouth_zombie_5.svg
32e6b962311bbfd4dbc472fca3b4a36f,3286163911610860551,huF_mouth_zombie_6,Assets/Sprites/Characters/Portrait Parts/HumanF/huF_mouth_zombie_6.svg
6a88567d60d279c4bb8ce893e4a92c11,3286163911610860551,huF_mouth_zombie_7,Assets/Sprites/Characters/Portrait Parts/HumanF/huF_mouth_zombie_7.svg
7062461df0368344498d08ea335ccc32,3286163911610860551,huF_mouth_zombie_8,Assets/Sprites/Characters/Portrait Parts/HumanF/huF_mouth_zombie_8.svg
af0c144e25168914884f0fd1d8b294a3,3286163911610860551,huF_mouth_zombie_9,Assets/Sprites/Characters/Portrait Parts/HumanF/huF_mouth_zombie_9.svg
5d9c58a494e436c4d9bb1863af5a8027,3286163911610860551,huF_mouth_zombie_29,Assets/Sprites/Characters/Portrait Parts/HumanF/huF_mouth_zombie_29.svg
4de945022e000f04a8687139df90332e,3286163911610860551,huF_mouth_zombie_30,Assets/Sprites/Characters/Portrait Parts/HumanF/huF_mouth_zombie_30.svg
2fc85bc8140d9714eab033b6f404b000,3286163911610860551,huF_mouth_zombie_31,Assets/Sprites/Characters/Portrait Parts/HumanF/huF_mouth_zombie_31.svg
5d1102d441e06c841b90461203a5f37e,3286163911610860551,huF_mouth_zombie_32,Assets/Sprites/Characters/Portrait Parts/HumanF/huF_mouth_zombie_32.svg
119053a37553e9b4690c54aa09f17b9c,3286163911610860551,huF_mouth_zombie_angr_12,Assets/Sprites/Characters/Portrait Parts/HumanF/huF_mouth_zombie_angr_12.svg
896006b1893bf8c4fbf348942edede60,3286163911610860551,huF_mouth_zombie_blah_13,Assets/Sprites/Characters/Portrait Parts/HumanF/huF_mouth_zombie_blah_13.svg
f5bf7e202bd7d494ab791895eab5deb3,3286163911610860551,huF_mouth_zombie_cdgr_25,Assets/Sprites/Characters/Portrait Parts/HumanF/huF_mouth_zombie_cdgr_25.svg
de4e485ee2075864d83c5698d122b0c8,3286163911610860551,huF_mouth_zombie_deep_15,Assets/Sprites/Characters/Portrait Parts/HumanF/huF_mouth_zombie_deep_15.svg
0742237270d292d4dbcf4487bea6f2d8,3286163911610860551,huF_mouth_zombie_egrn_28,Assets/Sprites/Characters/Portrait Parts/HumanF/huF_mouth_zombie_egrn_28.svg
c10d3f5716b8e0e488678acdf13fccfc,3286163911610860551,huF_mouth_zombie_embr_24,Assets/Sprites/Characters/Portrait Parts/HumanF/huF_mouth_zombie_embr_24.svg
18a316f04491cc446b56b1b35b0ac8cf,3286163911610860551,huF_mouth_zombie_evil1_22,Assets/Sprites/Characters/Portrait Parts/HumanF/huF_mouth_zombie_evil1_22.svg
6c830bbb60fd36c4488979056b58087b,3286163911610860551,huF_mouth_zombie_evil_23,Assets/Sprites/Characters/Portrait Parts/HumanF/huF_mouth_zombie_evil_23.svg
8425b408f931ae34891634530a70634f,3286163911610860551,huF_mouth_zombie_grin_11,Assets/Sprites/Characters/Portrait Parts/HumanF/huF_mouth_zombie_grin_11.svg
88e1c312be8666b4084bb938daea29e0,3286163911610860551,huF_mouth_zombie_hurt_14,Assets/Sprites/Characters/Portrait Parts/HumanF/huF_mouth_zombie_hurt_14.svg
12b1de36b12beb442b9067fa3eed4e3d,3286163911610860551,huF_mouth_zombie_mad_17,Assets/Sprites/Characters/Portrait Parts/HumanF/huF_mouth_zombie_mad_17.svg
e908345cf476845449dcb2afa30e6500,3286163911610860551,huF_mouth_zombie_norm_1,Assets/Sprites/Characters/Portrait Parts/HumanF/huF_mouth_zombie_norm_1.svg
eda413be9873331489c8d556b206a144,3286163911610860551,huF_mouth_zombie_o_O2_33,Assets/Sprites/Characters/Portrait Parts/HumanF/huF_mouth_zombie_o_O2_33.svg
5a5adbac0cb7fb849a28a8ed81d204d2,3286163911610860551,huF_mouth_zombie_o_O_26,Assets/Sprites/Characters/Portrait Parts/HumanF/huF_mouth_zombie_o_O_26.svg
c53a3bc9af9a50644ae5b545f60b42de,3286163911610860551,huF_mouth_zombie_psn_20,Assets/Sprites/Characters/Portrait Parts/HumanF/huF_mouth_zombie_psn_20.svg
62017e189107f5440aedd59ec5ba198b,3286163911610860551,huF_mouth_zombie_sad_16,Assets/Sprites/Characters/Portrait Parts/HumanF/huF_mouth_zombie_sad_16.svg
ca030734d2f22784b99398d0de9f034a,3286163911610860551,huF_mouth_zombie_shok_18,Assets/Sprites/Characters/Portrait Parts/HumanF/huF_mouth_zombie_shok_18.svg
9b60e52d8cedf484182415c8e11ed12b,3286163911610860551,huF_mouth_zombie_smile_21,Assets/Sprites/Characters/Portrait Parts/HumanF/huF_mouth_zombie_smile_21.svg
c4ce19d7878b9bd4e866e94edbb58726,3286163911610860551,huF_mouth_zombie_susp_10,Assets/Sprites/Characters/Portrait Parts/HumanF/huF_mouth_zombie_susp_10.svg
a9da4f962e43f934cb9ba028c9d0cf64,3286163911610860551,huF_mouth_zombie_T_)_27,Assets/Sprites/Characters/Portrait Parts/HumanF/huF_mouth_zombie_T_)_27.svg
e577e852fa8cfe74e87a14188be546e0,3286163911610860551,huF_mouth_zombie_zzz_19,Assets/Sprites/Characters/Portrait Parts/HumanF/huF_mouth_zombie_zzz_19.svg
5b06c9aa05bf44e4b94502e5bb00a6e7,3286163911610860551,huF_mouth_zzz_19,Assets/Sprites/Characters/Portrait Parts/HumanF/huF_mouth_zzz_19.svg
868d7d193d53d5c429c8304e00f964d0,3286163911610860551,huF_torso_25,Assets/Sprites/Characters/Portrait Parts/HumanF/huF_torso_25.svg
a5d0b1207c1d14342957a6e3ad505ab3,3286163911610860551,huF_torso_aalia_22,Assets/Sprites/Characters/Portrait Parts/HumanF/huF_torso_aalia_22.svg
67a9459d51ccbe242862f743b79d05a3,3286163911610860551,huF_torso_aalia_actor_31,Assets/Sprites/Characters/Portrait Parts/HumanF/huF_torso_aalia_actor_31.svg
56653b0c74d139c4283e0bd87d3f99b0,3286163911610860551,huF_torso_AdventureJacket_14,Assets/Sprites/Characters/Portrait Parts/HumanF/huF_torso_AdventureJacket_14.svg
6221e97cb12eb4749bb6dc6dd13ebbd7,3286163911610860551,huF_torso_Aeromancer_26,Assets/Sprites/Characters/Portrait Parts/HumanF/huF_torso_Aeromancer_26.svg
edabfdd8d6fa9d641a744ec3da3c8970,3286163911610860551,huF_torso_AmethystRobe_10,Assets/Sprites/Characters/Portrait Parts/HumanF/huF_torso_AmethystRobe_10.svg
47239f4d878d8324d8544f5d161aadfb,3286163911610860551,huF_torso_arabf2_29,Assets/Sprites/Characters/Portrait Parts/HumanF/huF_torso_arabf2_29.svg
47b490b49d66647409e1ea45cecdcdc7,3286163911610860551,huF_torso_babyblue_21,Assets/Sprites/Characters/Portrait Parts/HumanF/huF_torso_babyblue_21.svg
f5179541b0a64e54eb624f41070f908e,3286163911610860551,huF_torso_BambooMail_13,Assets/Sprites/Characters/Portrait Parts/HumanF/huF_torso_BambooMail_13.svg
6035609b3ebd5594f830fd7537a84dea,3286163911610860551,huF_torso_HempenRobe2_19,Assets/Sprites/Characters/Portrait Parts/HumanF/huF_torso_HempenRobe2_19.svg
4d4a326f8fdf6bc49a521f7590dba014,3286163911610860551,huF_torso_HempenRobe_8,Assets/Sprites/Characters/Portrait Parts/HumanF/huF_torso_HempenRobe_8.svg
d13a2209771f8a8458ffb3f35d7981f4,3286163911610860551,huF_torso_leatherArmour_5,Assets/Sprites/Characters/Portrait Parts/HumanF/huF_torso_leatherArmour_5.svg
c590f432a735b954bb7dfb52cb001c7b,3286163911610860551,huF_torso_luft_27,Assets/Sprites/Characters/Portrait Parts/HumanF/huF_torso_luft_27.svg
5cf85e74a43532a4887dc03fe892de16,3286163911610860551,huF_torso_MageRobe_2,Assets/Sprites/Characters/Portrait Parts/HumanF/huF_torso_MageRobe_2.svg
28ccd066f5d54384cb6b357fd118d595,3286163911610860551,huF_torso_MoonstoneRobe_15,Assets/Sprites/Characters/Portrait Parts/HumanF/huF_torso_MoonstoneRobe_15.svg
8a3b8f81874572c489f802e99bd07ce4,3286163911610860551,huF_torso_Ninja-yoroi_4,Assets/Sprites/Characters/Portrait Parts/HumanF/huF_torso_Ninja-yoroi_4.svg
5e100325bcb9dcc49bedd4a84cbb9962,3286163911610860551,huF_torso_none_7,Assets/Sprites/Characters/Portrait Parts/HumanF/huF_torso_none_7.svg
276132e6a7ba9e540b5e41116f0942e2,3286163911610860551,huF_torso_none_arab_28,Assets/Sprites/Characters/Portrait Parts/HumanF/huF_torso_none_arab_28.svg
0f16533dcc67d8a4999924c1d9e14d4e,3286163911610860551,huF_torso_orangedress_24,Assets/Sprites/Characters/Portrait Parts/HumanF/huF_torso_orangedress_24.svg
dfb279d6695e11240a2b7e5b4416ef85,3286163911610860551,huF_torso_polly_18,Assets/Sprites/Characters/Portrait Parts/HumanF/huF_torso_polly_18.svg
a218a06496042cd448ce58e24ac658ed,3286163911610860551,huF_torso_princess_17,Assets/Sprites/Characters/Portrait Parts/HumanF/huF_torso_princess_17.svg
ce4ce4ce899acfa4598f9ff84d58ca45,3286163911610860551,huF_torso_ReptoidMail_9,Assets/Sprites/Characters/Portrait Parts/HumanF/huF_torso_ReptoidMail_9.svg
e2ca5fd478a5baa4c81536138bf46a60,3286163911610860551,huF_torso_shaman2_23,Assets/Sprites/Characters/Portrait Parts/HumanF/huF_torso_shaman2_23.svg
40de50e6c40839b47affe0d93894fc04,3286163911610860551,huF_torso_shaman3_30,Assets/Sprites/Characters/Portrait Parts/HumanF/huF_torso_shaman3_30.svg
33ec7830fe5ddf34d8ed19a97fbfe6e9,3286163911610860551,huF_torso_soldier_20,Assets/Sprites/Characters/Portrait Parts/HumanF/huF_torso_soldier_20.svg
084692f1deda42542a086e6b01802d0c,3286163911610860551,huF_torso_SpaceUniform_1,Assets/Sprites/Characters/Portrait Parts/HumanF/huF_torso_SpaceUniform_1.svg
f5491bc66ca398541ab224bcd5e1d9a3,3286163911610860551,huF_torso_tropical1_11,Assets/Sprites/Characters/Portrait Parts/HumanF/huF_torso_tropical1_11.svg
d3b4392b72b992e429496b51090b1f6e,3286163911610860551,huF_torso_tropical2_12,Assets/Sprites/Characters/Portrait Parts/HumanF/huF_torso_tropical2_12.svg
9640858a709a13f43af579226fd409d4,3286163911610860551,huF_torso_Tunic_6,Assets/Sprites/Characters/Portrait Parts/HumanF/huF_torso_Tunic_6.svg
dac450946e0dd9f49b56090a12ea3212,3286163911610860551,huF_torso_WolfLeather_16,Assets/Sprites/Characters/Portrait Parts/HumanF/huF_torso_WolfLeather_16.svg
4c480d63734d5c144a816679a757d889,3286163911610860551,huF_torso_YalortianRobe_3,Assets/Sprites/Characters/Portrait Parts/HumanF/huF_torso_YalortianRobe_3.svg
04399e3236c708c4b8766a4b42474836,3286163911610860551,huM_brow_1,Assets/Sprites/Characters/Portrait Parts/HumanM/huM_brow_1.svg
d6e2a219aaa52c84bb65bd24f84824ea,3286163911610860551,huM_brow_3,Assets/Sprites/Characters/Portrait Parts/HumanM/huM_brow_3.svg
6db9b009086b4bf4385fff7bae3000f1,3286163911610860551,huM_brow_4,Assets/Sprites/Characters/Portrait Parts/HumanM/huM_brow_4.svg
35ebaf07166026147ac80d7949d35c79,3286163911610860551,huM_brow_5,Assets/Sprites/Characters/Portrait Parts/HumanM/huM_brow_5.svg
c284d4607472b3349837d333828a1f95,3286163911610860551,huM_brow_6,Assets/Sprites/Characters/Portrait Parts/HumanM/huM_brow_6.svg
569f4dee5bd820a4d9a66923d39b760b,3286163911610860551,huM_brow_7,Assets/Sprites/Characters/Portrait Parts/HumanM/huM_brow_7.svg
b589ab51b7c0f3c4b9a14340be75a7de,3286163911610860551,huM_brow_10,Assets/Sprites/Characters/Portrait Parts/HumanM/huM_brow_10.svg
243b417bae383cb4b9dbd3cccffae9e9,3286163911610860551,huM_brow_11,Assets/Sprites/Characters/Portrait Parts/HumanM/huM_brow_11.svg
2e239b9f73488324b962e99040f9e35e,3286163911610860551,huM_brow_12,Assets/Sprites/Characters/Portrait Parts/HumanM/huM_brow_12.svg
34983ef6c4f9bff4691d3e0d455990ea,3286163911610860551,huM_brow_14,Assets/Sprites/Characters/Portrait Parts/HumanM/huM_brow_14.svg
bf066da9ff2d6ba4380999a346546423,3286163911610860551,huM_brow_30,Assets/Sprites/Characters/Portrait Parts/HumanM/huM_brow_30.svg
c52fbef05486a2041a383ca51ea2c33b,3286163911610860551,huM_brow_a_35,Assets/Sprites/Characters/Portrait Parts/HumanM/huM_brow_a_35.svg
85064e0cde1bdbd4ab89f81dd6541dd2,3286163911610860551,huM_brow_b_36,Assets/Sprites/Characters/Portrait Parts/HumanM/huM_brow_b_36.svg
66dcfa47c6663a1438334168ea4def7f,3286163911610860551,huM_brow_bartholio_65,Assets/Sprites/Characters/Portrait Parts/HumanM/huM_brow_bartholio_65.svg
9f06e6a55fda1454cb0c66041ae56d08,3286163911610860551,huM_brow_bernard_66,Assets/Sprites/Characters/Portrait Parts/HumanM/huM_brow_bernard_66.svg
970a4e56355daf340aa6005ba1df3c09,3286163911610860551,huM_brow_black_52,Assets/Sprites/Characters/Portrait Parts/HumanM/huM_brow_black_52.svg
4df17c2f4c70b1841886245a19f6611b,3286163911610860551,huM_brow_blonde_51,Assets/Sprites/Characters/Portrait Parts/HumanM/huM_brow_blonde_51.svg
46b24ffe8d3ec154abcb84907dee9407,3286163911610860551,huM_brow_brown_50,Assets/Sprites/Characters/Portrait Parts/HumanM/huM_brow_brown_50.svg
354db05c80c245048bcb7aa89ce1c0a3,3286163911610860551,huM_brow_c_37,Assets/Sprites/Characters/Portrait Parts/HumanM/huM_brow_c_37.svg
a526ff55205d7884290d0ea0e4d051ac,3286163911610860551,huM_brow_captain_21,Assets/Sprites/Characters/Portrait Parts/HumanM/huM_brow_captain_21.svg
0feefcc1e05c83541b5bf98dcccd591e,3286163911610860551,huM_brow_clave_62,Assets/Sprites/Characters/Portrait Parts/HumanM/huM_brow_clave_62.svg
20cfb44a6ce888f41bb6850aec77c54b,3286163911610860551,huM_brow_d_38,Assets/Sprites/Characters/Portrait Parts/HumanM/huM_brow_d_38.svg
7bb313f3545d045409c6a80ead146ff3,3286163911610860551,huM_brow_deugan_48,Assets/Sprites/Characters/Portrait Parts/HumanM/huM_brow_deugan_48.svg
808b2cdac51a14246b6b943c4f59e745,3286163911610860551,huM_brow_deugan_hero_47,Assets/Sprites/Characters/Portrait Parts/HumanM/huM_brow_deugan_hero_47.svg
4b9d6ea1fabf7fb4a91403ef5923a7e7,3286163911610860551,huM_brow_e_39,Assets/Sprites/Characters/Portrait Parts/HumanM/huM_brow_e_39.svg
7d732e4f7c44f0e45941b40bbc84f3dc,3286163911610860551,huM_brow_eric_26,Assets/Sprites/Characters/Portrait Parts/HumanM/huM_brow_eric_26.svg
1bc011fba88f8fe4ebb25d5f7580c910,3286163911610860551,huM_brow_f_40,Assets/Sprites/Characters/Portrait Parts/HumanM/huM_brow_f_40.svg
441c7b5594a8d3e449c1de7e741a6e53,3286163911610860551,huM_brow_g_41,Assets/Sprites/Characters/Portrait Parts/HumanM/huM_brow_g_41.svg
d52609a3fb31674448289e241aa09d13,3286163911610860551,huM_brow_girl_55,Assets/Sprites/Characters/Portrait Parts/HumanM/huM_brow_girl_55.svg
5069982561853b4419a23a3613e883cb,3286163911610860551,huM_brow_green_61,Assets/Sprites/Characters/Portrait Parts/HumanM/huM_brow_green_61.svg
1e10a6bbb9b40e047abe880ea0fb83de,3286163911610860551,huM_brow_grey_60,Assets/Sprites/Characters/Portrait Parts/HumanM/huM_brow_grey_60.svg
c3d1737fecfd0f748a551df5290fea81,3286163911610860551,huM_brow_h_42,Assets/Sprites/Characters/Portrait Parts/HumanM/huM_brow_h_42.svg
450170937757f3447a9d74daa77a300e,3286163911610860551,huM_brow_hermit_57,Assets/Sprites/Characters/Portrait Parts/HumanM/huM_brow_hermit_57.svg
282eac7cd3f0b164084eb0e751f58050,3286163911610860551,huM_brow_i_43,Assets/Sprites/Characters/Portrait Parts/HumanM/huM_brow_i_43.svg
3630a24b01200844ba5bc3f59f749fd0,3286163911610860551,huM_brow_j_44,Assets/Sprites/Characters/Portrait Parts/HumanM/huM_brow_j_44.svg
4c0ef20f43b789c45869889c723ddba8,3286163911610860551,huM_brow_mardek_hero_46,Assets/Sprites/Characters/Portrait Parts/HumanM/huM_brow_mardek_hero_46.svg
6ad9e53e65c24774d8d1fc37643b3057,3286163911610860551,huM_brow_monobrow_58,Assets/Sprites/Characters/Portrait Parts/HumanM/huM_brow_monobrow_58.svg
27c140a9d19b9974f8d7f02a8b39cbac,3286163911610860551,huM_brow_old1_27,Assets/Sprites/Characters/Portrait Parts/HumanM/huM_brow_old1_27.svg
be16e5d625af9124eb7e038098fa1436,3286163911610860551,huM_brow_orange_53,Assets/Sprites/Characters/Portrait Parts/HumanM/huM_brow_orange_53.svg
4f92f9699f7a05b42abdc0848a6a9c72,3286163911610860551,huM_brow_peregrin_20,Assets/Sprites/Characters/Portrait Parts/HumanM/huM_brow_peregrin_20.svg
80366d96c2937f34fbd75f655acf53a0,3286163911610860551,huM_brow_quillon_23,Assets/Sprites/Characters/Portrait Parts/HumanM/huM_brow_quillon_23.svg
e1005534bf924f7449e10c0300c3247f,3286163911610860551,huM_brow_shaman_56,Assets/Sprites/Characters/Portrait Parts/HumanM/huM_brow_shaman_56.svg
2c6931d31d915a14f8e571642d8e56c8,3286163911610860551,huM_brow_tchief_25,Assets/Sprites/Characters/Portrait Parts/HumanM/huM_brow_tchief_25.svg
70ee984c8e77acd4bbc66bc0b8d84ee5,3286163911610860551,huM_brow_vehrn_59,Assets/Sprites/Characters/Portrait Parts/HumanM/huM_brow_vehrn_59.svg
1c5ac7b6313f38e4ca14f54587521c1c,3286163911610860551,huM_brow_veneficus_24,Assets/Sprites/Characters/Portrait Parts/HumanM/huM_brow_veneficus_24.svg
08c2851e842658343869b5bc8875503b,3286163911610860551,huM_brow_white_54,Assets/Sprites/Characters/Portrait Parts/HumanM/huM_brow_white_54.svg
ed08779ea2d9aa440ae027f62c3ddec4,3286163911610860551,huM_brow_Ypriest_22,Assets/Sprites/Characters/Portrait Parts/HumanM/huM_brow_Ypriest_22.svg
33ba4beb6aabe2d4f85dc2ca7c522fe9,3286163911610860551,huM_browshadow_990,Assets/Sprites/Characters/Portrait Parts/HumanM/huM_browshadow_990.svg
db8f21f6921152343a72d2dd0805964d,3286163911610860551,huM_eyelash_998,Assets/Sprites/Characters/Portrait Parts/HumanM/huM_eyelash_998.svg
95fb899139ac3544dbd41944b47562f4,3286163911610860551,huM_face_1,Assets/Sprites/Characters/Portrait Parts/HumanM/huM_face_1.svg
7ec787bd10776994fba0383e7b5a8699,3286163911610860551,huM_face_30,Assets/Sprites/Characters/Portrait Parts/HumanM/huM_face_30.svg
42e309970e194e34d98f880bc61473e2,3286163911610860551,huM_face_31,Assets/Sprites/Characters/Portrait Parts/HumanM/huM_face_31.svg
51ae69fc3064fd341b14c8a37cb9eb00,3286163911610860551,huM_face_45,Assets/Sprites/Characters/Portrait Parts/HumanM/huM_face_45.svg
4dc079fadbca98749aac42a927ace5ed,3286163911610860551,huM_face_52,Assets/Sprites/Characters/Portrait Parts/HumanM/huM_face_52.svg
144ef6a9afc32744c913e654dae6508c,3286163911610860551,huM_face_56,Assets/Sprites/Characters/Portrait Parts/HumanM/huM_face_56.svg
334c221256f68304aad7a64b7e250966,3286163911610860551,huM_face_64,Assets/Sprites/Characters/Portrait Parts/HumanM/huM_face_64.svg
de8b8e4c56b16814d80b751ba034f274,3286163911610860551,huM_face_ancient_59,Assets/Sprites/Characters/Portrait Parts/HumanM/huM_face_ancient_59.svg
ac7942123251c5e47bc93382bc2ac58d,3286163911610860551,huM_face_arab_46,Assets/Sprites/Characters/Portrait Parts/HumanM/huM_face_arab_46.svg
21f8232705e3e26468ba0f52787d9b9c,3286163911610860551,huM_face_bartholio_57,Assets/Sprites/Characters/Portrait Parts/HumanM/huM_face_bartholio_57.svg
e61e6d5715e23ad46b2f5f577f0c0e4f,3286163911610860551,huM_face_captain_22,Assets/Sprites/Characters/Portrait Parts/HumanM/huM_face_captain_22.svg
0355704e9106a084b8aeb5d0a2fc5769,3286163911610860551,huM_face_clave_51,Assets/Sprites/Characters/Portrait Parts/HumanM/huM_face_clave_51.svg
64c888f5428c33a48a816f200288112a,3286163911610860551,huM_face_curator_53,Assets/Sprites/Characters/Portrait Parts/HumanM/huM_face_curator_53.svg
bd1c3d014f0648d45bc1341a2b3f42cf,3286163911610860551,huM_face_Deugan_hero_36,Assets/Sprites/Characters/Portrait Parts/HumanM/huM_face_Deugan_hero_36.svg
eca33eb26588f9a448d774ced6291d48,3286163911610860551,huM_face_eric_27,Assets/Sprites/Characters/Portrait Parts/HumanM/huM_face_eric_27.svg
5cfdbdf4a713a9b44a7870e8954cbaa6,3286163911610860551,huM_face_manly2_43,Assets/Sprites/Characters/Portrait Parts/HumanM/huM_face_manly2_43.svg
e0d3b856b5c6437409371cb8df878664,3286163911610860551,huM_face_manly3_44,Assets/Sprites/Characters/Portrait Parts/HumanM/huM_face_manly3_44.svg
e1d1b325d1a85e348b3a299092c7b1da,3286163911610860551,huM_face_manly_42,Assets/Sprites/Characters/Portrait Parts/HumanM/huM_face_manly_42.svg
cb441ac843da4984cb16ef496a06bba3,3286163911610860551,huM_face_manly_zombie2_61,Assets/Sprites/Characters/Portrait Parts/HumanM/huM_face_manly_zombie2_61.svg
fa37995c5becf5749b10676b3caa528f,3286163911610860551,huM_face_manly_zombie_60,Assets/Sprites/Characters/Portrait Parts/HumanM/huM_face_manly_zombie_60.svg
02b37f256d02c954992b58533c005e80,3286163911610860551,huM_face_mardek_20,Assets/Sprites/Characters/Portrait Parts/HumanM/huM_face_mardek_20.svg
bda2ed0c2dfc5bd4a86a19738587493f,3286163911610860551,huM_face_mardek_hero_35,Assets/Sprites/Characters/Portrait Parts/HumanM/huM_face_mardek_hero_35.svg
0d76423325b250945bc39b5f7f849825,3286163911610860551,huM_face_middleaged_40,Assets/Sprites/Characters/Portrait Parts/HumanM/huM_face_middleaged_40.svg
ba43d1314461d014fb62486a602740d6,3286163911610860551,huM_face_middleagedarab_48,Assets/Sprites/Characters/Portrait Parts/HumanM/huM_face_middleagedarab_48.svg
99d740bb8734d8e4cb44f0166a72ace1,3286163911610860551,huM_face_mugbert_66,Assets/Sprites/Characters/Portrait Parts/HumanM/huM_face_mugbert_66.svg
c481e9c24bbb61d489952c1d8102d836,3286163911610860551,huM_face_neegruh_47,Assets/Sprites/Characters/Portrait Parts/HumanM/huM_face_neegruh_47.svg
5cbb13c4bba3c064ba951228e11f060d,3286163911610860551,huM_face_old1_28,Assets/Sprites/Characters/Portrait Parts/HumanM/huM_face_old1_28.svg
37f9111171d3e3a4bbde0427d599d331,3286163911610860551,huM_face_oldaged_41,Assets/Sprites/Characters/Portrait Parts/HumanM/huM_face_oldaged_41.svg
72ca6e276c74573439b417877b9cf59d,3286163911610860551,huM_face_oldaged_arab_49,Assets/Sprites/Characters/Portrait Parts/HumanM/huM_face_oldaged_arab_49.svg
8d8fa7133398a8f44943128dbb1a5d93,3286163911610860551,huM_face_peregrin_21,Assets/Sprites/Characters/Portrait Parts/HumanM/huM_face_peregrin_21.svg
d99ec6be477f8804990e0d7a1191e5e2,3286163911610860551,huM_face_quillon_24,Assets/Sprites/Characters/Portrait Parts/HumanM/huM_face_quillon_24.svg
20f73518fea083a46936a235a557a7bd,3286163911610860551,huM_face_saul_63,Assets/Sprites/Characters/Portrait Parts/HumanM/huM_face_saul_63.svg
8a8a46067f4aabb4e893d215ab30c3ae,3286163911610860551,huM_face_soldier_19,Assets/Sprites/Characters/Portrait Parts/HumanM/huM_face_soldier_19.svg
cc7105a5113dc454e9b98524ca262115,3286163911610860551,huM_face_steele2_62,Assets/Sprites/Characters/Portrait Parts/HumanM/huM_face_steele2_62.svg
da875ab25ef343d4f8b7122ed891f47e,3286163911610860551,huM_face_tchief_26,Assets/Sprites/Characters/Portrait Parts/HumanM/huM_face_tchief_26.svg
f51259ac87aeea24eaa572813faea043,3286163911610860551,huM_face_veneficus_25,Assets/Sprites/Characters/Portrait Parts/HumanM/huM_face_veneficus_25.svg
cfc25955363ee8047989cf1f2778192d,3286163911610860551,huM_face_vennie_58,Assets/Sprites/Characters/Portrait Parts/HumanM/huM_face_vennie_58.svg
0fe6445a86bfd8249999639036617acd,3286163911610860551,huM_face_vudu_50,Assets/Sprites/Characters/Portrait Parts/HumanM/huM_face_vudu_50.svg
f237c71162a761a44a0889909eb987aa,3286163911610860551,huM_face_wobblescimitare_65,Assets/Sprites/Characters/Portrait Parts/HumanM/huM_face_wobblescimitare_65.svg
58f5229d7b0eb6b449a40e9149578409,3286163911610860551,huM_face_Ypriest_23,Assets/Sprites/Characters/Portrait Parts/HumanM/huM_face_Ypriest_23.svg
1f4129e34c1a2284abe1ed8ea10694ef,3286163911610860551,huM_face_zombie_29,Assets/Sprites/Characters/Portrait Parts/HumanM/huM_face_zombie_29.svg
2e2da8026893e1441a740495e5711451,3286163911610860551,huM_hair_1,Assets/Sprites/Characters/Portrait Parts/HumanM/huM_hair_1.svg
d1d1180c20205cd41a58de2945efd93d,3286163911610860551,huM_hair_2,Assets/Sprites/Characters/Portrait Parts/HumanM/huM_hair_2.svg
dd38ff30613a660489b5e94c01695d6d,3286163911610860551,huM_hair_3,Assets/Sprites/Characters/Portrait Parts/HumanM/huM_hair_3.svg
c39574fb456a5ad4f83c1b92fc13bf75,3286163911610860551,huM_hair_4,Assets/Sprites/Characters/Portrait Parts/HumanM/huM_hair_4.svg
ffd356e175baa6048b3c572aa99617d2,3286163911610860551,huM_hair_5,Assets/Sprites/Characters/Portrait Parts/HumanM/huM_hair_5.svg
1020a24418f7ac440ae14074f923ddef,3286163911610860551,huM_hair_6,Assets/Sprites/Characters/Portrait Parts/HumanM/huM_hair_6.svg
335db3141728bd941bf6a2b17274809b,3286163911610860551,huM_hair_7,Assets/Sprites/Characters/Portrait Parts/HumanM/huM_hair_7.svg
61b29512988c0554ea5e52ee46eddbe3,3286163911610860551,huM_hair_8,Assets/Sprites/Characters/Portrait Parts/HumanM/huM_hair_8.svg
e303af5902c755945910df23602fc194,3286163911610860551,huM_hair_9,Assets/Sprites/Characters/Portrait Parts/HumanM/huM_hair_9.svg
83347ad24ae03ad41af9ffd7ca4de342,3286163911610860551,huM_hair_10,Assets/Sprites/Characters/Portrait Parts/HumanM/huM_hair_10.svg
1abd8e45d653a6845b0f73bb1626ee81,3286163911610860551,huM_hair_11,Assets/Sprites/Characters/Portrait Parts/HumanM/huM_hair_11.svg
fc1f4aac2942ef148b4898f4bf95030f,3286163911610860551,huM_hair_12,Assets/Sprites/Characters/Portrait Parts/HumanM/huM_hair_12.svg
86263c3b6d210554d886db32ed98aafd,3286163911610860551,huM_hair_13,Assets/Sprites/Characters/Portrait Parts/HumanM/huM_hair_13.svg
1fab001e40427da4bb3f5fefecd6a1ca,3286163911610860551,huM_hair_14,Assets/Sprites/Characters/Portrait Parts/HumanM/huM_hair_14.svg
e728c418bfa353d42aa2d4b868faf432,3286163911610860551,huM_hair_15,Assets/Sprites/Characters/Portrait Parts/HumanM/huM_hair_15.svg
76bfc688f3a96024e918406b0e54e6b6,3286163911610860551,huM_hair_arab1_49,Assets/Sprites/Characters/Portrait Parts/HumanM/huM_hair_arab1_49.svg
569c0b142391e654f9660be2465d051f,3286163911610860551,huM_hair_arab2_53,Assets/Sprites/Characters/Portrait Parts/HumanM/huM_hair_arab2_53.svg
5aa347e97d2f80748a353b0e947fe810,3286163911610860551,huM_hair_arabguard_50,Assets/Sprites/Characters/Portrait Parts/HumanM/huM_hair_arabguard_50.svg
481f1cafbc711d04fa08cf2ab185bb0b,3286163911610860551,huM_hair_arabShaman_51,Assets/Sprites/Characters/Portrait Parts/HumanM/huM_hair_arabShaman_51.svg
681e0bf7655c1ae4da38f13ec07e1649,3286163911610860551,huM_hair_arabShaman_galaris_52,Assets/Sprites/Characters/Portrait Parts/HumanM/huM_hair_arabShaman_galaris_52.svg
ed904646d3963804996f44ceb1f5d12a,3286163911610860551,huM_hair_bald_16,Assets/Sprites/Characters/Portrait Parts/HumanM/huM_hair_bald_16.svg
6dbe821e238a99e49be15c7e5720beb0,3286163911610860551,huM_hair_bandit_27,Assets/Sprites/Characters/Portrait Parts/HumanM/huM_hair_bandit_27.svg
b6eba64e205bf3d49bf726ff2ee09bbd,3286163911610860551,huM_hair_bartholio_44,Assets/Sprites/Characters/Portrait Parts/HumanM/huM_hair_bartholio_44.svg
c5248d9d6c95f2e49829681b9dc65df7,3286163911610860551,huM_hair_bernard_46,Assets/Sprites/Characters/Portrait Parts/HumanM/huM_hair_bernard_46.svg
d7e58f7e492dd3b4f979c14289d6425a,3286163911610860551,huM_hair_bigbeard_28,Assets/Sprites/Characters/Portrait Parts/HumanM/huM_hair_bigbeard_28.svg
4ebdb6e1dc5287e459a17e3f42d2e949,3286163911610860551,huM_hair_captain_57,Assets/Sprites/Characters/Portrait Parts/HumanM/huM_hair_captain_57.svg
8bc659e3c0fdfb74e9322b7a807de38a,3286163911610860551,huM_hair_curator_76,Assets/Sprites/Characters/Portrait Parts/HumanM/huM_hair_curator_76.svg
751fb5f2696ed4b4a8680ee717981da9,3286163911610860551,huM_hair_derek_22,Assets/Sprites/Characters/Portrait Parts/HumanM/huM_hair_derek_22.svg
7831ed4af89f6504a997149080978caf,3286163911610860551,huM_hair_deugan_hero_36,Assets/Sprites/Characters/Portrait Parts/HumanM/huM_hair_deugan_hero_36.svg
850e983798cc7af46a250c9bbfc22dea,3286163911610860551,huM_hair_deugan_soldier_38,Assets/Sprites/Characters/Portrait Parts/HumanM/huM_hair_deugan_soldier_38.svg
d45441041a883be43b16358a9bdede8e,3286163911610860551,huM_hair_donovan_39,Assets/Sprites/Characters/Portrait Parts/HumanM/huM_hair_donovan_39.svg
a71815e37e1b37f4ebec31d17d0ee55f,3286163911610860551,huM_hair_donovan_bearded_40,Assets/Sprites/Characters/Portrait Parts/HumanM/huM_hair_donovan_bearded_40.svg
f6e8419694328674e8057df8b32ef9be,3286163911610860551,huM_hair_dougal_80,Assets/Sprites/Characters/Portrait Parts/HumanM/huM_hair_dougal_80.svg
c46628c04d221b64593a44472d481cab,3286163911610860551,huM_hair_enki_68,Assets/Sprites/Characters/Portrait Parts/HumanM/huM_hair_enki_68.svg
d87e6c78c05f01740a8dfee494dd8bc8,3286163911610860551,huM_hair_eric_62,Assets/Sprites/Characters/Portrait Parts/HumanM/huM_hair_eric_62.svg
553b43ba552deda4da75336824330e7a,3286163911610860551,huM_hair_gallovar_31,Assets/Sprites/Characters/Portrait Parts/HumanM/huM_hair_gallovar_31.svg
38bdc8773d256be4ebcc7d5a01376400,3286163911610860551,huM_hair_goldknight_74,Assets/Sprites/Characters/Portrait Parts/HumanM/huM_hair_goldknight_74.svg
56a35d9b8488c1647b1f9bbd2ff7e267,3286163911610860551,huM_hair_gope_78,Assets/Sprites/Characters/Portrait Parts/HumanM/huM_hair_gope_78.svg
f3415633094198e488c42832eee0dd79,3286163911610860551,huM_hair_hermit_67,Assets/Sprites/Characters/Portrait Parts/HumanM/huM_hair_hermit_67.svg
fb9a4da0b38ad354598d23791be760d2,3286163911610860551,huM_hair_inventor_24,Assets/Sprites/Characters/Portrait Parts/HumanM/huM_hair_inventor_24.svg
7a760121d4701594aa65d64d9eb4db6c,3286163911610860551,huM_hair_jacques_25,Assets/Sprites/Characters/Portrait Parts/HumanM/huM_hair_jacques_25.svg
7e2d1f597fddeac4abdbbfe6e6f106d3,3286163911610860551,huM_hair_king_69,Assets/Sprites/Characters/Portrait Parts/HumanM/huM_hair_king_69.svg
8f4acc55a27bbf144b9ef16cb309e1fe,3286163911610860551,huM_hair_lonewolf_92,Assets/Sprites/Characters/Portrait Parts/HumanM/huM_hair_lonewolf_92.svg
f5607bf9ca1b8bd4aa547e45ee60abd1,3286163911610860551,huM_hair_luft_48,Assets/Sprites/Characters/Portrait Parts/HumanM/huM_hair_luft_48.svg
65cb02873c257d24aa8fab23235b0cd3,3286163911610860551,huM_hair_man1_64,Assets/Sprites/Characters/Portrait Parts/HumanM/huM_hair_man1_64.svg
3f4d83a15ec46494b9a3e4f4c502d0ef,3286163911610860551,huM_hair_man3_65,Assets/Sprites/Characters/Portrait Parts/HumanM/huM_hair_man3_65.svg
a174dd456955aae43baa2096e01ec593,3286163911610860551,huM_hair_mardek_19,Assets/Sprites/Characters/Portrait Parts/HumanM/huM_hair_mardek_19.svg
c05f49b8f9fdaa649b64ca129715fb75,3286163911610860551,huM_hair_mardek_hero_35,Assets/Sprites/Characters/Portrait Parts/HumanM/huM_hair_mardek_hero_35.svg
2b3e7bce75c962c428835101e66f46a6,3286163911610860551,huM_hair_mardek_soldier_37,Assets/Sprites/Characters/Portrait Parts/HumanM/huM_hair_mardek_soldier_37.svg
f1fc08e386f2eaa41b5cec0ff9235757,3286163911610860551,huM_hair_miner_29,Assets/Sprites/Characters/Portrait Parts/HumanM/huM_hair_miner_29.svg
07908ab226a893c4badea4a335b7a076,3286163911610860551,huM_hair_mugbert_77,Assets/Sprites/Characters/Portrait Parts/HumanM/huM_hair_mugbert_77.svg
ca216c56f710623408df92b0e399800c,3286163911610860551,huM_hair_muriance_42,Assets/Sprites/Characters/Portrait Parts/HumanM/huM_hair_muriance_42.svg
e488bab3ff7a2a94985a967f1626d490,3286163911610860551,huM_hair_ncaptain_75,Assets/Sprites/Characters/Portrait Parts/HumanM/huM_hair_ncaptain_75.svg
e9c370e5e4ed3f74f9be9bb66a216adf,3286163911610860551,huM_hair_ncrew_70,Assets/Sprites/Characters/Portrait Parts/HumanM/huM_hair_ncrew_70.svg
4d06b7f4fbefec044a126f84f4bbc5f5,3286163911610860551,huM_hair_old1_63,Assets/Sprites/Characters/Portrait Parts/HumanM/huM_hair_old1_63.svg
d2b6ab7fa27c7f2478dab0391a734a0d,3286163911610860551,huM_hair_peregrin_56,Assets/Sprites/Characters/Portrait Parts/HumanM/huM_hair_peregrin_56.svg
3b6a6401d06967c4089c0ebeee656132,3286163911610860551,huM_hair_quillon_59,Assets/Sprites/Characters/Portrait Parts/HumanM/huM_hair_quillon_59.svg
f7eba47ef20abe842b946d593eed4354,3286163911610860551,huM_hair_saucer_73,Assets/Sprites/Characters/Portrait Parts/HumanM/huM_hair_saucer_73.svg
399ce91c8bc72af4b92119019bd55d5a,3286163911610860551,huM_hair_saul_72,Assets/Sprites/Characters/Portrait Parts/HumanM/huM_hair_saul_72.svg
3bf5888fd9412c74dbde1f3cd1691908,3286163911610860551,huM_hair_shaman_66,Assets/Sprites/Characters/Portrait Parts/HumanM/huM_hair_shaman_66.svg
96721280a53a0f14d92fcac6cffd8dfa,3286163911610860551,huM_hair_socialfox_23,Assets/Sprites/Characters/Portrait Parts/HumanM/huM_hair_socialfox_23.svg
90569d7850bb46b40a5d304120e0cd6e,3286163911610860551,huM_hair_solakian_32,Assets/Sprites/Characters/Portrait Parts/HumanM/huM_hair_solakian_32.svg
64f98814a0ba815478ff5ea63fbe27f6,3286163911610860551,huM_hair_solakianHP_33,Assets/Sprites/Characters/Portrait Parts/HumanM/huM_hair_solakianHP_33.svg
9d6d331a09b94cc47926143269aefe9f,3286163911610860551,huM_hair_soldier_21,Assets/Sprites/Characters/Portrait Parts/HumanM/huM_hair_soldier_21.svg
c31f82bfa69243b469144a81299f3511,3286163911610860551,huM_hair_steele2_47,Assets/Sprites/Characters/Portrait Parts/HumanM/huM_hair_steele2_47.svg
c216f1dc66d8831418fc753113221a8a,3286163911610860551,huM_hair_steele_41,Assets/Sprites/Characters/Portrait Parts/HumanM/huM_hair_steele_41.svg
164d2dc83af1791439ce241b3e069770,3286163911610860551,huM_hair_tchief_61,Assets/Sprites/Characters/Portrait Parts/HumanM/huM_hair_tchief_61.svg
62fabadca6d004244bf515e3d8b5a6c4,3286163911610860551,huM_hair_vehrn_43,Assets/Sprites/Characters/Portrait Parts/HumanM/huM_hair_vehrn_43.svg
7df30ee97b97e5c468f174be32aa26be,3286163911610860551,huM_hair_veneficus_60,Assets/Sprites/Characters/Portrait Parts/HumanM/huM_hair_veneficus_60.svg
57170085a3d38144fbedefc3a90c50f8,3286163911610860551,huM_hair_vennie_45,Assets/Sprites/Characters/Portrait Parts/HumanM/huM_hair_vennie_45.svg
ba02eb9a426d3bd4ab0530775ce95451,3286163911610860551,huM_hair_vudu_71,Assets/Sprites/Characters/Portrait Parts/HumanM/huM_hair_vudu_71.svg
61636557ed5c3bb4c96879962c0477f4,3286163911610860551,huM_hair_Ypriest_58,Assets/Sprites/Characters/Portrait Parts/HumanM/huM_hair_Ypriest_58.svg
6dd5d70d471edb14a9d2477537eeb91f,3286163911610860551,huM_hair_zombie_30,Assets/Sprites/Characters/Portrait Parts/HumanM/huM_hair_zombie_30.svg
44e10fa8a81406d4c84ec81990c0d6a6,3286163911610860551,huM_mouth_2_line_1002,Assets/Sprites/Characters/Portrait Parts/HumanM/huM_mouth_2_line_1002.svg
1dda59e0dbba6384d90286fc03340906,3286163911610860551,huM_mouth_2_lips_1001,Assets/Sprites/Characters/Portrait Parts/HumanM/huM_mouth_2_lips_1001.svg
5365a80b75dabaa47ab3db42732e3a5f,3286163911610860551,huM_mouth_3_line_1004,Assets/Sprites/Characters/Portrait Parts/HumanM/huM_mouth_3_line_1004.svg
7a9f4b73b315dfb4996e4dbb3bd27351,3286163911610860551,huM_mouth_3_lips_1003,Assets/Sprites/Characters/Portrait Parts/HumanM/huM_mouth_3_lips_1003.svg
f3a71fb3c27ce3341bf8e0da6775c976,3286163911610860551,huM_mouth_4_line_1006,Assets/Sprites/Characters/Portrait Parts/HumanM/huM_mouth_4_line_1006.svg
5f978ea130330e64ebed5250c100145a,3286163911610860551,huM_mouth_4_lips_1005,Assets/Sprites/Characters/Portrait Parts/HumanM/huM_mouth_4_lips_1005.svg
4950e379a50cc8647986cbc9c46d6f57,3286163911610860551,huM_mouth_5_line_1008,Assets/Sprites/Characters/Portrait Parts/HumanM/huM_mouth_5_line_1008.svg
08f05655a6d44524c88b071359472571,3286163911610860551,huM_mouth_5_lips_1007,Assets/Sprites/Characters/Portrait Parts/HumanM/huM_mouth_5_lips_1007.svg
944c798bec97cc24da423db4666df8cd,3286163911610860551,huM_mouth_6_line_1010,Assets/Sprites/Characters/Portrait Parts/HumanM/huM_mouth_6_line_1010.svg
f4be85aaf9fe26a40b7170e076e81907,3286163911610860551,huM_mouth_6_lips_1009,Assets/Sprites/Characters/Portrait Parts/HumanM/huM_mouth_6_lips_1009.svg
68f58b51b1880fa429068d743696097b,3286163911610860551,huM_mouth_7_line_1012,Assets/Sprites/Characters/Portrait Parts/HumanM/huM_mouth_7_line_1012.svg
9ffa521efe1208d46b0cff57b311c42f,3286163911610860551,huM_mouth_7_lips_1011,Assets/Sprites/Characters/Portrait Parts/HumanM/huM_mouth_7_lips_1011.svg
fca1c78fbc1a00a4292befdb663283d6,3286163911610860551,huM_mouth_angr_line_1018,Assets/Sprites/Characters/Portrait Parts/HumanM/huM_mouth_angr_line_1018.svg
c668774da92a99a41bd336904a861fab,3286163911610860551,huM_mouth_angr_lips_1017,Assets/Sprites/Characters/Portrait Parts/HumanM/huM_mouth_angr_lips_1017.svg
5caf8cccdae05b84db5c004704871c5d,3286163911610860551,huM_mouth_blah_line_1020,Assets/Sprites/Characters/Portrait Parts/HumanM/huM_mouth_blah_line_1020.svg
34a09f6033bafd64c91295aac0f40df8,3286163911610860551,huM_mouth_blah_lips_1019,Assets/Sprites/Characters/Portrait Parts/HumanM/huM_mouth_blah_lips_1019.svg
704c130a9ff8c704c83e989f6f7f19a7,3286163911610860551,huM_mouth_cdgr_line_1041,Assets/Sprites/Characters/Portrait Parts/HumanM/huM_mouth_cdgr_line_1041.svg
99e405d967f7ed94d8bd9251678fe97e,3286163911610860551,huM_mouth_cdgr_lips_1040,Assets/Sprites/Characters/Portrait Parts/HumanM/huM_mouth_cdgr_lips_1040.svg
cc394adca5f121e44a6cf95d12892ead,3286163911610860551,huM_mouth_cry_line_1047,Assets/Sprites/Characters/Portrait Parts/HumanM/huM_mouth_cry_line_1047.svg
209e43e0bafa0384aa91a4e9aa85dee0,3286163911610860551,huM_mouth_cry_lips_1046,Assets/Sprites/Characters/Portrait Parts/HumanM/huM_mouth_cry_lips_1046.svg
db9e6aaf72e26f04abdcc8b10949d7e3,3286163911610860551,huM_mouth_deep_line_1024,Assets/Sprites/Characters/Portrait Parts/HumanM/huM_mouth_deep_line_1024.svg
0995c9fa2b8ff9f479b427e7555bcef2,3286163911610860551,huM_mouth_deep_lips_1023,Assets/Sprites/Characters/Portrait Parts/HumanM/huM_mouth_deep_lips_1023.svg
92046c821548018418292719d1623e46,3286163911610860551,huM_mouth_evil_line_1039,Assets/Sprites/Characters/Portrait Parts/HumanM/huM_mouth_evil_line_1039.svg
a011d66415688764ca3141e7da7738ec,3286163911610860551,huM_mouth_evil_lips_1038,Assets/Sprites/Characters/Portrait Parts/HumanM/huM_mouth_evil_lips_1038.svg
ff69a041730a53e488fa3043895774fa,3286163911610860551,huM_mouth_fury_line_1054,Assets/Sprites/Characters/Portrait Parts/HumanM/huM_mouth_fury_line_1054.svg
3eecb17617318a54596004e6eaa73993,3286163911610860551,huM_mouth_fury_lips_1053,Assets/Sprites/Characters/Portrait Parts/HumanM/huM_mouth_fury_lips_1053.svg
7a001b68e336c2d4eae5092128c8dee6,3286163911610860551,huM_mouth_grin_line_1016,Assets/Sprites/Characters/Portrait Parts/HumanM/huM_mouth_grin_line_1016.svg
a52ba07aa06cfbf41824507ebf581fe3,3286163911610860551,huM_mouth_grin_lips_1015,Assets/Sprites/Characters/Portrait Parts/HumanM/huM_mouth_grin_lips_1015.svg
853edd2750ffe804aae16e8e59f0dc12,3286163911610860551,huM_mouth_hurt_line_1022,Assets/Sprites/Characters/Portrait Parts/HumanM/huM_mouth_hurt_line_1022.svg
bf89a412c78575e4e8db230cbb36abbe,3286163911610860551,huM_mouth_hurt_lips_1021,Assets/Sprites/Characters/Portrait Parts/HumanM/huM_mouth_hurt_lips_1021.svg
fba0b149a39770d48b95b5cea71a1f08,3286163911610860551,huM_mouth_mad_line_1028,Assets/Sprites/Characters/Portrait Parts/HumanM/huM_mouth_mad_line_1028.svg
5e25fb06f0f78f34ba5e390e761f9520,3286163911610860551,huM_mouth_mad_lips_1027,Assets/Sprites/Characters/Portrait Parts/HumanM/huM_mouth_mad_lips_1027.svg
eb4eab9c511949844b72597adc1f28c1,3286163911610860551,huM_mouth_mesm_line_1056,Assets/Sprites/Characters/Portrait Parts/HumanM/huM_mouth_mesm_line_1056.svg
ccf62e37e8795f943bc19af9935841b4,3286163911610860551,huM_mouth_mesm_lips_1055,Assets/Sprites/Characters/Portrait Parts/HumanM/huM_mouth_mesm_lips_1055.svg
a592fc29053d10341b7af6dd5a9bd6b4,3286163911610860551,huM_mouth_mugb_line_1045,Assets/Sprites/Characters/Portrait Parts/HumanM/huM_mouth_mugb_line_1045.svg
a8d7d306fff42004a83c8ced6f6944b5,3286163911610860551,huM_mouth_mugb_lips_1044,Assets/Sprites/Characters/Portrait Parts/HumanM/huM_mouth_mugb_lips_1044.svg
6c0ece5478191bf498226ff0ca76e025,3286163911610860551,huM_mouth_ngrin_line_1052,Assets/Sprites/Characters/Portrait Parts/HumanM/huM_mouth_ngrin_line_1052.svg
0704e8ecdac755d44be28c3ca99dfa61,3286163911610860551,huM_mouth_ngrin_lips_1051,Assets/Sprites/Characters/Portrait Parts/HumanM/huM_mouth_ngrin_lips_1051.svg
b0000aab100b6c24b936d46d6b29cdc0,3286163911610860551,huM_mouth_norm_line_1000,Assets/Sprites/Characters/Portrait Parts/HumanM/huM_mouth_norm_line_1000.svg
98fcb5b1e7ab7c642ada477239ab26b7,3286163911610860551,huM_mouth_norm_lips_999,Assets/Sprites/Characters/Portrait Parts/HumanM/huM_mouth_norm_lips_999.svg
7ca485abcf6178b4fb53c6ca596d76ff,3286163911610860551,huM_mouth_o_O_line_1043,Assets/Sprites/Characters/Portrait Parts/HumanM/huM_mouth_o_O_line_1043.svg
309d957d52897544587684aa5ba8df62,3286163911610860551,huM_mouth_o_O_lips_1042,Assets/Sprites/Characters/Portrait Parts/HumanM/huM_mouth_o_O_lips_1042.svg
0f2bd21c9b68f884493482e357cb1ddf,3286163911610860551,huM_mouth_psn_line_1033,Assets/Sprites/Characters/Portrait Parts/HumanM/huM_mouth_psn_line_1033.svg
4a084c646a93825498f72c41d6669335,3286163911610860551,huM_mouth_psn_lips_1032,Assets/Sprites/Characters/Portrait Parts/HumanM/huM_mouth_psn_lips_1032.svg
a478479798d45e042ad0cf6b6fd601bc,3286163911610860551,huM_mouth_sad_line_1026,Assets/Sprites/Characters/Portrait Parts/HumanM/huM_mouth_sad_line_1026.svg
beb832b37b788dc4dbc1b9721f492f72,3286163911610860551,huM_mouth_sad_lips_1025,Assets/Sprites/Characters/Portrait Parts/HumanM/huM_mouth_sad_lips_1025.svg
dfd745c66dc47f04a93cdd44368bd6de,3286163911610860551,huM_mouth_shok_lips_1029,Assets/Sprites/Characters/Portrait Parts/HumanM/huM_mouth_shok_lips_1029.svg
e3cb2f4c82a3412499b7aca8289d36fb,3286163911610860551,huM_mouth_smile_lips_1034,Assets/Sprites/Characters/Portrait Parts/HumanM/huM_mouth_smile_lips_1034.svg
b240a255bb1682045b7a09b5d419afa5,3286163911610860551,huM_mouth_smile_lips_1035,Assets/Sprites/Characters/Portrait Parts/HumanM/huM_mouth_smile_lips_1035.svg
66e2b6353604e9845a98ddb0f5104fcd,3286163911610860551,huM_mouth_sour_line_1048,Assets/Sprites/Characters/Portrait Parts/HumanM/huM_mouth_sour_line_1048.svg
88ea7a28547b7da46818655edebbae12,3286163911610860551,huM_mouth_susp_line_1014,Assets/Sprites/Characters/Portrait Parts/HumanM/huM_mouth_susp_line_1014.svg
6455f54b316c41044a17b2e19380eacd,3286163911610860551,huM_mouth_susp_lips_1013,Assets/Sprites/Characters/Portrait Parts/HumanM/huM_mouth_susp_lips_1013.svg
dcfca12b853e722479434324beb1ef87,3286163911610860551,huM_mouth_zombie_line_1050,Assets/Sprites/Characters/Portrait Parts/HumanM/huM_mouth_zombie_line_1050.svg
f30a55d1032f0b74e97719bd5a40eda7,3286163911610860551,huM_mouth_zombie_lips_1049,Assets/Sprites/Characters/Portrait Parts/HumanM/huM_mouth_zombie_lips_1049.svg
fb78c8d65ef0c68438fc1a2484abddc2,3286163911610860551,huM_mouth_zzz_line_1031,Assets/Sprites/Characters/Portrait Parts/HumanM/huM_mouth_zzz_line_1031.svg
97556bca45c7b364c9168f4a3f1737cd,3286163911610860551,huM_mouth_zzz_lips_1030,Assets/Sprites/Characters/Portrait Parts/HumanM/huM_mouth_zzz_lips_1030.svg
b666c537ce4e5ea4ca250213eca4ff64,3286163911610860551,huM_torso_31,Assets/Sprites/Characters/Portrait Parts/HumanM/huM_torso_31.svg
ac0f43267e03e9d40bfa835a6706a5f1,3286163911610860551,huM_torso_49,Assets/Sprites/Characters/Portrait Parts/HumanM/huM_torso_49.svg
2404e18f79c61994c917f50fdb14b848,3286163911610860551,huM_torso_62,Assets/Sprites/Characters/Portrait Parts/HumanM/huM_torso_62.svg
6bf4f5879acb84943823bde604a62578,3286163911610860551,huM_torso_AdventureJacket_14,Assets/Sprites/Characters/Portrait Parts/HumanM/huM_torso_AdventureJacket_14.svg
a26ea7eaea37a624597f0d61003788d7,3286163911610860551,huM_torso_AmethystRobe_10,Assets/Sprites/Characters/Portrait Parts/HumanM/huM_torso_AmethystRobe_10.svg
c25f75d4b6ad609458d84dd4c4188cfc,3286163911610860551,huM_torso_arab1_47,Assets/Sprites/Characters/Portrait Parts/HumanM/huM_torso_arab1_47.svg
b9e9599787872d74fa2c67aadfcf47e5,3286163911610860551,huM_torso_arab2_48,Assets/Sprites/Characters/Portrait Parts/HumanM/huM_torso_arab2_48.svg
9236b25f4459fb043952362d30f08a81,3286163911610860551,huM_torso_arabguard_50,Assets/Sprites/Characters/Portrait Parts/HumanM/huM_torso_arabguard_50.svg
25a98ecf4bcd6b94d832a3dc9ae698f0,3286163911610860551,huM_torso_arabShaman_51,Assets/Sprites/Characters/Portrait Parts/HumanM/huM_torso_arabShaman_51.svg
5c3a04ef3b8917a4090c74fbad3ecfdd,3286163911610860551,huM_torso_arabShaman_galaris_60,Assets/Sprites/Characters/Portrait Parts/HumanM/huM_torso_arabShaman_galaris_60.svg
ed5dd90fb4adbb64e8e6516ca0efb42d,3286163911610860551,huM_torso_BambooMail_13,Assets/Sprites/Characters/Portrait Parts/HumanM/huM_torso_BambooMail_13.svg
8b8ebdbe358aaec429de1a7911e23951,3286163911610860551,huM_torso_bartholio_37,Assets/Sprites/Characters/Portrait Parts/HumanM/huM_torso_bartholio_37.svg
a71e005ccab961343b026152a736db95,3286163911610860551,huM_torso_bernard_39,Assets/Sprites/Characters/Portrait Parts/HumanM/huM_torso_bernard_39.svg
891f66d6b090e5f418b87a69ac337535,3286163911610860551,huM_torso_BlackShirt_25,Assets/Sprites/Characters/Portrait Parts/HumanM/huM_torso_BlackShirt_25.svg
7d6c80ed052977243b54173b3ed8e15e,3286163911610860551,huM_torso_Blacksmith_27,Assets/Sprites/Characters/Portrait Parts/HumanM/huM_torso_Blacksmith_27.svg
d5b9fa78a22ed774faba9807379751a4,3286163911610860551,huM_torso_clave_56,Assets/Sprites/Characters/Portrait Parts/HumanM/huM_torso_clave_56.svg
aab0f8d70738b2a4cac359f0f3ab9e65,3286163911610860551,huM_torso_deugan_hero_22,Assets/Sprites/Characters/Portrait Parts/HumanM/huM_torso_deugan_hero_22.svg
a5458f4d7a910a64eb7528a356bf1723,3286163911610860551,huM_torso_gope_64,Assets/Sprites/Characters/Portrait Parts/HumanM/huM_torso_gope_64.svg
ac48dee39d65bf147b54924767e16a45,3286163911610860551,huM_torso_HempenRobe_8,Assets/Sprites/Characters/Portrait Parts/HumanM/huM_torso_HempenRobe_8.svg
e3ac3894ea77f1947b269778037afc13,3286163911610860551,huM_torso_hidearmour_36,Assets/Sprites/Characters/Portrait Parts/HumanM/huM_torso_hidearmour_36.svg
83ba892a3fde0d14781c3b652bd7ff9c,3286163911610860551,huM_torso_inventor_30,Assets/Sprites/Characters/Portrait Parts/HumanM/huM_torso_inventor_30.svg
cc9e84dba7135f54986ef4ded030dc80,3286163911610860551,huM_torso_king_34,Assets/Sprites/Characters/Portrait Parts/HumanM/huM_torso_king_34.svg
3cbc5528ef6721a45877301d5064940a,3286163911610860551,huM_torso_leatherArmour_5,Assets/Sprites/Characters/Portrait Parts/HumanM/huM_torso_leatherArmour_5.svg
9f235ddadfbec2646a971a9c8fff8d80,3286163911610860551,huM_torso_lonewolf_61,Assets/Sprites/Characters/Portrait Parts/HumanM/huM_torso_lonewolf_61.svg
d7d460305c43b5d45a3052a2bb1459d2,3286163911610860551,huM_torso_luft_46,Assets/Sprites/Characters/Portrait Parts/HumanM/huM_torso_luft_46.svg
be7e897a89144274ca1985d914fd6073,3286163911610860551,huM_torso_MageRobe_2,Assets/Sprites/Characters/Portrait Parts/HumanM/huM_torso_MageRobe_2.svg
9822a75808b514542b6d5049ec757e90,3286163911610860551,huM_torso_mardek_hero_21,Assets/Sprites/Characters/Portrait Parts/HumanM/huM_torso_mardek_hero_21.svg
d8be4722f8899c54b8993fe72b919483,3286163911610860551,huM_torso_MinerClothes_40,Assets/Sprites/Characters/Portrait Parts/HumanM/huM_torso_MinerClothes_40.svg
71530d58b0b3238409763dc864c2e4da,3286163911610860551,huM_torso_MoonstoneRobe_16,Assets/Sprites/Characters/Portrait Parts/HumanM/huM_torso_MoonstoneRobe_16.svg
56e02ac2aeba66e448562b685e06f3e8,3286163911610860551,huM_torso_mugbert2_63,Assets/Sprites/Characters/Portrait Parts/HumanM/huM_torso_mugbert2_63.svg
ec70fb5c03d3d3e49972dcd60dc8a42c,3286163911610860551,huM_torso_mugbert_32,Assets/Sprites/Characters/Portrait Parts/HumanM/huM_torso_mugbert_32.svg
5e57924b9584b624aa497f87ec4a69aa,3286163911610860551,huM_torso_NinevehnGi_33,Assets/Sprites/Characters/Portrait Parts/HumanM/huM_torso_NinevehnGi_33.svg
b6a10be66552b694ba294999c35c6d89,3286163911610860551,huM_torso_Ninja-yoroi_4,Assets/Sprites/Characters/Portrait Parts/HumanM/huM_torso_Ninja-yoroi_4.svg
182040dcc6d68764f947300fbf494659,3286163911610860551,huM_torso_none_7,Assets/Sprites/Characters/Portrait Parts/HumanM/huM_torso_none_7.svg
f232e5f2123629245b7f42e1ac11b3c4,3286163911610860551,huM_torso_none_arab_54,Assets/Sprites/Characters/Portrait Parts/HumanM/huM_torso_none_arab_54.svg
ffcd81e4273fc4244b16901a770fef4a,3286163911610860551,huM_torso_Platemail_15,Assets/Sprites/Characters/Portrait Parts/HumanM/huM_torso_Platemail_15.svg
c5b33ea507bf8a242b89f76212deb3d7,3286163911610860551,huM_torso_Platemail_gold_55,Assets/Sprites/Characters/Portrait Parts/HumanM/huM_torso_Platemail_gold_55.svg
bd63d70dc7a7c8f4d8ed57d6ba97bba2,3286163911610860551,huM_torso_Pyromancer_43,Assets/Sprites/Characters/Portrait Parts/HumanM/huM_torso_Pyromancer_43.svg
ef3e7ecc2b2b09a44a1b115d87f6470a,3286163911610860551,huM_torso_ReptoidMail_9,Assets/Sprites/Characters/Portrait Parts/HumanM/huM_torso_ReptoidMail_9.svg
9a03f4bb75affa742a6dc7ab40a01059,3286163911610860551,huM_torso_saucerbrother_53,Assets/Sprites/Characters/Portrait Parts/HumanM/huM_torso_saucerbrother_53.svg
dc5952fc5432bd14087649bc353fb63d,3286163911610860551,huM_torso_saul_52,Assets/Sprites/Characters/Portrait Parts/HumanM/huM_torso_saul_52.svg
431c6110558f17c439bb0bd621897dd1,3286163911610860551,huM_torso_shaman_29,Assets/Sprites/Characters/Portrait Parts/HumanM/huM_torso_shaman_29.svg
545c660928ac4bf4191738143b2eef91,3286163911610860551,huM_torso_soldier_19,Assets/Sprites/Characters/Portrait Parts/HumanM/huM_torso_soldier_19.svg
b830a906056ada74c91b206fde02d315,3286163911610860551,huM_torso_SpaceUniform_1,Assets/Sprites/Characters/Portrait Parts/HumanM/huM_torso_SpaceUniform_1.svg
98d58918d7e92604ab51222435ca20db,3286163911610860551,huM_torso_SpaceUniformN_44,Assets/Sprites/Characters/Portrait Parts/HumanM/huM_torso_SpaceUniformN_44.svg
942cca1619175cf4f9cb5a834e6d82bf,3286163911610860551,huM_torso_SpaceUniformNC_57,Assets/Sprites/Characters/Portrait Parts/HumanM/huM_torso_SpaceUniformNC_57.svg
caba4fb3b09c4a24c849ef364735e3f8,3286163911610860551,huM_torso_steele2_45,Assets/Sprites/Characters/Portrait Parts/HumanM/huM_torso_steele2_45.svg
cd6a6de627d4efa4ab965ccfdfeb8737,3286163911610860551,huM_torso_suit_18,Assets/Sprites/Characters/Portrait Parts/HumanM/huM_torso_suit_18.svg
577b7d9b27228f240bbd48c43eb56171,3286163911610860551,huM_torso_tropical1_11,Assets/Sprites/Characters/Portrait Parts/HumanM/huM_torso_tropical1_11.svg
116424eaa5431104eba74647b159772a,3286163911610860551,huM_torso_tropical2_12,Assets/Sprites/Characters/Portrait Parts/HumanM/huM_torso_tropical2_12.svg
4c05977981c0cb34f9381df782ce2e19,3286163911610860551,huM_torso_Tunic2_23,Assets/Sprites/Characters/Portrait Parts/HumanM/huM_torso_Tunic2_23.svg
29cd531abf255fe47aa686440f7d93f1,3286163911610860551,huM_torso_Tunic_6,Assets/Sprites/Characters/Portrait Parts/HumanM/huM_torso_Tunic_6.svg
9638de75c108b5d49b2e94ef4e0ec3b0,3286163911610860551,huM_torso_Tunic_Brown_24,Assets/Sprites/Characters/Portrait Parts/HumanM/huM_torso_Tunic_Brown_24.svg
c0bc2fd17fc12d041a56dff04b2cf29a,3286163911610860551,huM_torso_Tunic_Cream2_28,Assets/Sprites/Characters/Portrait Parts/HumanM/huM_torso_Tunic_Cream2_28.svg
26639995935572c4f83e8ed940d98053,3286163911610860551,huM_torso_Tunic_Cream_26,Assets/Sprites/Characters/Portrait Parts/HumanM/huM_torso_Tunic_Cream_26.svg
f8e8d394566182945b207dbdf1238a19,3286163911610860551,huM_torso_vehrn_35,Assets/Sprites/Characters/Portrait Parts/HumanM/huM_torso_vehrn_35.svg
8999e22585b1ce94d8db0163d5b13186,3286163911610860551,huM_torso_vennie_38,Assets/Sprites/Characters/Portrait Parts/HumanM/huM_torso_vennie_38.svg
8e43aaf488b4f4e439f92b46a78bf40c,3286163911610860551,huM_torso_wideshoulders_58,Assets/Sprites/Characters/Portrait Parts/HumanM/huM_torso_wideshoulders_58.svg
46df7131304c42e4aa2e6f2de6f88e63,3286163911610860551,huM_torso_Wobblescimitare_59,Assets/Sprites/Characters/Portrait Parts/HumanM/huM_torso_Wobblescimitare_59.svg
963b9333153389249b29cfb2758bc02e,3286163911610860551,huM_torso_WolfLeather_17,Assets/Sprites/Characters/Portrait Parts/HumanM/huM_torso_WolfLeather_17.svg
de23c16d598878544b1951e1113f4c65,3286163911610860551,huM_torso_YalortianRobe_3,Assets/Sprites/Characters/Portrait Parts/HumanM/huM_torso_YalortianRobe_3.svg
55b9bc50cb5068e42980c9fea5c79275,3286163911610860551,huM_torso_ZombiePlatemail_42,Assets/Sprites/Characters/Portrait Parts/HumanM/huM_torso_ZombiePlatemail_42.svg
6cea8635a065fa24cb83ba9a7dea7f80,3286163911610860551,huM_torso_zombieTunic_41,Assets/Sprites/Characters/Portrait Parts/HumanM/huM_torso_zombieTunic_41.svg
23d8e55cf01fcb24284a94b24eebdee2,3286163911610860551,Rep_eye_1,Assets/Sprites/Characters/Portrait Parts/Reptoid/Rep_eye_1.svg
8cfb6f657643bd34ca045d32ae954181,3286163911610860551,Rep_eye_2,Assets/Sprites/Characters/Portrait Parts/Reptoid/Rep_eye_2.svg
e8a485270bdb5074ab1b51b089911460,3286163911610860551,Rep_eye_3,Assets/Sprites/Characters/Portrait Parts/Reptoid/Rep_eye_3.svg
82bfaf63d6897a64abb9f2793d07f0e0,3286163911610860551,Rep_eye_4,Assets/Sprites/Characters/Portrait Parts/Reptoid/Rep_eye_4.svg
6a8b81e38af49734fa1050e519956f1b,3286163911610860551,Rep_eye_5,Assets/Sprites/Characters/Portrait Parts/Reptoid/Rep_eye_5.svg
1dfedcb8c71878841b22f30d542881d0,3286163911610860551,Rep_eye_evil_13,Assets/Sprites/Characters/Portrait Parts/Reptoid/Rep_eye_evil_13.svg
b6a1f37987f0d9443994a2558159aec9,3286163911610860551,Rep_eye_orange_12,Assets/Sprites/Characters/Portrait Parts/Reptoid/Rep_eye_orange_12.svg
a21cbefe6a93e00409b273a43481b6e1,3286163911610860551,Rep_eye_pseudolonewolf_10,Assets/Sprites/Characters/Portrait Parts/Reptoid/Rep_eye_pseudolonewolf_10.svg
88d810904772a93499fcc10e3ad01675,3286163911610860551,Rep_eye_tattoo_11,Assets/Sprites/Characters/Portrait Parts/Reptoid/Rep_eye_tattoo_11.svg
c748e58a089c96f4d8a8c0f683ee685a,3286163911610860551,Rep_eyelid_40,Assets/Sprites/Characters/Portrait Parts/Reptoid/Rep_eyelid_40.svg
a6bacbd6c664c61488c49eb4b0867c45,3286163911610860551,Rep_eyelid_41,Assets/Sprites/Characters/Portrait Parts/Reptoid/Rep_eyelid_41.svg
1359c0c9c74393744892ad0e770e1af9,3286163911610860551,Rep_eyelid_42,Assets/Sprites/Characters/Portrait Parts/Reptoid/Rep_eyelid_42.svg
861fc176390a4d4449b1b726d45ed78c,3286163911610860551,Rep_eyelid_rep_angrEyeBorder2_1640,Assets/Sprites/Characters/Portrait Parts/Reptoid/Rep_eyelid_rep_angrEyeBorder2_1640.svg
1b3b0f01b977e4f46b566a5ecde1bb12,3286163911610860551,Rep_eyelid_rep_angrEyeMask_1639,Assets/Sprites/Characters/Portrait Parts/Reptoid/Rep_eyelid_rep_angrEyeMask_1639.svg
413d3ff27f7e1ab4da6a00bdfa953a74,3286163911610860551,Rep_eyelid_rep_deepEyeBorder2_1638,Assets/Sprites/Characters/Portrait Parts/Reptoid/Rep_eyelid_rep_deepEyeBorder2_1638.svg
610d9933657f0aa4085d13f53430fce8,3286163911610860551,Rep_eyelid_rep_deepEyeMask_1637,Assets/Sprites/Characters/Portrait Parts/Reptoid/Rep_eyelid_rep_deepEyeMask_1637.svg
e433fd2c6c108a24b94c3ac6581f7878,3286163911610860551,Rep_eyelid_rep_eyeBorder1_1635,Assets/Sprites/Characters/Portrait Parts/Reptoid/Rep_eyelid_rep_eyeBorder1_1635.svg
2d546959526c60d409026c35bc8ece09,3286163911610860551,Rep_eyelid_rep_grinEyeBorder2_1642,Assets/Sprites/Characters/Portrait Parts/Reptoid/Rep_eyelid_rep_grinEyeBorder2_1642.svg
afedd3f83453cac44bf8a91b57be92e9,3286163911610860551,Rep_eyelid_rep_grinEyeMask_1641,Assets/Sprites/Characters/Portrait Parts/Reptoid/Rep_eyelid_rep_grinEyeMask_1641.svg
4baa964ef57af754a8d5fe5ef565fa67,3286163911610860551,Rep_eyelid_rep_normEyeBorder2_1636,Assets/Sprites/Characters/Portrait Parts/Reptoid/Rep_eyelid_rep_normEyeBorder2_1636.svg
b183536d43f06624cb6f062903b0537a,3286163911610860551,Rep_eyelid_rep_normEyeMask_1618,Assets/Sprites/Characters/Portrait Parts/Reptoid/Rep_eyelid_rep_normEyeMask_1618.svg
e93fd4188812421418010221d118f861,3286163911610860551,Rep_eyelid_rep_plwEyeBorder2_1649,Assets/Sprites/Characters/Portrait Parts/Reptoid/Rep_eyelid_rep_plwEyeBorder2_1649.svg
a5a071577d905f64c96da8f6e47ecb4d,3286163911610860551,Rep_eyelid_rep_plwEyeMask_1648,Assets/Sprites/Characters/Portrait Parts/Reptoid/Rep_eyelid_rep_plwEyeMask_1648.svg
29e10d8cc9d49e34e8870d94bc6d1980,3286163911610860551,Rep_eyelid_rep_shokEyeBorder2_1646,Assets/Sprites/Characters/Portrait Parts/Reptoid/Rep_eyelid_rep_shokEyeBorder2_1646.svg
38a87d5285da05d45943f75f2b90dda7,3286163911610860551,Rep_eyelid_rep_shokEyeMask_1645,Assets/Sprites/Characters/Portrait Parts/Reptoid/Rep_eyelid_rep_shokEyeMask_1645.svg
fd0a0d02d9fae884997df067d590945a,3286163911610860551,Rep_eyelid_rep_suspEyeBorder2_1644,Assets/Sprites/Characters/Portrait Parts/Reptoid/Rep_eyelid_rep_suspEyeBorder2_1644.svg
9ff56a6a641a31d47b56262f3bbcc21c,3286163911610860551,Rep_eyelid_rep_suspEyeMask_1643,Assets/Sprites/Characters/Portrait Parts/Reptoid/Rep_eyelid_rep_suspEyeMask_1643.svg
4e82ebfe277c27e4e8d88add70a462b6,3286163911610860551,Rep_eyelid_rep_zzzEyeBorder2_1647,Assets/Sprites/Characters/Portrait Parts/Reptoid/Rep_eyelid_rep_zzzEyeBorder2_1647.svg
006b4c88169a22a48adafeeff62e50f0,3286163911610860551,Rep_face_1,Assets/Sprites/Characters/Portrait Parts/Reptoid/Rep_face_1.svg
6f2b2bb06a60f204f8b213fecc428b95,3286163911610860551,Rep_face_2,Assets/Sprites/Characters/Portrait Parts/Reptoid/Rep_face_2.svg
d5a7291fb4c48d04088658cf7615d02b,3286163911610860551,Rep_face_3,Assets/Sprites/Characters/Portrait Parts/Reptoid/Rep_face_3.svg
d5b6fcbd8e83962488c8e3124df68369,3286163911610860551,Rep_face_4,Assets/Sprites/Characters/Portrait Parts/Reptoid/Rep_face_4.svg
da91798613d217b4c99f8439f4d33024,3286163911610860551,Rep_face_15,Assets/Sprites/Characters/Portrait Parts/Reptoid/Rep_face_15.svg
fc2cb94dfe83a6f4baf57e5af0f7d16c,3286163911610860551,Rep_face_16,Assets/Sprites/Characters/Portrait Parts/Reptoid/Rep_face_16.svg
3df4ccaff162db84a9692b81e739c0a2,3286163911610860551,Rep_face_19,Assets/Sprites/Characters/Portrait Parts/Reptoid/Rep_face_19.svg
46675f1510a687f4dba9a173dc3cee42,3286163911610860551,Rep_face_20,Assets/Sprites/Characters/Portrait Parts/Reptoid/Rep_face_20.svg
cc8b0433fcb58ca448e7235b942a1030,3286163911610860551,Rep_face_21,Assets/Sprites/Characters/Portrait Parts/Reptoid/Rep_face_21.svg
63885fb5685af094db9e44159efabf3a,3286163911610860551,Rep_face_evil_5,Assets/Sprites/Characters/Portrait Parts/Reptoid/Rep_face_evil_5.svg
324db08d4fc863b4a82f2835a1e4bfe8,3286163911610860551,Rep_face_pseudolonewolf_10,Assets/Sprites/Characters/Portrait Parts/Reptoid/Rep_face_pseudolonewolf_10.svg
0a4fcbfdbc4bbdd4ebb51673302989c7,3286163911610860551,Rep_face_sslenck_8,Assets/Sprites/Characters/Portrait Parts/Reptoid/Rep_face_sslenck_8.svg
93a5f8946d21bb04693433ef8f915210,3286163911610860551,Rep_face_tattoo_9,Assets/Sprites/Characters/Portrait Parts/Reptoid/Rep_face_tattoo_9.svg
85cff447a962a5e40a0913e1c6046268,3286163911610860551,Rep_mouth_1,Assets/Sprites/Characters/Portrait Parts/Reptoid/Rep_mouth_1.svg
3241126fe43e9e94a8112b4449375b62,3286163911610860551,Rep_mouth_evil_12,Assets/Sprites/Characters/Portrait Parts/Reptoid/Rep_mouth_evil_12.svg
ca67b47e06f8ab24d91704446e58aafe,3286163911610860551,Rep_mouth_pseudolonewolf_10,Assets/Sprites/Characters/Portrait Parts/Reptoid/Rep_mouth_pseudolonewolf_10.svg
38421717dcd3f0f4792a24566e62dece,3286163911610860551,Rep_mouth_sslenck_11,Assets/Sprites/Characters/Portrait Parts/Reptoid/Rep_mouth_sslenck_11.svg
f1f8a1d13b17ca646ba8951357d08ae0,3286163911610860551,Rep_mouth_tattoo_9,Assets/Sprites/Characters/Portrait Parts/Reptoid/Rep_mouth_tattoo_9.svg
2a8ac2d8544e1da48986f36b596e684d,3286163911610860551,Rep_neck_1,Assets/Sprites/Characters/Portrait Parts/Reptoid/Rep_neck_1.svg
e91d19be1a060e744a576f941f303e35,3286163911610860551,Rep_neck_evil_13,Assets/Sprites/Characters/Portrait Parts/Reptoid/Rep_neck_evil_13.svg
2ade000a0b5cbc44093dbcd9eae593db,3286163911610860551,Rep_neck_pseudolonewolf_10,Assets/Sprites/Characters/Portrait Parts/Reptoid/Rep_neck_pseudolonewolf_10.svg
dfcdffe1b4ef5b74d86cff196f4be8f8,3286163911610860551,Rep_neck_sslenck_12,Assets/Sprites/Characters/Portrait Parts/Reptoid/Rep_neck_sslenck_12.svg
e94036643bd31a84dbb4a3e381a0375b,3286163911610860551,Rep_neck_tattoo_11,Assets/Sprites/Characters/Portrait Parts/Reptoid/Rep_neck_tattoo_11.svg
e6f75f593487e984ca9afab4521396ce,3286163911610860551,Rep_torso_leather2_5,Assets/Sprites/Characters/Portrait Parts/Reptoid/Rep_torso_leather2_5.svg
131b57d67b2604f4d8ed508d935dc513,3286163911610860551,Rep_torso_leatherarmour_4,Assets/Sprites/Characters/Portrait Parts/Reptoid/Rep_torso_leatherarmour_4.svg
18bb23d0c0ef03f478b43496d4f710ee,3286163911610860551,Rep_torso_none_3,Assets/Sprites/Characters/Portrait Parts/Reptoid/Rep_torso_none_3.svg
a75b84289ffa6fb44b62091a8f1e5c15,3286163911610860551,Rep_torso_plw_11,Assets/Sprites/Characters/Portrait Parts/Reptoid/Rep_torso_plw_11.svg
23bd1baaa3e77d94c8fbcea7b7b4634f,3286163911610860551,Rep_torso_ReptoidMail_2,Assets/Sprites/Characters/Portrait Parts/Reptoid/Rep_torso_ReptoidMail_2.svg
7fbd829a66ddece4490a1fa91d7789ab,3286163911610860551,Rep_torso_robe_7,Assets/Sprites/Characters/Portrait Parts/Reptoid/Rep_torso_robe_7.svg
dc84289d7c5c563459f583715cd6cb1e,3286163911610860551,Rep_torso_SpiritcasterGarb_1,Assets/Sprites/Characters/Portrait Parts/Reptoid/Rep_torso_SpiritcasterGarb_1.svg
2654de95cf55c204a974c3b742725bc1,3286163911610860551,Rep_torso_sslenck_6,Assets/Sprites/Characters/Portrait Parts/Reptoid/Rep_torso_sslenck_6.svg
877f400990c3d2744b5982bb26f61017,3286163911610860551,eyes_blue_1721_robot_legion,Assets/Sprites/Characters/Portrait Parts/Robot/eyes_blue_1721_robot_legion.svg
ee0bb3af0a049ca4594fdf589d21584f,3286163911610860551,eyes_dead_1724_robot_legion,Assets/Sprites/Characters/Portrait Parts/Robot/eyes_dead_1724_robot_legion.svg
8ab5cca15eb7913408872b71ae753aa8,3286163911610860551,eyes_norm_1719_robot_legion,Assets/Sprites/Characters/Portrait Parts/Robot/eyes_norm_1719_robot_legion.svg
6fe6e3d633341384896bf9348edffac4,3286163911610860551,eyes_purple_1722_robot_legion,Assets/Sprites/Characters/Portrait Parts/Robot/eyes_purple_1722_robot_legion.svg
b23bf38ace9acff4fb3e88e8bca564a9,3286163911610860551,eyes_red_1720_robot_legion,Assets/Sprites/Characters/Portrait Parts/Robot/eyes_red_1720_robot_legion.svg
3f71edc24c382744c8f84dd91cfad823,3286163911610860551,eyes_yellow_1723_robot_legion,Assets/Sprites/Characters/Portrait Parts/Robot/eyes_yellow_1723_robot_legion.svg
35d89f2dbee245046bd5c33c18a5a1e7,3286163911610860551,front_details_1726_robot_legion,Assets/Sprites/Characters/Portrait Parts/Robot/front_details_1726_robot_legion.svg
450685dd981dfc045ab8614c782d21fe,3286163911610860551,gear_1716_robot_legion,Assets/Sprites/Characters/Portrait Parts/Robot/gear_1716_robot_legion.svg
77e841d67008c1345bd5dbd08f8c0e42,3286163911610860551,torso_1718_robot_legion,Assets/Sprites/Characters/Portrait Parts/Robot/torso_1718_robot_legion.svg
ddc5f43cc7a09fc44bfdd6db415d4243,3286163911610860551,wires_1715_robot_legion,Assets/Sprites/Characters/Portrait Parts/Robot/wires_1715_robot_legion.svg
b7db36590023e5a49878cdb6add8ca32,21300000,Chest_DarkTemple_Closed,Assets/Sprites/Chests/Chest_DarkTemple_Closed.png
42d27edb51ce5e44ea4c28d5ebdaedc7,21300000,Chest_DarkTemple_Open,Assets/Sprites/Chests/Chest_DarkTemple_Open.png
1fd27b8979639ac409f345edaa8d0625,21300000,Chest_Default_Closed,Assets/Sprites/Chests/Chest_Default_Closed.png
1de38682d0828ee4a9d0eecd905407c8,21300000,Chest_Default_Open,Assets/Sprites/Chests/Chest_Default_Open.png
8a925e214fc2ee74da1d8d075d1386dc,21300000,Chest_Desert_Closed,Assets/Sprites/Chests/Chest_Desert_Closed.png
937b55e2cd2d63745a4d5f0d5532dad1,21300000,Chest_Desert_Open,Assets/Sprites/Chests/Chest_Desert_Open.png
6ab0f4eaf5f8c534c92e22d197e351c6,21300000,Chest_DreamStone_Closed,Assets/Sprites/Chests/Chest_DreamStone_Closed.png
2ef3365ec2b21344bb9666735927d3dd,21300000,Chest_DreamStone_Open,Assets/Sprites/Chests/Chest_DreamStone_Open.png
0f62a8afc126ff04cb1b12cafab25c1f,21300000,Chest_MoricShip_Closed,Assets/Sprites/Chests/Chest_MoricShip_Closed.png
5b666e9e07e3a9f449c0416a1eef8245,21300000,Chest_MoricShip_Open,Assets/Sprites/Chests/Chest_MoricShip_Open.png
771ddbe52aa557e438feb420b0e81dcb,21300000,Brazier_1,Assets/Sprites/Decorations/Dragon's Lair/Brazier_1.png
143d3f4cd5b4801439a4a1b81497af6f,21300000,Brazier_2,Assets/Sprites/Decorations/Dragon's Lair/Brazier_2.png
a4877ab59166f9e48aaa7b8c19689307,21300000,Brazier_3,Assets/Sprites/Decorations/Dragon's Lair/Brazier_3.png
8cd9b2f51386dcf4e95b896d33dd6010,21300000,Brazier_4,Assets/Sprites/Decorations/Dragon's Lair/Brazier_4.png
4638ec5759a2e414e80c9868c9b28c76,21300000,Torch_1,Assets/Sprites/Decorations/Dragon's Lair/Torch_1.png
b6915ad5db7874249886d6927c603287,21300000,Torch_2,Assets/Sprites/Decorations/Dragon's Lair/Torch_2.png
ed27a3e2e24f0a647a1b1eebd8e95b1e,21300000,Torch_3,Assets/Sprites/Decorations/Dragon's Lair/Torch_3.png
5cea857c1382f8d40a778b3d001e18c8,21300000,Torch_4,Assets/Sprites/Decorations/Dragon's Lair/Torch_4.png
69aaa56eaf6e4fd48a07bea26448a75c,21300000,LeverOff,Assets/Sprites/Decorations/LeverOff.png
027bdf84eedd0054b864c5134aa738dd,21300000,LeverOn,Assets/Sprites/Decorations/LeverOn.png
90a48cc17d5f2c549abbc965ee9714a0,21300000,Crash_Site_Door,Assets/Sprites/Doors/Crash_Site_Door.png
a0569c91490a50d45ba29a5879a4497f,21300000,Dark_Wood_Door,Assets/Sprites/Doors/Dark_Wood_Door.png
3cbefa1accfd95b4aab2902c0d4f8eff,21300000,Door_1,Assets/Sprites/Doors/Door_1.png
e81891500488a5f458a0f6a41c9bec95,21300000,Door_2,Assets/Sprites/Doors/Door_2.png
356c98828086d7e4aac9631664a30ff6,21300000,Door_3,Assets/Sprites/Doors/Door_3.png
fd347f7e79b585c4393d81e5b3db771a,21300000,Door_4,Assets/Sprites/Doors/Door_4.png
cc3d4a1e059d47247b5689920adbe0ea,21300000,Monastery_Door,Assets/Sprites/Doors/Monastery_Door.png
a1213608752b00647bbf52d1d87d6a8a,21300000,Rural_Door,Assets/Sprites/Doors/Rural_Door.png
3271ccdd8a46d0341a4b1b9fc40c1c9f,21300000,Transition Icon,Assets/Sprites/Doors/Transition Icon.png
ad37b87e43605b6409ea271089ba5250,3286163911610860551,Aether,Assets/Sprites/Elements/Aether.svg
8078c3741adefe842a2f94a39c0691db,3286163911610860551,Air,Assets/Sprites/Elements/Air.svg
3cc11c1f76e4c4645ab4dba7757efaa8,3286163911610860551,Dark,Assets/Sprites/Elements/Dark.svg
ed7ccdc16f4b6ac4faaa7ce6b88faa9a,3286163911610860551,Divine,Assets/Sprites/Elements/Divine.svg
b4d6551a6f776ff4b8b328bcb9a7719a,3286163911610860551,Earth,Assets/Sprites/Elements/Earth.svg
3773a46ef64ad204ca30bad95bc760f6,3286163911610860551,Fig,Assets/Sprites/Elements/Fig.svg
ed842c2948349de488f70fbe597026ef,3286163911610860551,Fire,Assets/Sprites/Elements/Fire.svg
9f65eafd7150aae418efe75f21b9a955,3286163911610860551,Light,Assets/Sprites/Elements/Light.svg
a6c274a32fd3f9c43b76e1d43a583806,3286163911610860551,Physical,Assets/Sprites/Elements/Physical.svg
6dc236f0a7b30c849877fd6dea458ace,3286163911610860551,Thauma,Assets/Sprites/Elements/Thauma.svg
4aa1cda2e2ab1b04fa898f99f1a9b61d,3286163911610860551,AetherThickness20,Assets/Sprites/Elements/Thicksprites/AetherThickness20.svg
2ded2c7a96b781a43b0e937dd14880e2,3286163911610860551,AirThickness20,Assets/Sprites/Elements/Thicksprites/AirThickness20.svg
1f3607e292f93a64c9bf13e6a02a50c4,3286163911610860551,DarkThickness20,Assets/Sprites/Elements/Thicksprites/DarkThickness20.svg
db17fc397bdc72b46b8218d8024c7777,3286163911610860551,DivineThickness20,Assets/Sprites/Elements/Thicksprites/DivineThickness20.svg
a7c9f0d1356f7e04a9c2132eee81d514,3286163911610860551,EarthThickness20,Assets/Sprites/Elements/Thicksprites/EarthThickness20.svg
ee7efa4e652da0543b89f1e57f4c1573,3286163911610860551,FigThickness20,Assets/Sprites/Elements/Thicksprites/FigThickness20.svg
5fcec01883c087942ae5a7dc5e851fd9,3286163911610860551,FireThickness20,Assets/Sprites/Elements/Thicksprites/FireThickness20.svg
6046cf49c0c6c744f959f8d692069caa,3286163911610860551,LightThickness20,Assets/Sprites/Elements/Thicksprites/LightThickness20.svg
db841783966c2c14fa18e14154585fa8,3286163911610860551,PhysicalThickness20,Assets/Sprites/Elements/Thicksprites/PhysicalThickness20.svg
99111108a0d9b1f4581d653c48d955a8,3286163911610860551,ThaumaThickness20,Assets/Sprites/Elements/Thicksprites/ThaumaThickness20.svg
0823bd1d3a0515a43ba8a259127ccf0e,3286163911610860551,WaterThickness20,Assets/Sprites/Elements/Thicksprites/WaterThickness20.svg
1fca8b001fed3eb42a5f3031e9709281,3286163911610860551,Water,Assets/Sprites/Elements/Water.svg
5b11075e091127949aea1d238b1fcacb,3286163911610860551,FireCrystal,Assets/Sprites/Encyclopedia/Artefacts/FireCrystal.svg
8a9b09a7357fd7a46888a779c0478959,3286163911610860551,WaterCrystal,Assets/Sprites/Encyclopedia/Artefacts/WaterCrystal.svg
c84bf70d92c4065458bb1857b4f484c4,21300000,Dreamstone,Assets/Sprites/Encyclopedia/Dreamstones/Dreamstone.png
f37f7edef60a0aa4fbf69e4174bf5a02,21300000,NewMarker,Assets/Sprites/Encyclopedia/Dreamstones/NewMarker.png
8b5f77fef75877b438ca47eb8e513e66,21300000,Belfan,Assets/Sprites/Encyclopedia/Places/Belfan.png
b85e84766d6d66b41a46a7438cc1592a,21300000,AmethystEaring,Assets/Sprites/Item/Accessory/AmethystEaring.png
e76ba5409193ed447b2d2b68f76d8dec,21300000,BeltOfMovement,Assets/Sprites/Item/Accessory/BeltOfMovement.png
5db6bfb653f21984789f65591517b0c8,21300000,BodyCrystal,Assets/Sprites/Item/Accessory/BodyCrystal.png
adaed5135dcfb334b9613f54197a768b,21300000,Bonestone,Assets/Sprites/Item/Accessory/Bonestone.png
3d3dc838f9d41454b88bbc0b124e7ac0,21300000,BootsOfCelerity,Assets/Sprites/Item/Accessory/BootsOfCelerity.png
674d326454d6fb141bb74410608c2e37,21300000,BootsOfSpeed,Assets/Sprites/Item/Accessory/BootsOfSpeed.png
95db17ac598a57b4aafab24f99d02c65,21300000,BearCharm,Assets/Sprites/Item/Accessory/Charms/BearCharm.png
3c92afa0acb544a4391cf2cdd91720e3,21300000,CogCharm,Assets/Sprites/Item/Accessory/Charms/CogCharm.png
5431189d1f05aa64ab40786181274e7d,21300000,DragonCharm,Assets/Sprites/Item/Accessory/Charms/DragonCharm.png
b1eec9cf4b2cd3e499ae866634e1e21c,21300000,FeatherCharm,Assets/Sprites/Item/Accessory/Charms/FeatherCharm.png
235ff6ef64920f946bbc5af345a8695d,21300000,FlameCharm,Assets/Sprites/Item/Accessory/Charms/FlameCharm.png
a8420995cd375224fa1420b879cdf379,21300000,LeafCharm,Assets/Sprites/Item/Accessory/Charms/LeafCharm.png
16662d51209411241ac4383e512e4aee,21300000,MCharm,Assets/Sprites/Item/Accessory/Charms/MCharm.png
9df68b0623293f7489b38e60671dfdd8,21300000,SongCharm,Assets/Sprites/Item/Accessory/Charms/SongCharm.png
48b1797e0e0a8b64a95fc794abf2dc21,21300000,SpannerCharm,Assets/Sprites/Item/Accessory/Charms/SpannerCharm.png
9413f4762d30297488e6e00230ea69f0,21300000,StarCharm,Assets/Sprites/Item/Accessory/Charms/StarCharm.png
a48968dd1c92f0a4eb65d0a48797022f,21300000,YALORTCharm,Assets/Sprites/Item/Accessory/Charms/YALORTCharm.png
4de7faa1669ad5e4ca676b5b13f5b572,21300000,CogNecklace,Assets/Sprites/Item/Accessory/CogNecklace.png
299322c8d2d47df44aa44309de8a031a,21300000,DragonAmulet,Assets/Sprites/Item/Accessory/DragonAmulet.png
3d61a9507a206da4e88a599e990f81eb,21300000,DragonbloodCharm,Assets/Sprites/Item/Accessory/DragonbloodCharm.png
1261746b5e20e244899c8af4302ee033,21300000,EclipseAmulet,Assets/Sprites/Item/Accessory/EclipseAmulet.png
e1f492942cb2a934ca4d8a1d8d1e57a0,21300000,EmeraldBangle,Assets/Sprites/Item/Accessory/EmeraldBangle.png
5b12459c0b484cb4bb45e84a099834cb,21300000,BlueFairy,Assets/Sprites/Item/Accessory/Fairies/BlueFairy.png
4aa7ae02f24e31d419f5af82fc83315a,21300000,GreenFairy,Assets/Sprites/Item/Accessory/Fairies/GreenFairy.png
2ea53314c8372314a8810cd8c9fe700e,21300000,PurpleFairy,Assets/Sprites/Item/Accessory/Fairies/PurpleFairy.png
fe6470fc5ae5606458e90acdb7b8bfff,21300000,RedFairy,Assets/Sprites/Item/Accessory/Fairies/RedFairy.png
e228d4545658b8d4685e191f7469b3b0,21300000,YellowFairy,Assets/Sprites/Item/Accessory/Fairies/YellowFairy.png
7babf510505c5444c8167f7e0e3624f7,21300000,Gauntlet,Assets/Sprites/Item/Accessory/Gauntlet.png
3eb9380e1b89e0d44be1c7ae548838bd,21300000,Amethyst,Assets/Sprites/Item/Accessory/Gems/Amethyst.png
8a806b71bfc1a5b46ac4d8364efc853b,21300000,Aquamarine,Assets/Sprites/Item/Accessory/Gems/Aquamarine.png
d636c1e64fc59fa4bb82a9def2bd24f7,21300000,BloodOpal,Assets/Sprites/Item/Accessory/Gems/BloodOpal.png
656a1ece37bee7848acebf2fba63dd47,21300000,Candriathope,Assets/Sprites/Item/Accessory/Gems/Candriathope.png
6cf5c1758f331a142a7c5a75dff9e0ac,21300000,Emerald,Assets/Sprites/Item/Accessory/Gems/Emerald.png
540e4ef0da88bb247a7d6d3ca48e7cbe,21300000,EveningStar,Assets/Sprites/Item/Accessory/Gems/EveningStar.png
3f318b8908a2a9c40b746a5cd324baca,21300000,FireOpal,Assets/Sprites/Item/Accessory/Gems/FireOpal.png
8a2e5ef5699fe754188a6fb1343e3960,21300000,Jade,Assets/Sprites/Item/Accessory/Gems/Jade.png
603c37f2113623848a2418d428cd8742,21300000,Moonstone,Assets/Sprites/Item/Accessory/Gems/Moonstone.png
b38a7a87ae6c2a14d8eef98fe3d54b68,21300000,Onyx,Assets/Sprites/Item/Accessory/Gems/Onyx.png
5221665cc72d8ca4699deeabae9d66d5,21300000,Ruby,Assets/Sprites/Item/Accessory/Gems/Ruby.png
809b350107dd62c45932148dc07c875d,21300000,Sapphire,Assets/Sprites/Item/Accessory/Gems/Sapphire.png
1668b8af2e73fce4996f670e89df00b1,21300000,SoulStone,Assets/Sprites/Item/Accessory/Gems/SoulStone.png
eaf4d9e582cf1ee49b51f9b159b0632c,21300000,Topaz,Assets/Sprites/Item/Accessory/Gems/Topaz.png
08f687ce652a0534d84c392b4f8bd145,21300000,Turquoise,Assets/Sprites/Item/Accessory/Gems/Turquoise.png
8f3b308574b5a914f8a254fd35d8b929,21300000,Viper'sEye,Assets/Sprites/Item/Accessory/Gems/Viper'sEye.png
cf6391bc7ac60c240bd8f80c6f7d7f53,21300000,Wispstone,Assets/Sprites/Item/Accessory/Gems/Wispstone.png
407a2a6b2b453144ba87dee5714a52d8,21300000,GoldenGauntlet,Assets/Sprites/Item/Accessory/GoldenGauntlet.png
c9534abe6edeeab4daba55d1b688e72f,21300000,GreenBeads,Assets/Sprites/Item/Accessory/GreenBeads.png
0bf9295db61ca8e49a570407ccc26d7e,21300000,KindStar,Assets/Sprites/Item/Accessory/KindStar.png
7688d89dff1cfff46991245bce98f75b,21300000,LapisBeads,Assets/Sprites/Item/Accessory/LapisBeads.png
1b8286652ae31ca43bf8e5b158fccc8b,21300000,LapisLily,Assets/Sprites/Item/Accessory/LapisLily.png
4ad4e48b3620eb34382bf3e4f6975055,21300000,LuckyCoin,Assets/Sprites/Item/Accessory/LuckyCoin.png
19637a5dee20fce4784b250aa85a840b,21300000,MindCrystal,Assets/Sprites/Item/Accessory/MindCrystal.png
f34325c28b44c0b4fb87a958a8363dfe,21300000,AirPendant,Assets/Sprites/Item/Accessory/Pendant/AirPendant.png
d0cde327a658741468d2e430fe631e03,21300000,EarthPendant,Assets/Sprites/Item/Accessory/Pendant/EarthPendant.png
d7f10eed27e39c441a02916b4e951aa8,21300000,FirePendant,Assets/Sprites/Item/Accessory/Pendant/FirePendant.png
61939b474d2f4d84eaa68739ca3760be,21300000,PickaxePendant,Assets/Sprites/Item/Accessory/Pendant/PickaxePendant.png
6d8f171ff23aa3449b1419384196ee61,21300000,SilverPendant,Assets/Sprites/Item/Accessory/Pendant/SilverPendant.png
6c21643050745cc43aa33be5fde0d272,21300000,WaterPendant,Assets/Sprites/Item/Accessory/Pendant/WaterPendant.png
b9a75f71678524b4db2614cced7a6337,21300000,RainbowDisc,Assets/Sprites/Item/Accessory/RainbowDisc.png
783786bf1be24314284cd21e8454af88,21300000,CopperRing,Assets/Sprites/Item/Accessory/Rings/CopperRing.png
360430a908fae52438673096ffe67c11,21300000,FirestoneRing,Assets/Sprites/Item/Accessory/Rings/FirestoneRing.png
1503816086a244b46a0f42f84139cb96,21300000,GoldRing,Assets/Sprites/Item/Accessory/Rings/GoldRing.png
9bc408d05fa48cb4ea90925789af4a81,21300000,MoonstoneRing,Assets/Sprites/Item/Accessory/Rings/MoonstoneRing.png
93419734bf6be0a49abb5cae1f50094c,21300000,OnyxRing,Assets/Sprites/Item/Accessory/Rings/OnyxRing.png
cb993d85215634844b2a4c8a68159e08,21300000,RingOfAGL+2,Assets/Sprites/Item/Accessory/Rings/RingOfAGL+2.png
8fc5a42aaee0a94439839624a2fba480,21300000,RingOfAGL,Assets/Sprites/Item/Accessory/Rings/RingOfAGL.png
dcad6f9e611443e4eb8672a9197b55ee,21300000,RingOfSPR+2,Assets/Sprites/Item/Accessory/Rings/RingOfSPR+2.png
b0f5b7bed7bf4374e9d321b65aa939e7,21300000,RingOfSPR,Assets/Sprites/Item/Accessory/Rings/RingOfSPR.png
9d3a19598cb75a54796b9f1985d9c735,21300000,RingOfSTR+2,Assets/Sprites/Item/Accessory/Rings/RingOfSTR+2.png
1acf5adfa75705b4d9556c9045197a23,21300000,RingOfSTR,Assets/Sprites/Item/Accessory/Rings/RingOfSTR.png
871666a9e05833b45846078492245d84,21300000,RingOfVIT+2,Assets/Sprites/Item/Accessory/Rings/RingOfVIT+2.png
aee7328936f2cb040bbeba78179be055,21300000,RingOfVIT,Assets/Sprites/Item/Accessory/Rings/RingOfVIT.png
e8d894cb8f9cf5e48acff929c135d3e7,21300000,SilverRing,Assets/Sprites/Item/Accessory/Rings/SilverRing.png
eafaba7c534e9af4cb90e3be62b5e7dd,21300000,SapphireBangle,Assets/Sprites/Item/Accessory/SapphireBangle.png
900ae1b8ecfc5bc4e847c2f03ac2225d,21300000,ScarabOfFury,Assets/Sprites/Item/Accessory/Scarabs/ScarabOfFury.png
5a5fe863bd01f5145a428fb636a9905c,21300000,ScarabOfHealth,Assets/Sprites/Item/Accessory/Scarabs/ScarabOfHealth.png
26d7dedeffde2474e9b234cd0ffe253d,21300000,ScarabOfProtection,Assets/Sprites/Item/Accessory/Scarabs/ScarabOfProtection.png
c9674626e2a02a046a154b508b4a40bf,21300000,Snakestone,Assets/Sprites/Item/Accessory/Snakestone.png
cbf600169ae86034e9d9e6270de6bcaa,21300000,SolakianAmulet,Assets/Sprites/Item/Accessory/SolakianAmulet.png
da4d7aa2df9c43b4e9d8829b1a0af93d,21300000,SorcerersSoul,Assets/Sprites/Item/Accessory/SorcerersSoul.png
406b244e6441a0c41968dae335357c57,21300000,WarlordsSoul,Assets/Sprites/Item/Accessory/WarlordsSoul.png
52adfcdb1bfe6a044a0d529ae4544cf7,21300000,YalortianAmulet,Assets/Sprites/Item/Accessory/YalortianAmulet.png
0270c96f2e262204d956f8d12ed97866,21300000,ExpensiveSuit,Assets/Sprites/Item/Armour/Clothing/ExpensiveSuit.png
3f1dc9ab68dbf3448accf4e7e096af4e,21300000,LesserRainbowShirt,Assets/Sprites/Item/Armour/Clothing/LesserRainbowShirt.png
ae8c2d8d986d1ca4ba152416d3583a4e,21300000,MagicBlouse,Assets/Sprites/Item/Armour/Clothing/MagicBlouse.png
cd1cd01ee426c1745bc785cda928b594,21300000,MagicShirt,Assets/Sprites/Item/Armour/Clothing/MagicShirt.png
d593f2caa3dbc144495640077af45248,21300000,Tunic,Assets/Sprites/Item/Armour/Clothing/Tunic.png
502dd91d92f347341aa48f18e2ffd83c,21300000,GoldenMHelm,Assets/Sprites/Item/Armour/FullHelm/GoldenMHelm.png
2b77cd4dd26dfbb4891b3d400d2563bd,21300000,RustyHelm,Assets/Sprites/Item/Armour/FullHelm/RustyHelm.png
8ab0170c5833611439682ee97b58d314,21300000,HornedHelm,Assets/Sprites/Item/Armour/HalfHelm/HornedHelm.png
4a874a6d0c57a424c9a11076c828807d,21300000,KettleHat,Assets/Sprites/Item/Armour/HalfHelm/KettleHat.png
e9efc0e42b69e284eaef493288cd6743,21300000,LeatherHelm,Assets/Sprites/Item/Armour/HalfHelm/LeatherHelm.png
08897fceac979a84b8d74674ad2dbcce,21300000,SkullHelm,Assets/Sprites/Item/Armour/HalfHelm/SkullHelm.png
6fa6b770fa193bc41a617bbf8fa56b59,21300000,BlackHat,Assets/Sprites/Item/Armour/Hat/BlackHat.png
dfa3988f37ce10648a816d64dff4fcf4,21300000,BronzeCirclet,Assets/Sprites/Item/Armour/Hat/BronzeCirclet.png
23660e949e464f143a65ab3858bda8f5,21300000,CursedBeret,Assets/Sprites/Item/Armour/Hat/CursedBeret.png
c66f9857d04f03a4ba25dfc9ac8bc2cf,21300000,ElfCap,Assets/Sprites/Item/Armour/Hat/ElfCap.png
d99ae24247e6c6e4b8f9e4ed2e05c9a1,21300000,FeatherCrest,Assets/Sprites/Item/Armour/Hat/FeatherCrest.png
837a012be511c1049b9eee0e17d8698a,21300000,GoldenCirclet,Assets/Sprites/Item/Armour/Hat/GoldenCirclet.png
4edf9929eaed28742ab3ec12cfaaa775,21300000,Hat,Assets/Sprites/Item/Armour/Hat/Hat.png
41df5accf67000e4199ba26e9dadeb44,21300000,MinstrelsTiara,Assets/Sprites/Item/Armour/Hat/MinstrelsTiara.png
8198a659623a3654cb6f1e27ceed85fd,21300000,RegalCrown,Assets/Sprites/Item/Armour/Hat/RegalCrown.png
dcbb505f821b9ef47b49e16aac590107,21300000,ScopingLens,Assets/Sprites/Item/Armour/Hat/ScopingLens.png
f5fb013ee6766374296f036776adbdcd,21300000,SilverCirclet,Assets/Sprites/Item/Armour/Hat/SilverCirclet.png
6a3166c3e2927c440b7c059c100c0e6c,21300000,BronzeArmour,Assets/Sprites/Item/Armour/HeavyArmour/BronzeArmour.png
054be94df0e783a45988ebf5c464ae76,21300000,HeroArmour,Assets/Sprites/Item/Armour/HeavyArmour/HeroArmour.png
16a49bc16059941479b4e72fddb9d27d,21300000,IronArmour,Assets/Sprites/Item/Armour/HeavyArmour/IronArmour.png
ea02b6e2fbb754a40b4f6721ae7e8637,21300000,MythrilPlatemail,Assets/Sprites/Item/Armour/HeavyArmour/MythrilPlatemail.png
3cd763bb1808ffa4d9f3ab3bb41712aa,21300000,RighteousHonour,Assets/Sprites/Item/Armour/HeavyArmour/RighteousHonour.png
993fe7668ea46674f833e22ede26069b,21300000,RustyArmour,Assets/Sprites/Item/Armour/HeavyArmour/RustyArmour.png
c47c7cd2024e19544b08d105348189f6,21300000,SolakianPlatemail,Assets/Sprites/Item/Armour/HeavyArmour/SolakianPlatemail.png
2aad383244828974b899375a99674553,21300000,TurquoiseArmour,Assets/Sprites/Item/Armour/HeavyArmour/TurquoiseArmour.png
007af2bd320cd7046a197637dd42176d,21300000,AstralWanderersGarb,Assets/Sprites/Item/Armour/LightArmour/AstralWanderersGarb.png
9c62eb07e2b41414483c535e119f009a,21300000,BanditLeather,Assets/Sprites/Item/Armour/LightArmour/BanditLeather.png
1a82040aa84bdc447addfd72751f5fe1,21300000,BanditLeather5,Assets/Sprites/Item/Armour/LightArmour/BanditLeather5.png
af438a1de204186459c4673b65d2c845,21300000,Geojacket,Assets/Sprites/Item/Armour/LightArmour/Geojacket.png
211e29b430a238149bf9a55f9628aded,21300000,HeroCoat,Assets/Sprites/Item/Armour/LightArmour/HeroCoat.png
cc7220e69ee62694d8c791fd00c5cf05,21300000,LeatherArmour,Assets/Sprites/Item/Armour/LightArmour/LeatherArmour.png
a58f1769c5faf8d41bf7caad804c1811,21300000,NightJacket,Assets/Sprites/Item/Armour/LightArmour/NightJacket.png
7189f9a3bb2af1f45bfc53627c639687,21300000,ReinforcedLeather,Assets/Sprites/Item/Armour/LightArmour/ReinforcedLeather.png
b287cd1263c1e244a8dd7874dd1062fb,21300000,Snakemail,Assets/Sprites/Item/Armour/LightArmour/Snakemail.png
52de9ee6362255d4f81ee3f8266060b5,21300000,SpikedHideArmour,Assets/Sprites/Item/Armour/LightArmour/SpikedHideArmour.png
a604c1fd65f8f5f4abb495019b5a44bb,21300000,Bonemail,Assets/Sprites/Item/Armour/MediumArmour/Bonemail.png
8d81e0f154bd7164e9ce1e90300970cc,21300000,Breastplate,Assets/Sprites/Item/Armour/MediumArmour/Breastplate.png
d9f37b0ca7db47143baa38a807dfe283,21300000,Chainmail,Assets/Sprites/Item/Armour/MediumArmour/Chainmail.png
a71fb509953784e4e98f4cad01937ca1,21300000,CopperBreastplate,Assets/Sprites/Item/Armour/MediumArmour/CopperBreastplate.png
18cf417d4c23473459fa9b9950f823e1,21300000,Flamemail,Assets/Sprites/Item/Armour/MediumArmour/Flamemail.png
9260413138c253d448b58a075f2fec5a,21300000,GreenChainmail,Assets/Sprites/Item/Armour/MediumArmour/GreenChainmail.png
4973a02489777a24e899295d9d580a5b,21300000,TrilobiteArmour,Assets/Sprites/Item/Armour/MediumArmour/TrilobiteArmour.png
7f18d02f72ca3274caba3cd7b4fb1072,21300000,DarkRobe,Assets/Sprites/Item/Armour/Robe/DarkRobe.png
b02b0b125d9aabd4e9e8f8dd45c7fa5b,21300000,GreenRobe,Assets/Sprites/Item/Armour/Robe/GreenRobe.png
f0669849d66867143a6c818290acf4fc,21300000,HempenRobe,Assets/Sprites/Item/Armour/Robe/HempenRobe.png
80ee6506b304ab84eb81a355828264f2,21300000,InventingCoat,Assets/Sprites/Item/Armour/Robe/InventingCoat.png
5611d8d143e5bd449a4742c5a8edd64a,21300000,JasperRobe,Assets/Sprites/Item/Armour/Robe/JasperRobe.png
12175c6390189b14fae1b57dca9b002c,21300000,MageRobe,Assets/Sprites/Item/Armour/Robe/MageRobe.png
033014b94a5e96d4fa61df7f7a8d442e,21300000,ShamansVestment,Assets/Sprites/Item/Armour/Robe/ShamansVestment.png
548db2202c83c5b47a5308cf83a45408,21300000,YalortianRobe,Assets/Sprites/Item/Armour/Robe/YalortianRobe.png
43faeeeae9968ec41be9c5e60634011e,21300000,CopperPlating,Assets/Sprites/Item/Armour/RobotPlating/CopperPlating.png
709c374bbe87a3c4ebd9ff24c3bfd14b,21300000,SteelPlating,Assets/Sprites/Item/Armour/RobotPlating/SteelPlating.png
bc7d542fbb34177498c975447195243d,21300000,TitanPlating,Assets/Sprites/Item/Armour/RobotPlating/TitanPlating.png
88d5441ca10b6ea4ab5dd558d3aa6065,21300000,SheetMusicI,Assets/Sprites/Item/Armour/SheetMusic/SheetMusicI.png
4b56e05a2b96e9d48a9813923993163c,21300000,SheetMusicII,Assets/Sprites/Item/Armour/SheetMusic/SheetMusicII.png
a6027016accadc24980592acc356dd0b,21300000,SheetMusicIII,Assets/Sprites/Item/Armour/SheetMusic/SheetMusicIII.png
acfc7b2f412274c46804efa6a9954e1b,21300000,SheetMusicIV,Assets/Sprites/Item/Armour/SheetMusic/SheetMusicIV.png
ace020cd02675074d91c78b6e8f14a6f,21300000,SheetMusicV,Assets/Sprites/Item/Armour/SheetMusic/SheetMusicV.png
1400866bed8266440b73e4eb122af418,21300000,SheetMusicVI,Assets/Sprites/Item/Armour/SheetMusic/SheetMusicVI.png
4a02269e892adab489697b9a4dade8bc,21300000,SheetMusicVII,Assets/Sprites/Item/Armour/SheetMusic/SheetMusicVII.png
e18a2eaa983975342864f925473879f4,21300000,SheetMusicVIII,Assets/Sprites/Item/Armour/SheetMusic/SheetMusicVIII.png
51cb860b472822848a0ff3d3e83c97dc,21300000,BronzeShield,Assets/Sprites/Item/Armour/Shield/BronzeShield.png
c6c47c0c82eb6ef49a56ebf7e36bca91,21300000,GlyphShield,Assets/Sprites/Item/Armour/Shield/GlyphShield.png
d356f1ca4f6b48d47af6904db5f5fb17,21300000,GoldShield,Assets/Sprites/Item/Armour/Shield/GoldShield.png
d37fba9afb3ade24f8ce37b5002dcd69,21300000,HeroShield,Assets/Sprites/Item/Armour/Shield/HeroShield.png
6d9c0847e071b0a4c9dca1fce885537e,21300000,KiteShield,Assets/Sprites/Item/Armour/Shield/KiteShield.png
bf5b977559041f74cb59a4aa79e414a3,21300000,RuneShield+,Assets/Sprites/Item/Armour/Shield/RuneShield+.png
84b15d8e15fc75b4e822b70a354a2ce2,21300000,RuneShield,Assets/Sprites/Item/Armour/Shield/RuneShield.png
29dd9427b0be5c04ba9568e139c205d4,21300000,ShieldOfDarkness,Assets/Sprites/Item/Armour/Shield/ShieldOfDarkness.png
b3bd82a1dfcdab74a80faf1d1acff659,21300000,ShieldOfLight,Assets/Sprites/Item/Armour/Shield/ShieldOfLight.png
c887d98e6d6ab1948b6ccf276333213f,21300000,WingShield,Assets/Sprites/Item/Armour/Shield/WingShield.png
97263196ef752114eb166ca391c5fe89,21300000,WoodenShield,Assets/Sprites/Item/Armour/Shield/WoodenShield.png
196ed94fa213ef84ab3129484197379d,21300000,AzureStole2,Assets/Sprites/Item/Armour/Stole/AzureStole2.png
50a2e368cdbb9c74897d098cf2c99e57,21300000,AzureStole4,Assets/Sprites/Item/Armour/Stole/AzureStole4.png
8620a1e062338e742937175635a6d2d4,21300000,AzureStole6,Assets/Sprites/Item/Armour/Stole/AzureStole6.png
15c8b7b72822fea4faf0ca8ec838e4a3,21300000,GreenStole2,Assets/Sprites/Item/Armour/Stole/GreenStole2.png
a43afb98a262b4f4296a7e1d346fee08,21300000,GreenStole4,Assets/Sprites/Item/Armour/Stole/GreenStole4.png
9c83150dec48ec1449b4a2ade953742c,21300000,GreenStole6,Assets/Sprites/Item/Armour/Stole/GreenStole6.png
bd2d5309a37fb914e840caf0e485402b,21300000,ScarletStole2,Assets/Sprites/Item/Armour/Stole/ScarletStole2.png
5283ad49506514646b57dff1bb135e60,21300000,ScarletStole4,Assets/Sprites/Item/Armour/Stole/ScarletStole4.png
755ff964abaf27847b6296278c73cfb8,21300000,ScarletStole6,Assets/Sprites/Item/Armour/Stole/ScarletStole6.png
c67cd98233a684f4db29eaba4153d8f2,21300000,SteelStole,Assets/Sprites/Item/Armour/Stole/SteelStole.png
f80ca0cdf099cbd43ad98dcb4027969c,21300000,AlchemistsFire,Assets/Sprites/Item/Expendable/AlchemistsFire.png
90c5e2ec6d8e3cb4cafbabe44d7077e0,21300000,AngryJuice,Assets/Sprites/Item/Expendable/AngryJuice.png
9a46b01d4893aa548abe0e9ef46736fa,21300000,Antidote,Assets/Sprites/Item/Expendable/Antidote.png
eb1156ceab924304499a04273e889a2c,21300000,BalloonJuice,Assets/Sprites/Item/Expendable/BalloonJuice.png
7ce232b8445dc954280590a008e2f2bb,21300000,BetterPotion,Assets/Sprites/Item/Expendable/BetterPotion.png
1f7557f8cb759c04eae3b92b4228c035,21300000,BottleOAcid,Assets/Sprites/Item/Expendable/BottleOAcid.png
f73957805340ef548b1e75d8ec13d5c0,21300000,ChocolateMilk,Assets/Sprites/Item/Expendable/ChocolateMilk.png
f6fc356502bdb4846afebff28719c7fd,21300000,Elixir,Assets/Sprites/Item/Expendable/Elixir.png
950f82f068a39af40bd1106772efe00e,21300000,Ether,Assets/Sprites/Item/Expendable/Ether.png
f612478da993f854fa91367d1b9b2009,21300000,EtherOfKings,Assets/Sprites/Item/Expendable/EtherOfKings.png
687b02f849aba32499d9b45c6e5d6aee,21300000,EtherOfQueens,Assets/Sprites/Item/Expendable/EtherOfQueens.png
940809548ea67b1449560695ee52d674,21300000,FigJuice,Assets/Sprites/Item/Expendable/FigJuice.png
6847b61b7c804f04ab6a29ea700ea237,21300000,GodPiss,Assets/Sprites/Item/Expendable/GodPiss.png
37cfca33955375f41bde777db6a9fe48,21300000,HealthyJuice,Assets/Sprites/Item/Expendable/HealthyJuice.png
ac1090f259e206a4f82c97c8ba1798b7,21300000,HolyWater,Assets/Sprites/Item/Expendable/HolyWater.png
db36ceb77e8d114429eaabf5500f2ca1,21300000,LiquidLight,Assets/Sprites/Item/Expendable/LiquidLight.png
e44b480b73b32654384a52af940becff,21300000,LiquidLightning,Assets/Sprites/Item/Expendable/LiquidLightning.png
a653716be2e877840a5d9468e5094519,21300000,LiquidSound,Assets/Sprites/Item/Expendable/LiquidSound.png
db649062505137240af3f66fa1a65361,21300000,MagicDrink,Assets/Sprites/Item/Expendable/MagicDrink.png
724d9762c84ee29468ba81dd69a1a9c0,21300000,Manaberry,Assets/Sprites/Item/Expendable/Manaberry.png
c4aee3d02c1c10b42a903cb9b3dd7812,21300000,Mirrilixir,Assets/Sprites/Item/Expendable/Mirrilixir.png
1921f5bbea37cb2459006a48db3da520,21300000,MotionPotion,Assets/Sprites/Item/Expendable/MotionPotion.png
f6d699cf5096aff469ad23646b2995fe,21300000,MugwortJuice,Assets/Sprites/Item/Expendable/MugwortJuice.png
dfdb4c24650ffb24992da01ae494cd80,21300000,NoxiousBomb,Assets/Sprites/Item/Expendable/NoxiousBomb.png
56462414015ca98458d3951443861393,21300000,Oxyale,Assets/Sprites/Item/Expendable/Oxyale.png
3072fdb7f6291474fb73b33ae86bbf51,21300000,PhoenixDown,Assets/Sprites/Item/Expendable/PhoenixDown.png
71b56a4069c3ca14f956ffbe1687f8a9,21300000,PhoenixPinion,Assets/Sprites/Item/Expendable/PhoenixPinion.png
21b7fce786808fb40b4d11a8382816c1,21300000,Potion,Assets/Sprites/Item/Expendable/Potion.png
8522f7af57204cd42bbd30440aca2089,21300000,PottedCactus,Assets/Sprites/Item/Expendable/PottedCactus.png
d24b0b9238502a045b2e1210f3af5fe5,21300000,PowerDrink,Assets/Sprites/Item/Expendable/PowerDrink.png
fe3fa38ea826cea499256955b449bd2e,21300000,RainbowJuice,Assets/Sprites/Item/Expendable/RainbowJuice.png
1be6afb7db116964daa60fad792d276e,21300000,ReallyColdWater,Assets/Sprites/Item/Expendable/ReallyColdWater.png
a98901959167b9b4192355fd7859ceb2,21300000,Remedy,Assets/Sprites/Item/Expendable/Remedy.png
7459e19358dd66549a3925f0c0b985de,21300000,SpeedyJuice,Assets/Sprites/Item/Expendable/SpeedyJuice.png
81abfa169eb17894b8d3a392c093684f,21300000,ZombieJuice,Assets/Sprites/Item/Expendable/ZombieJuice.png
b491348b013891741a8049f422efd899,21300000,AcidSeed,Assets/Sprites/Item/Miscellaneous/AcidSeed.png
df105237915fea440966059b19d78287,21300000,AetherEssence,Assets/Sprites/Item/Miscellaneous/AetherEssence.png
6efbd5cc9c153b9438bf356cdf4b6e71,21300000,AirEssence,Assets/Sprites/Item/Miscellaneous/AirEssence.png
aa01bfac2e2a81b43b46b749be284542,21300000,BatWing,Assets/Sprites/Item/Miscellaneous/BatWing.png
e42334c5c15a4f949bf0a8f9a2856f37,21300000,BigCreepyEye,Assets/Sprites/Item/Miscellaneous/BigCreepyEye.png
8f531abb39a575c46b02a795d1361212,21300000,Bitterleaf,Assets/Sprites/Item/Miscellaneous/Bitterleaf.png
9b92e6171d915f1408881a229257a01c,21300000,CrystalTears,Assets/Sprites/Item/Miscellaneous/CrystalTears.png
8c582131ed3efe54a953a8cadde9ecf5,21300000,DarkEssence,Assets/Sprites/Item/Miscellaneous/DarkEssence.png
2fe778801d0ea1241ad2ca59d69fb885,21300000,DeadHand,Assets/Sprites/Item/Miscellaneous/DeadHand.png
2c31e2f3e791e954da9fe666e0a4e0e7,21300000,DrakFang,Assets/Sprites/Item/Miscellaneous/DrakFang.png
07ae620c99f86f844b449470208b7eee,21300000,EarthEssence,Assets/Sprites/Item/Miscellaneous/EarthEssence.png
6c66b77e6215efe42b6dc02d378a4ccd,21300000,Ectoplasm,Assets/Sprites/Item/Miscellaneous/Ectoplasm.png
9e21620d91823644aaabae4ec64579e0,21300000,FigEssence,Assets/Sprites/Item/Miscellaneous/FigEssence.png
1320bb86970c60545b81fd168067b10e,21300000,FireEssence,Assets/Sprites/Item/Miscellaneous/FireEssence.png
f7f5a0d396ba51a4fa69e8b2e05a3442,21300000,FishScales,Assets/Sprites/Item/Miscellaneous/FishScales.png
34b5878a773b86e4cb6c86b6fc5b5b2f,21300000,GoblinEarwax,Assets/Sprites/Item/Miscellaneous/GoblinEarwax.png
1b03af843746e5a4f9e5ca5f0dfa4aaf,21300000,GoldenConch,Assets/Sprites/Item/Miscellaneous/GoldenConch.png
b6d010b08aa866f4d8e52040a0a7ac2e,21300000,GoldOre,Assets/Sprites/Item/Miscellaneous/GoldOre.png
f8fc5cfaa37e6f649907b8e70c94f08f,21300000,GriffinFeather,Assets/Sprites/Item/Miscellaneous/GriffinFeather.png
bf691193992bc3a4bbefe5dff2899140,21300000,HumanSkull,Assets/Sprites/Item/Miscellaneous/HumanSkull.png
b1d693101443d594c96e1374995ca55e,21300000,LeadPipe,Assets/Sprites/Item/Miscellaneous/LeadPipe.png
e3614f26be5a15045b202a5f2fa463e1,21300000,LeafOfLife,Assets/Sprites/Item/Miscellaneous/LeafOfLife.png
0e4858e901b2cd142a8591b695a39a58,21300000,LightEssence,Assets/Sprites/Item/Miscellaneous/LightEssence.png
78d8d47e7e0da7349878e6699acad652,21300000,LizardTail,Assets/Sprites/Item/Miscellaneous/LizardTail.png
8f5432558531518429a424cc2b75e038,21300000,MantidWing,Assets/Sprites/Item/Miscellaneous/MantidWing.png
364fe8b1011180d44ae6c8ebea58a8a1,21300000,MonsterFang,Assets/Sprites/Item/Miscellaneous/MonsterFang.png
60aa31248d9530e4dae6d19570a00686,21300000,MRunestone,Assets/Sprites/Item/Miscellaneous/MRunestone.png
b605f2fc76a278344add62ef52fe08b1,21300000,Mugwort,Assets/Sprites/Item/Miscellaneous/Mugwort.png
536c61f3978a66f4cbd3e5ee0e2a8cb9,21300000,MythrilOre,Assets/Sprites/Item/Miscellaneous/MythrilOre.png
7f2521bffcd67f341bbfd7661f8992d5,21300000,Nightcap,Assets/Sprites/Item/Miscellaneous/Nightcap.png
73364879f239750489562780d7e6b5b3,21300000,OldBone,Assets/Sprites/Item/Miscellaneous/OldBone.png
f9c72a4eb985fb0408d73ba50670ac0a,21300000,ORunestone,Assets/Sprites/Item/Miscellaneous/ORunestone.png
eb7782d28d475f343b17b15f7aa644ee,21300000,PhageCrystal,Assets/Sprites/Item/Miscellaneous/PhageCrystal.png
2d484116b513a2e419768ad8ad8b571d,21300000,PixieDust,Assets/Sprites/Item/Miscellaneous/PixieDust.png
3560f8479fb3dd4428a36bd434c4d8ac,21300000,PoisonStinger,Assets/Sprites/Item/Miscellaneous/PoisonStinger.png
772fad1a11e43994f957c1e92807f32f,21300000,PRunestone,Assets/Sprites/Item/Miscellaneous/PRunestone.png
9faf676fd2d1f754c85db97bc3aa23cc,21300000,PurpleConch,Assets/Sprites/Item/Miscellaneous/PurpleConch.png
af5f606967d49394f990bcf0f9e6c2c2,21300000,SilverOre,Assets/Sprites/Item/Miscellaneous/SilverOre.png
b7c1a079f2df69544a0ee13334331e94,21300000,SlimeJam,Assets/Sprites/Item/Miscellaneous/SlimeJam.png
bf8510eec14eb484490e36d3739f13ec,21300000,SturdyDrill,Assets/Sprites/Item/Miscellaneous/SturdyDrill.png
0b53999d0ec35eb45a26b5b2ad5e68c2,21300000,WarpStone,Assets/Sprites/Item/Miscellaneous/WarpStone.png
0a4df2047f1b9924e89e20df98e35107,21300000,WaterEssence,Assets/Sprites/Item/Miscellaneous/WaterEssence.png
afb362875895a0240a6a299e150d619c,21300000,ZombieDust,Assets/Sprites/Item/Miscellaneous/ZombieDust.png
4ae54c90698768547be4891f9396cee8,21300000,CrystalRose,Assets/Sprites/Item/PlotItem/CrystalRose.png
9422a6186a1de8b4eb1bd8cd0384237e,21300000,AirCrystalOfBelfan,Assets/Sprites/Item/PlotItem/ElementalCrystalOfBelfan/AirCrystalOfBelfan.png
8204f833b4bfa264690f73a0f7a04b0a,21300000,DarkCrystalOfBelfan,Assets/Sprites/Item/PlotItem/ElementalCrystalOfBelfan/DarkCrystalOfBelfan.png
ba9de6622abec5a41b3c88faed417aff,21300000,EarthCrystalOfBelfan,Assets/Sprites/Item/PlotItem/ElementalCrystalOfBelfan/EarthCrystalOfBelfan.png
4c96838f10feed847bb6004e77eb44d2,21300000,FireCrystalOfBelfan,Assets/Sprites/Item/PlotItem/ElementalCrystalOfBelfan/FireCrystalOfBelfan.png
876267125856ac84eaf2ad02f442a834,21300000,LightCrystalOfBelfan,Assets/Sprites/Item/PlotItem/ElementalCrystalOfBelfan/LightCrystalOfBelfan.png
f5a9c9b405802c14787c213c494ab96b,21300000,WaterCrystalOfBelfan,Assets/Sprites/Item/PlotItem/ElementalCrystalOfBelfan/WaterCrystalOfBelfan.png
82428f5994713724da202fffceefc8ca,21300000,Gizmometer,Assets/Sprites/Item/PlotItem/Gizmometer.png
915c47c8a180e0e4f9d0ad0ba4556cad,21300000,BanditKey,Assets/Sprites/Item/PlotItem/Keys/BanditKey.png
7ee48a7c1caf5b243af05a9ced060861,21300000,CatacombsKey,Assets/Sprites/Item/PlotItem/Keys/CatacombsKey.png
448aa0d153af83a4092c4a1dd0af9a51,21300000,EldritchKey,Assets/Sprites/Item/PlotItem/Keys/EldritchKey.png
dec637ef69a7e74498b060ac94ea4887,21300000,SewerKey,Assets/Sprites/Item/PlotItem/Keys/SewerKey.png
986cd773c52ffe14e8ec47a9a0ddb1ba,21300000,SunKey,Assets/Sprites/Item/PlotItem/Keys/SunKey.png
ea5750e2f877a864b9c3589eb8361db0,21300000,TrilobiteKeyI,Assets/Sprites/Item/PlotItem/Keys/TrilobiteKeyI.png
009a8966d9a6a7f4daa8c0d31fb96c30,21300000,TrilobiteKeyII,Assets/Sprites/Item/PlotItem/Keys/TrilobiteKeyII.png
ccd2c90ae476d244a87a515b1aa9cfe2,21300000,TrilobiteKeyIII,Assets/Sprites/Item/PlotItem/Keys/TrilobiteKeyIII.png
d8856ab8216012a46a69117317c37353,21300000,TrilobiteKeyIV,Assets/Sprites/Item/PlotItem/Keys/TrilobiteKeyIV.png
60f4c1db1d8196b439eb6f81a60172b9,21300000,WaterTempleKey,Assets/Sprites/Item/PlotItem/Keys/WaterTempleKey.png
c0eeebc24ad12d14b852442882d32d61,21300000,MiasmalChaliceDark,Assets/Sprites/Item/PlotItem/MiasmalChalices/MiasmalChaliceDark.png
0319868229c29404f9b5f1c9322d7aaf,21300000,MiasmalChaliceEarth,Assets/Sprites/Item/PlotItem/MiasmalChalices/MiasmalChaliceEarth.png
47ac39c1c37a437429dcabaf45a51667,21300000,MiasmalChaliceFire,Assets/Sprites/Item/PlotItem/MiasmalChalices/MiasmalChaliceFire.png
f43240c0013891f47b62ec730da01acc,21300000,MiasmalChaliceWater,Assets/Sprites/Item/PlotItem/MiasmalChalices/MiasmalChaliceWater.png
02a83b9a1d4f094448bebc0439afab42,21300000,MonasteryStone,Assets/Sprites/Item/PlotItem/MonasteryStone.png
f22f2d6a9cc59cd4b829036a6d8a547a,21300000,AncientPot,Assets/Sprites/Item/PlotItem/MuseumArtifacts/AncientPot.png
0637c8b883d35b84ab093e483ddbdbc1,21300000,AncientRunestone,Assets/Sprites/Item/PlotItem/MuseumArtifacts/AncientRunestone.png
714a57a07d2b4a245afc6ccfd61aadc3,21300000,DromaArm,Assets/Sprites/Item/PlotItem/MuseumArtifacts/DromaArm.png
44deea63ad42869459c65894a2634fcd,21300000,ReptoidSpearhead,Assets/Sprites/Item/PlotItem/MuseumArtifacts/ReptoidSpearhead.png
24b7d0aac973d8946bd99c2f91f122bc,21300000,SunIdol,Assets/Sprites/Item/PlotItem/MuseumArtifacts/SunIdol.png
db44483da98288041a537bf510abbdf5,21300000,TalismanOfCRYSOOSUNA,Assets/Sprites/Item/PlotItem/MuseumArtifacts/TalismanOfCRYSOOSUNA.png
f0e7a09787acfee40a031086f50576d8,21300000,TalismanOfKroghmm,Assets/Sprites/Item/PlotItem/MuseumArtifacts/TalismanOfKroghmm.png
75678d9c80a3344499c555280c80b1f3,21300000,TalismanOfONEIROS,Assets/Sprites/Item/PlotItem/MuseumArtifacts/TalismanOfONEIROS.png
cac91bbb9176b234682c3d7e14d73271,21300000,TalismanOfSHUMBRA,Assets/Sprites/Item/PlotItem/MuseumArtifacts/TalismanOfSHUMBRA.png
b93a2f5c9a2bcb647a131a0c6d6734ad,21300000,TalismanOfVOLKOS,Assets/Sprites/Item/PlotItem/MuseumArtifacts/TalismanOfVOLKOS.png
f50c7e7a35794794f89ab1ac128a9447,21300000,TikiMask,Assets/Sprites/Item/PlotItem/MuseumArtifacts/TikiMask.png
e2274a89a8121df4ca4931e36979a683,21300000,NecromanticTome,Assets/Sprites/Item/PlotItem/NecromanticTome.png
2cea14d3fadeefa4a9a1b6c5ae8a4c00,21300000,RunestoneFragment,Assets/Sprites/Item/PlotItem/RunestoneFragment.png
9c05ce94f3388384fab5622870121643,21300000,SerpentCrest,Assets/Sprites/Item/PlotItem/SerpentCrest.png
692a5ff6c29ef3f49ba1a1af41567a51,21300000,SilverCord,Assets/Sprites/Item/PlotItem/SilverCord.png
9022663088591fa40a36499f638c06e3,21300000,MoricsSoulJewel,Assets/Sprites/Item/PlotItem/SoulJewels/MoricsSoulJewel.png
e90e9083176bf454d9211127760ee21a,21300000,QualnasSoulJewel,Assets/Sprites/Item/PlotItem/SoulJewels/QualnasSoulJewel.png
f453ef61d3ce561409f071ddb1de01c1,21300000,HairTonic,Assets/Sprites/Item/PlotItem/TradeQuest/HairTonic.png
3d320dc07ad27c0469f49e98ba70688b,21300000,LittleWoodenKey,Assets/Sprites/Item/PlotItem/TradeQuest/LittleWoodenKey.png
83ce48a996ae5be48bb80caf77660363,21300000,RedDragonScales,Assets/Sprites/Item/PlotItem/TradeQuest/RedDragonScales.png
b904f104ba1cd4142a2db2daac2f87db,21300000,RomanceNovel,Assets/Sprites/Item/PlotItem/TradeQuest/RomanceNovel.png
4e8c40c83560a2547baefa3dd36f2ebf,21300000,SandFruit,Assets/Sprites/Item/PlotItem/TradeQuest/SandFruit.png
52e87a68d8717ab49aa5162d3a52bda3,21300000,ScrumptiousCake,Assets/Sprites/Item/PlotItem/TradeQuest/ScrumptiousCake.png
515ca634428a1c448a3796cb00cbc1f7,21300000,SpecialOintment,Assets/Sprites/Item/PlotItem/TradeQuest/SpecialOintment.png
e950ec416aacaa24eb75f85d469e3a6a,21300000,WardingStone,Assets/Sprites/Item/PlotItem/WardingStone.png
064d99c8b3608ba428f926e871630e2d,21300000,GoldWarportTicket,Assets/Sprites/Item/PlotItem/WarportTickets/GoldWarportTicket.png
471bffbc8e1bbbd4a94b15037cead42b,21300000,WarportTicket,Assets/Sprites/Item/PlotItem/WarportTickets/WarportTicket.png
0f699cadc041e5d43bf4bd1acbb952dc,21300000,WretchedSkull,Assets/Sprites/Item/PlotItem/WretchedSkull.png
2dfe056976e7110458066b7adae97b78,21300000,AirPendantUnused,Assets/Sprites/Item/Unused/AirPendantUnused.png
738e9d4b6f6679f489809422380c63ef,21300000,AngryJuiceUnused,Assets/Sprites/Item/Unused/AngryJuiceUnused.png
9289430ddc9b47b43ad9432a48ec3999,21300000,EarthPendantUnused,Assets/Sprites/Item/Unused/EarthPendantUnused.png
de44a43e7e5586e43842bad79a5cff11,21300000,FirePendantUnused,Assets/Sprites/Item/Unused/FirePendantUnused.png
dea7ba6ae9ee6194f9bc37b1a22a9096,21300000,HealthJuiceUnused,Assets/Sprites/Item/Unused/HealthJuiceUnused.png
41b1f85bbfb992347a647b09a672f63f,21300000,LegionChip1,Assets/Sprites/Item/Unused/LegionChip1.png
086a43cab8b97414f935b0be71751902,21300000,LegionChip2,Assets/Sprites/Item/Unused/LegionChip2.png
e08dd466422e2594fb8e5ec8fd554ba1,21300000,LegionChip3,Assets/Sprites/Item/Unused/LegionChip3.png
8b068a0fe023ad5469f2b8557108549b,21300000,MysterySword,Assets/Sprites/Item/Unused/MysterySword.png
40b7b0d32722f3b409b3d73d0bded103,21300000,PendantOutline1,Assets/Sprites/Item/Unused/PendantOutline1.png
04a47291d173e144f9b40e6dcab00b9c,21300000,PendantOutline2,Assets/Sprites/Item/Unused/PendantOutline2.png
df61f355d577f6d4a96ea7b15c3e569c,21300000,RainbowJuiceUnused,Assets/Sprites/Item/Unused/RainbowJuiceUnused.png
4abe40651a2c20742912eb0fb4f1499a,21300000,SpeedyJuiceUnused,Assets/Sprites/Item/Unused/SpeedyJuiceUnused.png
c45fe684d146d5543b0f6358508dc884,21300000,tile108,Assets/Sprites/Item/Unused/tile108.png
f7b7d3097c9e08c43bd79710adcc0c13,21300000,tile184,Assets/Sprites/Item/Unused/tile184.png
d5d4b50c131753a41b636255094b0cd2,21300000,tile373,Assets/Sprites/Item/Unused/tile373.png
82d084c180a0abb46906294db38d8c30,21300000,tile433,Assets/Sprites/Item/Unused/tile433.png
412c3103c57c3f24da8fbc01ccaad815,21300000,WaterPendantUnused,Assets/Sprites/Item/Unused/WaterPendantUnused.png
bd1d8fe026aeefb49a9416a323391641,21300000,GuardianClaw,Assets/Sprites/Item/Weapon/Claw/GuardianClaw.png
a641dcd5d8d5934498c0d0a994c15d4d,21300000,RaptorClaw,Assets/Sprites/Item/Weapon/Claw/RaptorClaw.png
46f4ab405d2a1034787ef343db0bb482,21300000,SilverClaw,Assets/Sprites/Item/Weapon/Claw/SilverClaw.png
fb3cdd255365f8a4cb0f6c3bd0a89fe3,21300000,ViperClaw,Assets/Sprites/Item/Weapon/Claw/ViperClaw.png
2a3b2e22b734dc743b82681d7222dda2,21300000,CurvedDagger,Assets/Sprites/Item/Weapon/Dagger/CurvedDagger.png
9621dadd896b8bb4f8e193e7e8d7f701,21300000,Dagger,Assets/Sprites/Item/Weapon/Dagger/Dagger.png
1a3793546ae1c764c942d4fb02e29795,21300000,Boneslicer,Assets/Sprites/Item/Weapon/Doublesword/Boneslicer.png
418401aa3ad94b347a4167046d9ade9e,21300000,EagleWings,Assets/Sprites/Item/Weapon/Doublesword/EagleWings.png
75ebca7158cd2dd49947f183f009607d,21300000,Shashiik,Assets/Sprites/Item/Weapon/Doublesword/Shashiik.png
79f695d6e94cd8d449461e0a23d612e8,21300000,TwinTrilobites,Assets/Sprites/Item/Weapon/Doublesword/TwinTrilobites.png
c11e62008b6d0ee4597d3e25707602a2,21300000,TwoMoons,Assets/Sprites/Item/Weapon/Doublesword/TwoMoons.png
1b63525d056f2c942bd4c824c69f7849,21300000,YinAndYang,Assets/Sprites/Item/Weapon/Doublesword/YinAndYang.png
a8fec22624297eb41b33c9837f890cd0,21300000,BoneAxe,Assets/Sprites/Item/Weapon/Greataxe/BoneAxe.png
852e8d914dc67494fa44e8b58232fb77,21300000,DrackalCrescent,Assets/Sprites/Item/Weapon/Greataxe/DrackalCrescent.png
3bcf7734c935f5743959b22acb8026a4,21300000,Greataxe,Assets/Sprites/Item/Weapon/Greataxe/Greataxe.png
0d4edcde787224d44ab99faca47ed973,21300000,IronAxe,Assets/Sprites/Item/Weapon/Greataxe/IronAxe.png
9994c995d5866974ba98bd355e2bb756,21300000,MightyAxe,Assets/Sprites/Item/Weapon/Greataxe/MightyAxe.png
aa681f67ef86eea488f33bc6627d1c42,21300000,RendingAxe,Assets/Sprites/Item/Weapon/Greataxe/RendingAxe.png
3dc5d62fa9511fe4ebb4c38bf9bdce70,21300000,SilverAxe,Assets/Sprites/Item/Weapon/Greataxe/SilverAxe.png
0c80ca0f893ba8e4c9d8a890f628954f,21300000,StoneAxe,Assets/Sprites/Item/Weapon/Greataxe/StoneAxe.png
84e9801b065a27e4e8818b1beb5fc5fc,21300000,SunAxe,Assets/Sprites/Item/Weapon/Greataxe/SunAxe.png
bc147df3f1860f84d8af782dd4576d94,21300000,BranchClub,Assets/Sprites/Item/Weapon/Greatmace/BranchClub.png
7a9f4d93a513c8f4d9afd79cd36ccdfe,21300000,AncientSword,Assets/Sprites/Item/Weapon/GreatSword/AncientSword.png
2cb5cdeebfd9b94488a95690ac08e299,21300000,Balmung,Assets/Sprites/Item/Weapon/GreatSword/Balmung.png
051839d7e3fca9d4d9c56d942f51e7c5,21300000,BigStick,Assets/Sprites/Item/Weapon/GreatSword/BigStick.png
50058d72c9dc18941a53f5564ec5dbc7,21300000,BurialSword,Assets/Sprites/Item/Weapon/GreatSword/BurialSword.png
2f4c37364aa09c14f8ce8d560378df51,21300000,Greatsword,Assets/Sprites/Item/Weapon/GreatSword/Greatsword.png
37302435a8a37d34899b859f504c3469,21300000,IronGreatblade,Assets/Sprites/Item/Weapon/GreatSword/IronGreatblade.png
1fc07fe95dff4af49a6cfb0396e88455,21300000,MythrilGreatblade,Assets/Sprites/Item/Weapon/GreatSword/MythrilGreatblade.png
f27ebee20d1be444ea9df9805dad2d0e,21300000,StarmetalBlade,Assets/Sprites/Item/Weapon/GreatSword/StarmetalBlade.png
bf32939dba74e7f44ba01037732fe83c,21300000,TectonicSword,Assets/Sprites/Item/Weapon/GreatSword/TectonicSword.png
e8ad5f71da83e104a8e7723311718219,21300000,Wolfblade,Assets/Sprites/Item/Weapon/GreatSword/Wolfblade.png
b054d033d2d59fd4ca0aa17445109be0,21300000,Revolver,Assets/Sprites/Item/Weapon/Gun/Revolver.png
3df02a142b0cc7746b25f8f881ee4e64,21300000,Taurus,Assets/Sprites/Item/Weapon/Gun/Taurus.png
b026b5e7caf73ec4e919c30dc8144db2,21300000,AstralHarp,Assets/Sprites/Item/Weapon/Harps/AstralHarp.png
048255df82b437e41bc53088c5ca1440,21300000,FairyHarp,Assets/Sprites/Item/Weapon/Harps/FairyHarp.png
1d77f15c9dff3ac4a94e4fe0c91e2763,21300000,SilverHarp,Assets/Sprites/Item/Weapon/Harps/SilverHarp.png
699cddabbaaff95439c390fd5d94470f,21300000,UnusedHarp,Assets/Sprites/Item/Weapon/Harps/UnusedHarp.png
cd6c4ecbfb31a344ebc29317ab26fad2,21300000,WaveHarp,Assets/Sprites/Item/Weapon/Harps/WaveHarp.png
837e978ad8b7e8f429bb9e572b9ddac7,21300000,Drill-O-Matic,Assets/Sprites/Item/Weapon/Invention/Drill-O-Matic.png
fdb0f479d2615f34aa942c2e75109083,21300000,Flamethrower,Assets/Sprites/Item/Weapon/Invention/Flamethrower.png
e5f503572c778f343bef4080dce692af,21300000,Gas-O-Matic,Assets/Sprites/Item/Weapon/Invention/Gas-O-Matic.png
40c263a386853f149bf79400836267f5,21300000,GoldenMirror,Assets/Sprites/Item/Weapon/Invention/GoldenMirror.png
3b975f90c369e90438d5d6adcd95e68f,21300000,PotionSpray,Assets/Sprites/Item/Weapon/Invention/PotionSpray.png
08b37aac957bd704ab3777b81f5be603,21300000,SilverMirror,Assets/Sprites/Item/Weapon/Invention/SilverMirror.png
c37bee9318c573e448d2567afa977735,21300000,Sleep-O-Matic,Assets/Sprites/Item/Weapon/Invention/Sleep-O-Matic.png
dbbb2968f0a68e84b985f3e4aa018fbf,21300000,ThermalSpanner,Assets/Sprites/Item/Weapon/Invention/ThermalSpanner.png
675f8a8a11695f948b48eb0568f40b35,21300000,BuzzsawArm,Assets/Sprites/Item/Weapon/RobotArm/BuzzsawArm.png
e682f8ac04beb0949a3c84602bd80155,21300000,ClaspingClaws,Assets/Sprites/Item/Weapon/RobotArm/ClaspingClaws.png
7b3a60ef0a56c6f40883dff09d6dd561,21300000,Hammerfist,Assets/Sprites/Item/Weapon/RobotArm/Hammerfist.png
ed86f50ec9d85974e9494deaad886877,21300000,UnusedArm,Assets/Sprites/Item/Weapon/RobotArm/UnusedArm.png
b884ebbb54dd0614db055152769065a9,21300000,EarthRod,Assets/Sprites/Item/Weapon/Rod/EarthRod.png
395fb211365b01640b430e814851f0f6,21300000,FireRod,Assets/Sprites/Item/Weapon/Rod/FireRod.png
1bfcfc0214680ec48a7fb50284ff830e,21300000,LightningRod,Assets/Sprites/Item/Weapon/Rod/LightningRod.png
4f1464614e3d45a4a99645d4647a8bf0,21300000,SagesWand,Assets/Sprites/Item/Weapon/Rod/SagesWand.png
7e58c1201cf8f8e4b8442c2ab3460e36,21300000,WaterRod,Assets/Sprites/Item/Weapon/Rod/WaterRod.png
99e16813db63e6b418bd623fde6419c7,21300000,Aquila,Assets/Sprites/Item/Weapon/Scythe/Aquila.png
3921098391b93874eb42b6dc68e3fffe,21300000,Mortus,Assets/Sprites/Item/Weapon/Scythe/Mortus.png
0edf36ad9b53cc246aae02f865a8ded9,21300000,DesertSpear,Assets/Sprites/Item/Weapon/Spear/DesertSpear.png
a4eb407c3d4d6cb4e958e1af0a7dd30f,21300000,EmberSpear,Assets/Sprites/Item/Weapon/Spear/EmberSpear.png
fb94564f5f40bd343b4cb477154ea485,21300000,Firefang,Assets/Sprites/Item/Weapon/Spear/Firefang.png
175dadf34d3c2104090f0ae8a88f3e3f,21300000,IronSpear,Assets/Sprites/Item/Weapon/Spear/IronSpear.png
434a197261a3f264792aca6349a6f199,21300000,MagicPoker,Assets/Sprites/Item/Weapon/Spear/MagicPoker.png
d0237cd1cb539e64ea25ec60b3e98720,21300000,Obelisk,Assets/Sprites/Item/Weapon/Spear/Obelisk.png
e68ff93037314eb46afd75291fbe7ed2,21300000,Pike,Assets/Sprites/Item/Weapon/Spear/Pike.png
b1264394a23e529419cdd31595e13e57,21300000,Stingstick,Assets/Sprites/Item/Weapon/Spear/Stingstick.png
2c61e73d60eb3694aa734edebd879a77,21300000,WingSpear,Assets/Sprites/Item/Weapon/Spear/WingSpear.png
ce4c514585ba27e448d4b2e6622977d5,21300000,AirStaff,Assets/Sprites/Item/Weapon/Staff/AirStaff.png
24b236cc53c0d1e4f84b624fac2277a6,21300000,EarthStaff,Assets/Sprites/Item/Weapon/Staff/EarthStaff.png
0bcd4cc2709506c4c8243f1bfb3dac95,21300000,FireStaff,Assets/Sprites/Item/Weapon/Staff/FireStaff.png
33c3bc98332d9794bb35bca217931199,21300000,HeartStaff,Assets/Sprites/Item/Weapon/Staff/HeartStaff.png
09fd5f5dbd246334b9db9b4f1f1be2cd,21300000,MahoganyStaff,Assets/Sprites/Item/Weapon/Staff/MahoganyStaff.png
8de593ea322d348449962c8f816d0b88,21300000,Polemace,Assets/Sprites/Item/Weapon/Staff/Polemace.png
e9090299764178245a8ee345d351555c,21300000,TrilobiteStaff,Assets/Sprites/Item/Weapon/Staff/TrilobiteStaff.png
aa689ae10a92b5648ac8a7c7edfd15ee,21300000,YggdrasilsFinger,Assets/Sprites/Item/Weapon/Staff/YggdrasilsFinger.png
2709df843f5ae5746b64106c0f4c8e9b,21300000,AeropolitanScimitar,Assets/Sprites/Item/Weapon/Sword/AeropolitanScimitar.png
0e55f0274ab01b4489eb489dd0f9d70a,21300000,BloodSword,Assets/Sprites/Item/Weapon/Sword/BloodSword.png
69b65e90155afbe4fbe73f7f3a4baa17,21300000,BronzeSword,Assets/Sprites/Item/Weapon/Sword/BronzeSword.png
26ba22d47e8bea14e9f09b8629f8e64c,21300000,ChampionSword,Assets/Sprites/Item/Weapon/Sword/ChampionSword.png
3ec4d4cb1d50efc44a91ce12bb8dcfcc,21300000,ChampionSwordII,Assets/Sprites/Item/Weapon/Sword/ChampionSwordII.png
d293ba47b2b67274d9f52e60b9577b11,21300000,ClericalMace,Assets/Sprites/Item/Weapon/Sword/ClericalMace.png
ad9f61e687c9d85478bfb5982037d196,21300000,CursedBlade,Assets/Sprites/Item/Weapon/Sword/CursedBlade.png
970b17b039860e74a94970e532b2810e,21300000,Fishslayer,Assets/Sprites/Item/Weapon/Sword/Fishslayer.png
d2ee1250d52843145b3ae49dbf0606ac,21300000,Flametongue,Assets/Sprites/Item/Weapon/Sword/Flametongue.png
90bc491d5842d2e4387800c91499fa2c,21300000,ForestEdge,Assets/Sprites/Item/Weapon/Sword/ForestEdge.png
bc364e3a2f7b6c94cabc5132c189d061,21300000,IronSword,Assets/Sprites/Item/Weapon/Sword/IronSword.png
d32d27bde5306bb41b20460c5c8257ff,21300000,Keyblade,Assets/Sprites/Item/Weapon/Sword/Keyblade.png
bfa2bc6ef57a3764b8207b32192f24b3,21300000,Longsword,Assets/Sprites/Item/Weapon/Sword/Longsword.png
3c721f296664aae4a8f5956003b9f047,21300000,Mace,Assets/Sprites/Item/Weapon/Sword/Mace.png
20f3fc044fff5e444b24faa7c65cba12,21300000,MBlade,Assets/Sprites/Item/Weapon/Sword/MBlade.png
97e5d1586c5f1584986cb2dd4d9f14e0,21300000,MythrilSword,Assets/Sprites/Item/Weapon/Sword/MythrilSword.png
30884006e37944849997f99911aef977,21300000,RighteousJustice,Assets/Sprites/Item/Weapon/Sword/RighteousJustice.png
e3605f61faa7fe249a24f6e7401cdd78,21300000,Shadowblade,Assets/Sprites/Item/Weapon/Sword/Shadowblade.png
e0394255f2c639b43a7e3efe9a499e57,21300000,SilverSword,Assets/Sprites/Item/Weapon/Sword/SilverSword.png
e6dc3751c859b6a40a5ee31dda9eacbf,21300000,Stick,Assets/Sprites/Item/Weapon/Sword/Stick.png
4ed79c263e55d2b40a349e651350dfc4,21300000,SunSword,Assets/Sprites/Item/Weapon/Sword/SunSword.png
4ee376a2085e1b24e8ec856c983386e0,21300000,SwordOfGoznor,Assets/Sprites/Item/Weapon/Sword/SwordOfGoznor.png
c3fab3d7d43814e47b9bf049615c0673,21300000,XantusianScimitar,Assets/Sprites/Item/Weapon/Sword/XantusianScimitar.png
0bf32da675335ed4cb7c66506ab3bc4b,21300000,WalkingStick,Assets/Sprites/Item/Weapon/WalkingStick/WalkingStick.png
c187d2717b18ed24496f3eeda5ba6415,21300000,Black,Assets/Sprites/Lighting/Black.png
0051dc7886dd53e4a9bd2dfb67116b02,21300000,Blue,Assets/Sprites/Lighting/Blue.png
7d73391aa07a60141996ae37a7dbd4bf,21300000,White,Assets/Sprites/Lighting/Custom/White.png
835641c72eabebf4fb8a5de612898721,21300000,White2,Assets/Sprites/Lighting/Custom/White2.png
ca2df8e91add9004d9db9c94a0695f16,21300000,Green,Assets/Sprites/Lighting/Green.png
9635ac5c741c05b45887fe931e0ffec1,21300000,Orange,Assets/Sprites/Lighting/Orange.png
5633d031ecd3d2541afa0319453e5ef4,21300000,Purple,Assets/Sprites/Lighting/Purple.png
d41a444170dcb0241b2d23a3424fe3c4,21300000,Teal,Assets/Sprites/Lighting/Teal.png
e13337333bc032a499eea44d8f29fd7c,21300000,White,Assets/Sprites/Lighting/White.png
e69a47d5b6d1b2f4c9e5eed2d53d2c9a,21300000,Yellow,Assets/Sprites/Lighting/Yellow.png
57d10ba6176ee3b45bbc98bb894532b1,3286163911610860551,MusicNoteAll,Assets/Sprites/Music/MusicNoteAll.svg
804d2a9b4fc5be640b93aa041d754e5a,3286163911610860551,MusicNoteArea,Assets/Sprites/Music/MusicNoteArea.svg
9eeb5de74641e0e4bb020d2d40d2f711,3286163911610860551,MusicNoteBattle,Assets/Sprites/Music/MusicNoteBattle.svg
e919aee3a7e766c4abc5c86f7d081cdc,3286163911610860551,MusicNoteCharacter,Assets/Sprites/Music/MusicNoteCharacter.svg
dbf831954f5ae0445880acdfd36362d1,3286163911610860551,MusicNoteDungeon,Assets/Sprites/Music/MusicNoteDungeon.svg
70b51d527f697414d992ea521a931d51,3286163911610860551,MusicNoteJingle,Assets/Sprites/Music/MusicNoteJingle.svg
4fcbf31dce4b3d04b9d39f36c50677f6,3286163911610860551,MusicNoteMiscellaneous,Assets/Sprites/Music/MusicNoteMiscellaneous.svg
bd64548750ebf9947879325f2c028fab,3286163911610860551,MusicNoteMood,Assets/Sprites/Music/MusicNoteMood.svg
353c081689b896646b1a47b47b492ec7,21300000,Save_Crystal_1,Assets/Sprites/Save Crystal/Save_Crystal_1.png
ebcaf0b161f07a94ead25e75fd313c5c,21300000,Save_Crystal_2,Assets/Sprites/Save Crystal/Save_Crystal_2.png
30ff4cf670d99f447a3e5921a422fe44,21300000,Save_Crystal_3,Assets/Sprites/Save Crystal/Save_Crystal_3.png
b3f1e656317b16b419db3460540da5c6,21300000,Save_Crystal_4,Assets/Sprites/Save Crystal/Save_Crystal_4.png
4d6d85e164a7b2a4c8e6ceddc061c8ed,21300000,Powers,Assets/Sprites/SkillSets/Powers.png
9d4138e3ae479fe4c8e33b5fb04a6ef6,3286163911610860551,bleed,Assets/Sprites/StatusEffects/bleed.svg
b687415da77467a469458de9272adc06,3286163911610860551,blindness,Assets/Sprites/StatusEffects/blindness.svg
a6ea1416d6e7ee5439577a6000b6890c,3286163911610860551,confusion,Assets/Sprites/StatusEffects/confusion.svg
a7fc1db43680b8442a02a8d4c6c2423d,3286163911610860551,curse,Assets/Sprites/StatusEffects/curse.svg
5616aa819ea067b43918dc7056dbb658,3286163911610860551,numb,Assets/Sprites/StatusEffects/numb.svg
71dcc09b96744e040b40a2c0c8c46c8d,3286163911610860551,poison,Assets/Sprites/StatusEffects/poison.svg
1b20485ccd3a47040a93a02b1f8b2b21,3286163911610860551,silence,Assets/Sprites/StatusEffects/silence.svg
bbe93b23f84338346afa9681aed6ff67,3286163911610860551,sleep,Assets/Sprites/StatusEffects/sleep.svg
bdcb34e7125ac0d4fafba25b64a54dcc,3286163911610860551,stun,Assets/Sprites/StatusEffects/stun.svg
0956d8c9765f8e84e824cdfe5ef46cd1,3286163911610860551,zombie,Assets/Sprites/StatusEffects/zombie.svg
ed3651848b511ec49852412d85f7e587,21300000,28_TransArrow,Assets/Sprites/TestImport/images/28_TransArrow.png
3e80040802c505840b46ef3732a6fabb,1982921060,142_obj_torch_0,Assets/Sprites/TestImport/images/142_obj_torch.png
3e80040802c505840b46ef3732a6fabb,-684996107,142_obj_torch_1,Assets/Sprites/TestImport/images/142_obj_torch.png
3e80040802c505840b46ef3732a6fabb,-1833898451,142_obj_torch_2,Assets/Sprites/TestImport/images/142_obj_torch.png
3e80040802c505840b46ef3732a6fabb,1140740500,142_obj_torch_3,Assets/Sprites/TestImport/images/142_obj_torch.png
3e80040802c505840b46ef3732a6fabb,-1918394293,142_obj_torch_4,Assets/Sprites/TestImport/images/142_obj_torch.png
3e80040802c505840b46ef3732a6fabb,-1400829219,142_obj_torch_5,Assets/Sprites/TestImport/images/142_obj_torch.png
3e80040802c505840b46ef3732a6fabb,2137557583,142_obj_torch_6,Assets/Sprites/TestImport/images/142_obj_torch.png
3e80040802c505840b46ef3732a6fabb,1953679014,142_obj_torch_7,Assets/Sprites/TestImport/images/142_obj_torch.png
3e80040802c505840b46ef3732a6fabb,-1520578598,142_obj_torch_8,Assets/Sprites/TestImport/images/142_obj_torch.png
3e80040802c505840b46ef3732a6fabb,-1410332007,142_obj_torch_9,Assets/Sprites/TestImport/images/142_obj_torch.png
3e80040802c505840b46ef3732a6fabb,876830119,142_obj_torch_10,Assets/Sprites/TestImport/images/142_obj_torch.png
3e80040802c505840b46ef3732a6fabb,-2040923144,142_obj_torch_11,Assets/Sprites/TestImport/images/142_obj_torch.png
3e80040802c505840b46ef3732a6fabb,-1290512565,142_obj_torch_12,Assets/Sprites/TestImport/images/142_obj_torch.png
3e80040802c505840b46ef3732a6fabb,1697553368,142_obj_torch_13,Assets/Sprites/TestImport/images/142_obj_torch.png
3e80040802c505840b46ef3732a6fabb,1828100933,142_obj_torch_14,Assets/Sprites/TestImport/images/142_obj_torch.png
3e80040802c505840b46ef3732a6fabb,1369066613,142_obj_torch_15,Assets/Sprites/TestImport/images/142_obj_torch.png
3e80040802c505840b46ef3732a6fabb,-662443660,142_obj_torch_16,Assets/Sprites/TestImport/images/142_obj_torch.png
3e80040802c505840b46ef3732a6fabb,1049269625,142_obj_torch_17,Assets/Sprites/TestImport/images/142_obj_torch.png
3e80040802c505840b46ef3732a6fabb,-210390976,142_obj_torch_18,Assets/Sprites/TestImport/images/142_obj_torch.png
3e80040802c505840b46ef3732a6fabb,1191935431,142_obj_torch_19,Assets/Sprites/TestImport/images/142_obj_torch.png
3e80040802c505840b46ef3732a6fabb,574255781,142_obj_torch_20,Assets/Sprites/TestImport/images/142_obj_torch.png
3e80040802c505840b46ef3732a6fabb,531768164,142_obj_torch_21,Assets/Sprites/TestImport/images/142_obj_torch.png
3e80040802c505840b46ef3732a6fabb,334223265,142_obj_torch_22,Assets/Sprites/TestImport/images/142_obj_torch.png
3e80040802c505840b46ef3732a6fabb,1777157982,142_obj_torch_23,Assets/Sprites/TestImport/images/142_obj_torch.png
7b23faabf2948df48bacaee99f4dddec,21300000,72,Assets/Sprites/TestImport/sprites/DefineSprite_3284/72.png
9eca18042a7db1c4d80c2de482900489,21300000,Background,Assets/Sprites/Tiles/Background.png
0d84b899677b92243bd07bcb5c0499ea,21300000,Floor_Brick_1,Assets/Sprites/Tiles/Floor_Brick_1.png
91c93410a0e68a24ebfde497a666bd8f,21300000,Floor_Stair_1,Assets/Sprites/Tiles/Floor_Stair_1.png
91d1e68f8217fbd47b958864ae4bd2dc,21300000,Pitch_Black,Assets/Sprites/Tiles/Pitch_Black.png
bcbbb69c2844a7b4787cb9628669fbf2,21300000,Stained_Glass_1,Assets/Sprites/Tiles/Stained_Glass_1.png
f18f3deab647a02428a466b0075a63bc,21300000,Stained_Glass_2,Assets/Sprites/Tiles/Stained_Glass_2.png
64e9e35fb0a19f14a8df4f9e0f2a639a,21300000,Wall_Panel_1,Assets/Sprites/Tiles/Wall_Panel_1.png
dd6c96093c0c6c34494ebd319aae9d42,21300000,Wall_Panel_2,Assets/Sprites/Tiles/Wall_Panel_2.png
153517f889b1fae4e9db2ee639dd93c1,-8655818156195654838,sandcave_10,Assets/Sprites/Tilesets/2161_tilesheet_sandcave.png
153517f889b1fae4e9db2ee639dd93c1,6346318911325233748,sandcave_11,Assets/Sprites/Tilesets/2161_tilesheet_sandcave.png
153517f889b1fae4e9db2ee639dd93c1,1840059084634729652,sandcave_12,Assets/Sprites/Tilesets/2161_tilesheet_sandcave.png
153517f889b1fae4e9db2ee639dd93c1,1127223760459724062,sandcave_13,Assets/Sprites/Tilesets/2161_tilesheet_sandcave.png
153517f889b1fae4e9db2ee639dd93c1,2450565909728410856,sandcave_14,Assets/Sprites/Tilesets/2161_tilesheet_sandcave.png
153517f889b1fae4e9db2ee639dd93c1,-3165705482850905674,sandcave_15,Assets/Sprites/Tilesets/2161_tilesheet_sandcave.png
153517f889b1fae4e9db2ee639dd93c1,-5774996654182199871,sandcave_16,Assets/Sprites/Tilesets/2161_tilesheet_sandcave.png
153517f889b1fae4e9db2ee639dd93c1,4443897450750874535,sandcave_17,Assets/Sprites/Tilesets/2161_tilesheet_sandcave.png
153517f889b1fae4e9db2ee639dd93c1,5661049957185019681,sandcave_18,Assets/Sprites/Tilesets/2161_tilesheet_sandcave.png
153517f889b1fae4e9db2ee639dd93c1,8474981341611232960,sandcave_19,Assets/Sprites/Tilesets/2161_tilesheet_sandcave.png
153517f889b1fae4e9db2ee639dd93c1,6836142153017594085,sandcave_20,Assets/Sprites/Tilesets/2161_tilesheet_sandcave.png
153517f889b1fae4e9db2ee639dd93c1,2185498278340178504,sandcave_21,Assets/Sprites/Tilesets/2161_tilesheet_sandcave.png
153517f889b1fae4e9db2ee639dd93c1,430984766625829748,sandcave_22,Assets/Sprites/Tilesets/2161_tilesheet_sandcave.png
153517f889b1fae4e9db2ee639dd93c1,-1317986280940093683,sandcave_23,Assets/Sprites/Tilesets/2161_tilesheet_sandcave.png
153517f889b1fae4e9db2ee639dd93c1,-8326724806951850010,sandcave_24,Assets/Sprites/Tilesets/2161_tilesheet_sandcave.png
153517f889b1fae4e9db2ee639dd93c1,8914089594741642868,sandcave_25,Assets/Sprites/Tilesets/2161_tilesheet_sandcave.png
153517f889b1fae4e9db2ee639dd93c1,2692228934559545928,sandcave_110,Assets/Sprites/Tilesets/2161_tilesheet_sandcave.png
153517f889b1fae4e9db2ee639dd93c1,8694305388649107506,sandcave_111,Assets/Sprites/Tilesets/2161_tilesheet_sandcave.png
153517f889b1fae4e9db2ee639dd93c1,-6908713535308251356,sandcave_112,Assets/Sprites/Tilesets/2161_tilesheet_sandcave.png
153517f889b1fae4e9db2ee639dd93c1,-4129235289053152723,sandcave_113,Assets/Sprites/Tilesets/2161_tilesheet_sandcave.png
153517f889b1fae4e9db2ee639dd93c1,-5468382029055465884,sandcave_114,Assets/Sprites/Tilesets/2161_tilesheet_sandcave.png
153517f889b1fae4e9db2ee639dd93c1,6734684633657039821,sandcave_115,Assets/Sprites/Tilesets/2161_tilesheet_sandcave.png
153517f889b1fae4e9db2ee639dd93c1,-5903299138629098404,sandcave_116,Assets/Sprites/Tilesets/2161_tilesheet_sandcave.png
153517f889b1fae4e9db2ee639dd93c1,-6398567975934360271,sandcave_117,Assets/Sprites/Tilesets/2161_tilesheet_sandcave.png
153517f889b1fae4e9db2ee639dd93c1,-8957284035257282584,sandcave_118,Assets/Sprites/Tilesets/2161_tilesheet_sandcave.png
153517f889b1fae4e9db2ee639dd93c1,-9138037040227770232,sandcave_119,Assets/Sprites/Tilesets/2161_tilesheet_sandcave.png
153517f889b1fae4e9db2ee639dd93c1,6287607311731213131,sandcave_120,Assets/Sprites/Tilesets/2161_tilesheet_sandcave.png
153517f889b1fae4e9db2ee639dd93c1,2425639911146021689,sandcave_121,Assets/Sprites/Tilesets/2161_tilesheet_sandcave.png
153517f889b1fae4e9db2ee639dd93c1,7293906268319233776,sandcave_122,Assets/Sprites/Tilesets/2161_tilesheet_sandcave.png
153517f889b1fae4e9db2ee639dd93c1,9174235224718242758,sandcave_123,Assets/Sprites/Tilesets/2161_tilesheet_sandcave.png
153517f889b1fae4e9db2ee639dd93c1,6312037128003990989,sandcave_124,Assets/Sprites/Tilesets/2161_tilesheet_sandcave.png
153517f889b1fae4e9db2ee639dd93c1,-3713311849071092161,sandcave_125,Assets/Sprites/Tilesets/2161_tilesheet_sandcave.png
153517f889b1fae4e9db2ee639dd93c1,3685152125961464965,sandcave_126,Assets/Sprites/Tilesets/2161_tilesheet_sandcave.png
153517f889b1fae4e9db2ee639dd93c1,3021946288986219864,sandcave_127,Assets/Sprites/Tilesets/2161_tilesheet_sandcave.png
153517f889b1fae4e9db2ee639dd93c1,821699465916322869,sandcave_128,Assets/Sprites/Tilesets/2161_tilesheet_sandcave.png
153517f889b1fae4e9db2ee639dd93c1,-8735441677112475752,sandcave_129,Assets/Sprites/Tilesets/2161_tilesheet_sandcave.png
153517f889b1fae4e9db2ee639dd93c1,162189906751378928,sandcave_130,Assets/Sprites/Tilesets/2161_tilesheet_sandcave.png
153517f889b1fae4e9db2ee639dd93c1,2551518094793869659,sandcave_131,Assets/Sprites/Tilesets/2161_tilesheet_sandcave.png
153517f889b1fae4e9db2ee639dd93c1,7564170298869451445,sandcave_132,Assets/Sprites/Tilesets/2161_tilesheet_sandcave.png
153517f889b1fae4e9db2ee639dd93c1,-5763829074529255567,sandcave_133,Assets/Sprites/Tilesets/2161_tilesheet_sandcave.png
153517f889b1fae4e9db2ee639dd93c1,1524157299721021891,sandcave_134,Assets/Sprites/Tilesets/2161_tilesheet_sandcave.png
153517f889b1fae4e9db2ee639dd93c1,-1583898042935591190,sandcave_135,Assets/Sprites/Tilesets/2161_tilesheet_sandcave.png
153517f889b1fae4e9db2ee639dd93c1,-3505167688332446886,sandcave_136,Assets/Sprites/Tilesets/2161_tilesheet_sandcave.png
153517f889b1fae4e9db2ee639dd93c1,-6066770748219408245,sandcave_137,Assets/Sprites/Tilesets/2161_tilesheet_sandcave.png
153517f889b1fae4e9db2ee639dd93c1,6489610241198286182,sandcave_138,Assets/Sprites/Tilesets/2161_tilesheet_sandcave.png
153517f889b1fae4e9db2ee639dd93c1,1641813613071775055,sandcave_139,Assets/Sprites/Tilesets/2161_tilesheet_sandcave.png
153517f889b1fae4e9db2ee639dd93c1,7026842539221975203,sandcave_140,Assets/Sprites/Tilesets/2161_tilesheet_sandcave.png
153517f889b1fae4e9db2ee639dd93c1,-3558287319723886022,sandcave_141,Assets/Sprites/Tilesets/2161_tilesheet_sandcave.png
153517f889b1fae4e9db2ee639dd93c1,-8344083640052678453,sandcave_142,Assets/Sprites/Tilesets/2161_tilesheet_sandcave.png
153517f889b1fae4e9db2ee639dd93c1,246296347441123025,sandcave_143,Assets/Sprites/Tilesets/2161_tilesheet_sandcave.png
153517f889b1fae4e9db2ee639dd93c1,183212007095979961,sandcave_144,Assets/Sprites/Tilesets/2161_tilesheet_sandcave.png
153517f889b1fae4e9db2ee639dd93c1,-2406893295983391241,sandcave_145,Assets/Sprites/Tilesets/2161_tilesheet_sandcave.png
153517f889b1fae4e9db2ee639dd93c1,8680213767338256587,sandcave_146,Assets/Sprites/Tilesets/2161_tilesheet_sandcave.png
153517f889b1fae4e9db2ee639dd93c1,-3839419028077224407,sandcave_147,Assets/Sprites/Tilesets/2161_tilesheet_sandcave.png
153517f889b1fae4e9db2ee639dd93c1,-9186735260187993544,sandcave_148,Assets/Sprites/Tilesets/2161_tilesheet_sandcave.png
153517f889b1fae4e9db2ee639dd93c1,-9016710347682217852,sandcave_149,Assets/Sprites/Tilesets/2161_tilesheet_sandcave.png
153517f889b1fae4e9db2ee639dd93c1,-3144590571393297090,sandcave_150,Assets/Sprites/Tilesets/2161_tilesheet_sandcave.png
153517f889b1fae4e9db2ee639dd93c1,-1869248515973406079,sandcave_151,Assets/Sprites/Tilesets/2161_tilesheet_sandcave.png
153517f889b1fae4e9db2ee639dd93c1,1462365499702293984,sandcave_152,Assets/Sprites/Tilesets/2161_tilesheet_sandcave.png
153517f889b1fae4e9db2ee639dd93c1,3117608474565576089,sandcave_153,Assets/Sprites/Tilesets/2161_tilesheet_sandcave.png
153517f889b1fae4e9db2ee639dd93c1,4193222730039741841,sandcave_154,Assets/Sprites/Tilesets/2161_tilesheet_sandcave.png
153517f889b1fae4e9db2ee639dd93c1,-952682199232832059,sandcave_155,Assets/Sprites/Tilesets/2161_tilesheet_sandcave.png
153517f889b1fae4e9db2ee639dd93c1,-3213984598705551438,sandcave_156,Assets/Sprites/Tilesets/2161_tilesheet_sandcave.png
153517f889b1fae4e9db2ee639dd93c1,-5307506109448168031,sandcave_157,Assets/Sprites/Tilesets/2161_tilesheet_sandcave.png
153517f889b1fae4e9db2ee639dd93c1,6489871585197885851,sandcave_158,Assets/Sprites/Tilesets/2161_tilesheet_sandcave.png
153517f889b1fae4e9db2ee639dd93c1,-5410082502029113031,sandcave_159,Assets/Sprites/Tilesets/2161_tilesheet_sandcave.png
153517f889b1fae4e9db2ee639dd93c1,3739629566794811945,sandcave_210,Assets/Sprites/Tilesets/2161_tilesheet_sandcave.png
153517f889b1fae4e9db2ee639dd93c1,312411451082320881,sandcave_211,Assets/Sprites/Tilesets/2161_tilesheet_sandcave.png
153517f889b1fae4e9db2ee639dd93c1,7200636335243528347,sandcave_212,Assets/Sprites/Tilesets/2161_tilesheet_sandcave.png
153517f889b1fae4e9db2ee639dd93c1,-3977800204531077332,sandcave_213,Assets/Sprites/Tilesets/2161_tilesheet_sandcave.png
153517f889b1fae4e9db2ee639dd93c1,9018316408388942899,sandcave_214,Assets/Sprites/Tilesets/2161_tilesheet_sandcave.png
153517f889b1fae4e9db2ee639dd93c1,-2570949691034005900,sandcave_215,Assets/Sprites/Tilesets/2161_tilesheet_sandcave.png
153517f889b1fae4e9db2ee639dd93c1,-6167804180273747926,sandcave_220,Assets/Sprites/Tilesets/2161_tilesheet_sandcave.png
153517f889b1fae4e9db2ee639dd93c1,863553802706296020,sandcave_221,Assets/Sprites/Tilesets/2161_tilesheet_sandcave.png
153517f889b1fae4e9db2ee639dd93c1,-4227776513080790873,sandcave_222,Assets/Sprites/Tilesets/2161_tilesheet_sandcave.png
153517f889b1fae4e9db2ee639dd93c1,-1126271621817865780,sandcave_223,Assets/Sprites/Tilesets/2161_tilesheet_sandcave.png
153517f889b1fae4e9db2ee639dd93c1,7115231666849958538,sandcave_224,Assets/Sprites/Tilesets/2161_tilesheet_sandcave.png
153517f889b1fae4e9db2ee639dd93c1,-2376931319762873690,sandcave_225,Assets/Sprites/Tilesets/2161_tilesheet_sandcave.png
153517f889b1fae4e9db2ee639dd93c1,-201460538643699791,sandcave_lava,Assets/Sprites/Tilesets/2161_tilesheet_sandcave.png
153517f889b1fae4e9db2ee639dd93c1,-4400644427685314254,sandcave_water,Assets/Sprites/Tilesets/2161_tilesheet_sandcave.png
153517f889b1fae4e9db2ee639dd93c1,7055374874864954388,sandcave_water_background,Assets/Sprites/Tilesets/2161_tilesheet_sandcave.png
153517f889b1fae4e9db2ee639dd93c1,8283533273962829627,sandcave_water_backwall,Assets/Sprites/Tilesets/2161_tilesheet_sandcave.png
153517f889b1fae4e9db2ee639dd93c1,4392170440827130783,sandcave_waterfall,Assets/Sprites/Tilesets/2161_tilesheet_sandcave.png
f2cab37c3eed67548ab9dbaa95f7533f,-8655818156195654838,volcano_10,Assets/Sprites/Tilesets/2193_tilesheet_volcano.png
f2cab37c3eed67548ab9dbaa95f7533f,6346318911325233748,volcano_11,Assets/Sprites/Tilesets/2193_tilesheet_volcano.png
f2cab37c3eed67548ab9dbaa95f7533f,1840059084634729652,volcano_12,Assets/Sprites/Tilesets/2193_tilesheet_volcano.png
f2cab37c3eed67548ab9dbaa95f7533f,1127223760459724062,volcano_13,Assets/Sprites/Tilesets/2193_tilesheet_volcano.png
f2cab37c3eed67548ab9dbaa95f7533f,2450565909728410856,volcano_14,Assets/Sprites/Tilesets/2193_tilesheet_volcano.png
f2cab37c3eed67548ab9dbaa95f7533f,-3165705482850905674,volcano_15,Assets/Sprites/Tilesets/2193_tilesheet_volcano.png
f2cab37c3eed67548ab9dbaa95f7533f,-5774996654182199871,volcano_16,Assets/Sprites/Tilesets/2193_tilesheet_volcano.png
f2cab37c3eed67548ab9dbaa95f7533f,4443897450750874535,volcano_17,Assets/Sprites/Tilesets/2193_tilesheet_volcano.png
f2cab37c3eed67548ab9dbaa95f7533f,5661049957185019681,volcano_18,Assets/Sprites/Tilesets/2193_tilesheet_volcano.png
f2cab37c3eed67548ab9dbaa95f7533f,8474981341611232960,volcano_19,Assets/Sprites/Tilesets/2193_tilesheet_volcano.png
f2cab37c3eed67548ab9dbaa95f7533f,6836142153017594085,volcano_20,Assets/Sprites/Tilesets/2193_tilesheet_volcano.png
f2cab37c3eed67548ab9dbaa95f7533f,2185498278340178504,volcano_21,Assets/Sprites/Tilesets/2193_tilesheet_volcano.png
f2cab37c3eed67548ab9dbaa95f7533f,430984766625829748,volcano_22,Assets/Sprites/Tilesets/2193_tilesheet_volcano.png
f2cab37c3eed67548ab9dbaa95f7533f,-1317986280940093683,volcano_23,Assets/Sprites/Tilesets/2193_tilesheet_volcano.png
f2cab37c3eed67548ab9dbaa95f7533f,-8326724806951850010,volcano_24,Assets/Sprites/Tilesets/2193_tilesheet_volcano.png
f2cab37c3eed67548ab9dbaa95f7533f,2692228934559545928,volcano_110,Assets/Sprites/Tilesets/2193_tilesheet_volcano.png
f2cab37c3eed67548ab9dbaa95f7533f,8694305388649107506,volcano_111,Assets/Sprites/Tilesets/2193_tilesheet_volcano.png
f2cab37c3eed67548ab9dbaa95f7533f,-6908713535308251356,volcano_112,Assets/Sprites/Tilesets/2193_tilesheet_volcano.png
f2cab37c3eed67548ab9dbaa95f7533f,-4129235289053152723,volcano_113,Assets/Sprites/Tilesets/2193_tilesheet_volcano.png
f2cab37c3eed67548ab9dbaa95f7533f,-5468382029055465884,volcano_114,Assets/Sprites/Tilesets/2193_tilesheet_volcano.png
f2cab37c3eed67548ab9dbaa95f7533f,6734684633657039821,volcano_115,Assets/Sprites/Tilesets/2193_tilesheet_volcano.png
f2cab37c3eed67548ab9dbaa95f7533f,-5903299138629098404,volcano_116,Assets/Sprites/Tilesets/2193_tilesheet_volcano.png
f2cab37c3eed67548ab9dbaa95f7533f,-6398567975934360271,volcano_117,Assets/Sprites/Tilesets/2193_tilesheet_volcano.png
f2cab37c3eed67548ab9dbaa95f7533f,-8957284035257282584,volcano_118,Assets/Sprites/Tilesets/2193_tilesheet_volcano.png
f2cab37c3eed67548ab9dbaa95f7533f,-9138037040227770232,volcano_119,Assets/Sprites/Tilesets/2193_tilesheet_volcano.png
f2cab37c3eed67548ab9dbaa95f7533f,6287607311731213131,volcano_120,Assets/Sprites/Tilesets/2193_tilesheet_volcano.png
f2cab37c3eed67548ab9dbaa95f7533f,2425639911146021689,volcano_121,Assets/Sprites/Tilesets/2193_tilesheet_volcano.png
f2cab37c3eed67548ab9dbaa95f7533f,7293906268319233776,volcano_122,Assets/Sprites/Tilesets/2193_tilesheet_volcano.png
f2cab37c3eed67548ab9dbaa95f7533f,9174235224718242758,volcano_123,Assets/Sprites/Tilesets/2193_tilesheet_volcano.png
f2cab37c3eed67548ab9dbaa95f7533f,6312037128003990989,volcano_124,Assets/Sprites/Tilesets/2193_tilesheet_volcano.png
f2cab37c3eed67548ab9dbaa95f7533f,-3713311849071092161,volcano_125,Assets/Sprites/Tilesets/2193_tilesheet_volcano.png
f2cab37c3eed67548ab9dbaa95f7533f,3685152125961464965,volcano_126,Assets/Sprites/Tilesets/2193_tilesheet_volcano.png
f2cab37c3eed67548ab9dbaa95f7533f,3021946288986219864,volcano_127,Assets/Sprites/Tilesets/2193_tilesheet_volcano.png
f2cab37c3eed67548ab9dbaa95f7533f,821699465916322869,volcano_128,Assets/Sprites/Tilesets/2193_tilesheet_volcano.png
f2cab37c3eed67548ab9dbaa95f7533f,-8735441677112475752,volcano_129,Assets/Sprites/Tilesets/2193_tilesheet_volcano.png
f2cab37c3eed67548ab9dbaa95f7533f,162189906751378928,volcano_130,Assets/Sprites/Tilesets/2193_tilesheet_volcano.png
f2cab37c3eed67548ab9dbaa95f7533f,2551518094793869659,volcano_131,Assets/Sprites/Tilesets/2193_tilesheet_volcano.png
f2cab37c3eed67548ab9dbaa95f7533f,7564170298869451445,volcano_132,Assets/Sprites/Tilesets/2193_tilesheet_volcano.png
f2cab37c3eed67548ab9dbaa95f7533f,-5763829074529255567,volcano_133,Assets/Sprites/Tilesets/2193_tilesheet_volcano.png
f2cab37c3eed67548ab9dbaa95f7533f,1524157299721021891,volcano_134,Assets/Sprites/Tilesets/2193_tilesheet_volcano.png
f2cab37c3eed67548ab9dbaa95f7533f,-1583898042935591190,volcano_135,Assets/Sprites/Tilesets/2193_tilesheet_volcano.png
f2cab37c3eed67548ab9dbaa95f7533f,-3505167688332446886,volcano_136,Assets/Sprites/Tilesets/2193_tilesheet_volcano.png
f2cab37c3eed67548ab9dbaa95f7533f,-6066770748219408245,volcano_137,Assets/Sprites/Tilesets/2193_tilesheet_volcano.png
f2cab37c3eed67548ab9dbaa95f7533f,6489610241198286182,volcano_138,Assets/Sprites/Tilesets/2193_tilesheet_volcano.png
f2cab37c3eed67548ab9dbaa95f7533f,1641813613071775055,volcano_139,Assets/Sprites/Tilesets/2193_tilesheet_volcano.png
f2cab37c3eed67548ab9dbaa95f7533f,7026842539221975203,volcano_140,Assets/Sprites/Tilesets/2193_tilesheet_volcano.png
f2cab37c3eed67548ab9dbaa95f7533f,-3558287319723886022,volcano_141,Assets/Sprites/Tilesets/2193_tilesheet_volcano.png
f2cab37c3eed67548ab9dbaa95f7533f,-8344083640052678453,volcano_142,Assets/Sprites/Tilesets/2193_tilesheet_volcano.png
f2cab37c3eed67548ab9dbaa95f7533f,246296347441123025,volcano_143,Assets/Sprites/Tilesets/2193_tilesheet_volcano.png
f2cab37c3eed67548ab9dbaa95f7533f,183212007095979961,volcano_144,Assets/Sprites/Tilesets/2193_tilesheet_volcano.png
f2cab37c3eed67548ab9dbaa95f7533f,-2406893295983391241,volcano_145,Assets/Sprites/Tilesets/2193_tilesheet_volcano.png
f2cab37c3eed67548ab9dbaa95f7533f,8680213767338256587,volcano_146,Assets/Sprites/Tilesets/2193_tilesheet_volcano.png
f2cab37c3eed67548ab9dbaa95f7533f,-3839419028077224407,volcano_147,Assets/Sprites/Tilesets/2193_tilesheet_volcano.png
f2cab37c3eed67548ab9dbaa95f7533f,-9186735260187993544,volcano_148,Assets/Sprites/Tilesets/2193_tilesheet_volcano.png
f2cab37c3eed67548ab9dbaa95f7533f,-9016710347682217852,volcano_149,Assets/Sprites/Tilesets/2193_tilesheet_volcano.png
f2cab37c3eed67548ab9dbaa95f7533f,-3144590571393297090,volcano_150,Assets/Sprites/Tilesets/2193_tilesheet_volcano.png
f2cab37c3eed67548ab9dbaa95f7533f,-1869248515973406079,volcano_151,Assets/Sprites/Tilesets/2193_tilesheet_volcano.png
f2cab37c3eed67548ab9dbaa95f7533f,1462365499702293984,volcano_152,Assets/Sprites/Tilesets/2193_tilesheet_volcano.png
f2cab37c3eed67548ab9dbaa95f7533f,3117608474565576089,volcano_153,Assets/Sprites/Tilesets/2193_tilesheet_volcano.png
f2cab37c3eed67548ab9dbaa95f7533f,4193222730039741841,volcano_154,Assets/Sprites/Tilesets/2193_tilesheet_volcano.png
f2cab37c3eed67548ab9dbaa95f7533f,-952682199232832059,volcano_155,Assets/Sprites/Tilesets/2193_tilesheet_volcano.png
f2cab37c3eed67548ab9dbaa95f7533f,-3213984598705551438,volcano_156,Assets/Sprites/Tilesets/2193_tilesheet_volcano.png
f2cab37c3eed67548ab9dbaa95f7533f,-5307506109448168031,volcano_157,Assets/Sprites/Tilesets/2193_tilesheet_volcano.png
f2cab37c3eed67548ab9dbaa95f7533f,6489871585197885851,volcano_158,Assets/Sprites/Tilesets/2193_tilesheet_volcano.png
f2cab37c3eed67548ab9dbaa95f7533f,-5410082502029113031,volcano_159,Assets/Sprites/Tilesets/2193_tilesheet_volcano.png
f2cab37c3eed67548ab9dbaa95f7533f,-8373222136145620632,volcano_160,Assets/Sprites/Tilesets/2193_tilesheet_volcano.png
f2cab37c3eed67548ab9dbaa95f7533f,-2115457103611978337,volcano_161,Assets/Sprites/Tilesets/2193_tilesheet_volcano.png
f2cab37c3eed67548ab9dbaa95f7533f,-7035195994024675113,volcano_162,Assets/Sprites/Tilesets/2193_tilesheet_volcano.png
f2cab37c3eed67548ab9dbaa95f7533f,-5079105962311074511,volcano_163,Assets/Sprites/Tilesets/2193_tilesheet_volcano.png
f2cab37c3eed67548ab9dbaa95f7533f,2733946097252187821,volcano_164,Assets/Sprites/Tilesets/2193_tilesheet_volcano.png
f2cab37c3eed67548ab9dbaa95f7533f,7161397670792433542,volcano_165,Assets/Sprites/Tilesets/2193_tilesheet_volcano.png
f2cab37c3eed67548ab9dbaa95f7533f,-6848136828857868286,volcano_166,Assets/Sprites/Tilesets/2193_tilesheet_volcano.png
f2cab37c3eed67548ab9dbaa95f7533f,700863525252940799,volcano_167,Assets/Sprites/Tilesets/2193_tilesheet_volcano.png
f2cab37c3eed67548ab9dbaa95f7533f,-3195476417298603316,volcano_168,Assets/Sprites/Tilesets/2193_tilesheet_volcano.png
f2cab37c3eed67548ab9dbaa95f7533f,-7858491299808530786,volcano_169,Assets/Sprites/Tilesets/2193_tilesheet_volcano.png
f2cab37c3eed67548ab9dbaa95f7533f,3739629566794811945,volcano_210,Assets/Sprites/Tilesets/2193_tilesheet_volcano.png
f2cab37c3eed67548ab9dbaa95f7533f,312411451082320881,volcano_211,Assets/Sprites/Tilesets/2193_tilesheet_volcano.png
f2cab37c3eed67548ab9dbaa95f7533f,7200636335243528347,volcano_212,Assets/Sprites/Tilesets/2193_tilesheet_volcano.png
f2cab37c3eed67548ab9dbaa95f7533f,-3977800204531077332,volcano_213,Assets/Sprites/Tilesets/2193_tilesheet_volcano.png
f2cab37c3eed67548ab9dbaa95f7533f,9018316408388942899,volcano_214,Assets/Sprites/Tilesets/2193_tilesheet_volcano.png
f2cab37c3eed67548ab9dbaa95f7533f,-6167804180273747926,volcano_220,Assets/Sprites/Tilesets/2193_tilesheet_volcano.png
f2cab37c3eed67548ab9dbaa95f7533f,863553802706296020,volcano_221,Assets/Sprites/Tilesets/2193_tilesheet_volcano.png
f2cab37c3eed67548ab9dbaa95f7533f,-4227776513080790873,volcano_222,Assets/Sprites/Tilesets/2193_tilesheet_volcano.png
f2cab37c3eed67548ab9dbaa95f7533f,-1126271621817865780,volcano_223,Assets/Sprites/Tilesets/2193_tilesheet_volcano.png
f2cab37c3eed67548ab9dbaa95f7533f,7115231666849958538,volcano_224,Assets/Sprites/Tilesets/2193_tilesheet_volcano.png
f2cab37c3eed67548ab9dbaa95f7533f,-201460538643699791,volcano_lava,Assets/Sprites/Tilesets/2193_tilesheet_volcano.png
f2cab37c3eed67548ab9dbaa95f7533f,-4400644427685314254,volcano_water,Assets/Sprites/Tilesets/2193_tilesheet_volcano.png
f2cab37c3eed67548ab9dbaa95f7533f,7055374874864954388,volcano_water_background,Assets/Sprites/Tilesets/2193_tilesheet_volcano.png
f2cab37c3eed67548ab9dbaa95f7533f,8283533273962829627,volcano_water_backwall,Assets/Sprites/Tilesets/2193_tilesheet_volcano.png
f2cab37c3eed67548ab9dbaa95f7533f,4392170440827130783,volcano_waterfall,Assets/Sprites/Tilesets/2193_tilesheet_volcano.png
2653a809a293faa45969a5421c868fbb,-8655818156195654838,lifewood_10,Assets/Sprites/Tilesets/2196_tilesheet_lifewood.png
2653a809a293faa45969a5421c868fbb,6346318911325233748,lifewood_11,Assets/Sprites/Tilesets/2196_tilesheet_lifewood.png
2653a809a293faa45969a5421c868fbb,1840059084634729652,lifewood_12,Assets/Sprites/Tilesets/2196_tilesheet_lifewood.png
2653a809a293faa45969a5421c868fbb,1127223760459724062,lifewood_13,Assets/Sprites/Tilesets/2196_tilesheet_lifewood.png
2653a809a293faa45969a5421c868fbb,2450565909728410856,lifewood_14,Assets/Sprites/Tilesets/2196_tilesheet_lifewood.png
2653a809a293faa45969a5421c868fbb,-3165705482850905674,lifewood_15,Assets/Sprites/Tilesets/2196_tilesheet_lifewood.png
2653a809a293faa45969a5421c868fbb,-5774996654182199871,lifewood_16,Assets/Sprites/Tilesets/2196_tilesheet_lifewood.png
2653a809a293faa45969a5421c868fbb,4443897450750874535,lifewood_17,Assets/Sprites/Tilesets/2196_tilesheet_lifewood.png
2653a809a293faa45969a5421c868fbb,5661049957185019681,lifewood_18,Assets/Sprites/Tilesets/2196_tilesheet_lifewood.png
2653a809a293faa45969a5421c868fbb,8474981341611232960,lifewood_19,Assets/Sprites/Tilesets/2196_tilesheet_lifewood.png
2653a809a293faa45969a5421c868fbb,6836142153017594085,lifewood_20,Assets/Sprites/Tilesets/2196_tilesheet_lifewood.png
2653a809a293faa45969a5421c868fbb,2185498278340178504,lifewood_21,Assets/Sprites/Tilesets/2196_tilesheet_lifewood.png
2653a809a293faa45969a5421c868fbb,430984766625829748,lifewood_22,Assets/Sprites/Tilesets/2196_tilesheet_lifewood.png
2653a809a293faa45969a5421c868fbb,-1317986280940093683,lifewood_23,Assets/Sprites/Tilesets/2196_tilesheet_lifewood.png
2653a809a293faa45969a5421c868fbb,-8326724806951850010,lifewood_24,Assets/Sprites/Tilesets/2196_tilesheet_lifewood.png
2653a809a293faa45969a5421c868fbb,8914089594741642868,lifewood_25,Assets/Sprites/Tilesets/2196_tilesheet_lifewood.png
2653a809a293faa45969a5421c868fbb,276181914589855336,lifewood_26,Assets/Sprites/Tilesets/2196_tilesheet_lifewood.png
2653a809a293faa45969a5421c868fbb,588497054336764479,lifewood_27,Assets/Sprites/Tilesets/2196_tilesheet_lifewood.png
2653a809a293faa45969a5421c868fbb,-540048619370252142,lifewood_28,Assets/Sprites/Tilesets/2196_tilesheet_lifewood.png
2653a809a293faa45969a5421c868fbb,-3511060238418154924,lifewood_29,Assets/Sprites/Tilesets/2196_tilesheet_lifewood.png
2653a809a293faa45969a5421c868fbb,-6691012767228139306,lifewood_30,Assets/Sprites/Tilesets/2196_tilesheet_lifewood.png
2653a809a293faa45969a5421c868fbb,8251907811329543855,lifewood_31,Assets/Sprites/Tilesets/2196_tilesheet_lifewood.png
2653a809a293faa45969a5421c868fbb,-8946788012438720712,lifewood_32,Assets/Sprites/Tilesets/2196_tilesheet_lifewood.png
2653a809a293faa45969a5421c868fbb,-3538851436377425636,lifewood_33,Assets/Sprites/Tilesets/2196_tilesheet_lifewood.png
2653a809a293faa45969a5421c868fbb,5837620518785745679,lifewood_34,Assets/Sprites/Tilesets/2196_tilesheet_lifewood.png
2653a809a293faa45969a5421c868fbb,735763825654373507,lifewood_35,Assets/Sprites/Tilesets/2196_tilesheet_lifewood.png
2653a809a293faa45969a5421c868fbb,-6766607325196344940,lifewood_36,Assets/Sprites/Tilesets/2196_tilesheet_lifewood.png
2653a809a293faa45969a5421c868fbb,7123294266852565953,lifewood_37,Assets/Sprites/Tilesets/2196_tilesheet_lifewood.png
2653a809a293faa45969a5421c868fbb,1812952166184403864,lifewood_38,Assets/Sprites/Tilesets/2196_tilesheet_lifewood.png
2653a809a293faa45969a5421c868fbb,765628930423093814,lifewood_39,Assets/Sprites/Tilesets/2196_tilesheet_lifewood.png
2653a809a293faa45969a5421c868fbb,2692228934559545928,lifewood_110,Assets/Sprites/Tilesets/2196_tilesheet_lifewood.png
2653a809a293faa45969a5421c868fbb,8694305388649107506,lifewood_111,Assets/Sprites/Tilesets/2196_tilesheet_lifewood.png
2653a809a293faa45969a5421c868fbb,-6908713535308251356,lifewood_112,Assets/Sprites/Tilesets/2196_tilesheet_lifewood.png
2653a809a293faa45969a5421c868fbb,-4129235289053152723,lifewood_113,Assets/Sprites/Tilesets/2196_tilesheet_lifewood.png
2653a809a293faa45969a5421c868fbb,-5468382029055465884,lifewood_114,Assets/Sprites/Tilesets/2196_tilesheet_lifewood.png
2653a809a293faa45969a5421c868fbb,6734684633657039821,lifewood_115,Assets/Sprites/Tilesets/2196_tilesheet_lifewood.png
2653a809a293faa45969a5421c868fbb,-5903299138629098404,lifewood_116,Assets/Sprites/Tilesets/2196_tilesheet_lifewood.png
2653a809a293faa45969a5421c868fbb,-6398567975934360271,lifewood_117,Assets/Sprites/Tilesets/2196_tilesheet_lifewood.png
2653a809a293faa45969a5421c868fbb,-8957284035257282584,lifewood_118,Assets/Sprites/Tilesets/2196_tilesheet_lifewood.png
2653a809a293faa45969a5421c868fbb,-9138037040227770232,lifewood_119,Assets/Sprites/Tilesets/2196_tilesheet_lifewood.png
2653a809a293faa45969a5421c868fbb,6287607311731213131,lifewood_120,Assets/Sprites/Tilesets/2196_tilesheet_lifewood.png
2653a809a293faa45969a5421c868fbb,2425639911146021689,lifewood_121,Assets/Sprites/Tilesets/2196_tilesheet_lifewood.png
2653a809a293faa45969a5421c868fbb,7293906268319233776,lifewood_122,Assets/Sprites/Tilesets/2196_tilesheet_lifewood.png
2653a809a293faa45969a5421c868fbb,9174235224718242758,lifewood_123,Assets/Sprites/Tilesets/2196_tilesheet_lifewood.png
2653a809a293faa45969a5421c868fbb,6312037128003990989,lifewood_124,Assets/Sprites/Tilesets/2196_tilesheet_lifewood.png
2653a809a293faa45969a5421c868fbb,-3713311849071092161,lifewood_125,Assets/Sprites/Tilesets/2196_tilesheet_lifewood.png
2653a809a293faa45969a5421c868fbb,3685152125961464965,lifewood_126,Assets/Sprites/Tilesets/2196_tilesheet_lifewood.png
2653a809a293faa45969a5421c868fbb,3021946288986219864,lifewood_127,Assets/Sprites/Tilesets/2196_tilesheet_lifewood.png
2653a809a293faa45969a5421c868fbb,821699465916322869,lifewood_128,Assets/Sprites/Tilesets/2196_tilesheet_lifewood.png
2653a809a293faa45969a5421c868fbb,-8735441677112475752,lifewood_129,Assets/Sprites/Tilesets/2196_tilesheet_lifewood.png
2653a809a293faa45969a5421c868fbb,162189906751378928,lifewood_130,Assets/Sprites/Tilesets/2196_tilesheet_lifewood.png
2653a809a293faa45969a5421c868fbb,2551518094793869659,lifewood_131,Assets/Sprites/Tilesets/2196_tilesheet_lifewood.png
2653a809a293faa45969a5421c868fbb,7564170298869451445,lifewood_132,Assets/Sprites/Tilesets/2196_tilesheet_lifewood.png
2653a809a293faa45969a5421c868fbb,-5763829074529255567,lifewood_133,Assets/Sprites/Tilesets/2196_tilesheet_lifewood.png
2653a809a293faa45969a5421c868fbb,1524157299721021891,lifewood_134,Assets/Sprites/Tilesets/2196_tilesheet_lifewood.png
2653a809a293faa45969a5421c868fbb,-1583898042935591190,lifewood_135,Assets/Sprites/Tilesets/2196_tilesheet_lifewood.png
2653a809a293faa45969a5421c868fbb,-3505167688332446886,lifewood_136,Assets/Sprites/Tilesets/2196_tilesheet_lifewood.png
2653a809a293faa45969a5421c868fbb,-6066770748219408245,lifewood_137,Assets/Sprites/Tilesets/2196_tilesheet_lifewood.png
2653a809a293faa45969a5421c868fbb,6489610241198286182,lifewood_138,Assets/Sprites/Tilesets/2196_tilesheet_lifewood.png
2653a809a293faa45969a5421c868fbb,1641813613071775055,lifewood_139,Assets/Sprites/Tilesets/2196_tilesheet_lifewood.png
2653a809a293faa45969a5421c868fbb,7026842539221975203,lifewood_140,Assets/Sprites/Tilesets/2196_tilesheet_lifewood.png
2653a809a293faa45969a5421c868fbb,-3558287319723886022,lifewood_141,Assets/Sprites/Tilesets/2196_tilesheet_lifewood.png
2653a809a293faa45969a5421c868fbb,-8344083640052678453,lifewood_142,Assets/Sprites/Tilesets/2196_tilesheet_lifewood.png
2653a809a293faa45969a5421c868fbb,246296347441123025,lifewood_143,Assets/Sprites/Tilesets/2196_tilesheet_lifewood.png
2653a809a293faa45969a5421c868fbb,183212007095979961,lifewood_144,Assets/Sprites/Tilesets/2196_tilesheet_lifewood.png
2653a809a293faa45969a5421c868fbb,-2406893295983391241,lifewood_145,Assets/Sprites/Tilesets/2196_tilesheet_lifewood.png
2653a809a293faa45969a5421c868fbb,8680213767338256587,lifewood_146,Assets/Sprites/Tilesets/2196_tilesheet_lifewood.png
2653a809a293faa45969a5421c868fbb,-3839419028077224407,lifewood_147,Assets/Sprites/Tilesets/2196_tilesheet_lifewood.png
2653a809a293faa45969a5421c868fbb,-9186735260187993544,lifewood_148,Assets/Sprites/Tilesets/2196_tilesheet_lifewood.png
2653a809a293faa45969a5421c868fbb,-9016710347682217852,lifewood_149,Assets/Sprites/Tilesets/2196_tilesheet_lifewood.png
2653a809a293faa45969a5421c868fbb,-3144590571393297090,lifewood_150,Assets/Sprites/Tilesets/2196_tilesheet_lifewood.png
2653a809a293faa45969a5421c868fbb,-1869248515973406079,lifewood_151,Assets/Sprites/Tilesets/2196_tilesheet_lifewood.png
2653a809a293faa45969a5421c868fbb,1462365499702293984,lifewood_152,Assets/Sprites/Tilesets/2196_tilesheet_lifewood.png
2653a809a293faa45969a5421c868fbb,3117608474565576089,lifewood_153,Assets/Sprites/Tilesets/2196_tilesheet_lifewood.png
2653a809a293faa45969a5421c868fbb,4193222730039741841,lifewood_154,Assets/Sprites/Tilesets/2196_tilesheet_lifewood.png
2653a809a293faa45969a5421c868fbb,-952682199232832059,lifewood_155,Assets/Sprites/Tilesets/2196_tilesheet_lifewood.png
2653a809a293faa45969a5421c868fbb,-3213984598705551438,lifewood_156,Assets/Sprites/Tilesets/2196_tilesheet_lifewood.png
2653a809a293faa45969a5421c868fbb,-5307506109448168031,lifewood_157,Assets/Sprites/Tilesets/2196_tilesheet_lifewood.png
2653a809a293faa45969a5421c868fbb,6489871585197885851,lifewood_158,Assets/Sprites/Tilesets/2196_tilesheet_lifewood.png
2653a809a293faa45969a5421c868fbb,-5410082502029113031,lifewood_159,Assets/Sprites/Tilesets/2196_tilesheet_lifewood.png
2653a809a293faa45969a5421c868fbb,-8373222136145620632,lifewood_160,Assets/Sprites/Tilesets/2196_tilesheet_lifewood.png
2653a809a293faa45969a5421c868fbb,-2115457103611978337,lifewood_161,Assets/Sprites/Tilesets/2196_tilesheet_lifewood.png
2653a809a293faa45969a5421c868fbb,-7035195994024675113,lifewood_162,Assets/Sprites/Tilesets/2196_tilesheet_lifewood.png
2653a809a293faa45969a5421c868fbb,-5079105962311074511,lifewood_163,Assets/Sprites/Tilesets/2196_tilesheet_lifewood.png
2653a809a293faa45969a5421c868fbb,2733946097252187821,lifewood_164,Assets/Sprites/Tilesets/2196_tilesheet_lifewood.png
2653a809a293faa45969a5421c868fbb,7161397670792433542,lifewood_165,Assets/Sprites/Tilesets/2196_tilesheet_lifewood.png
2653a809a293faa45969a5421c868fbb,-6848136828857868286,lifewood_166,Assets/Sprites/Tilesets/2196_tilesheet_lifewood.png
2653a809a293faa45969a5421c868fbb,700863525252940799,lifewood_167,Assets/Sprites/Tilesets/2196_tilesheet_lifewood.png
2653a809a293faa45969a5421c868fbb,-3195476417298603316,lifewood_168,Assets/Sprites/Tilesets/2196_tilesheet_lifewood.png
2653a809a293faa45969a5421c868fbb,-7858491299808530786,lifewood_169,Assets/Sprites/Tilesets/2196_tilesheet_lifewood.png
2653a809a293faa45969a5421c868fbb,1701854330767516314,lifewood_170,Assets/Sprites/Tilesets/2196_tilesheet_lifewood.png
2653a809a293faa45969a5421c868fbb,5932739100274104364,lifewood_171,Assets/Sprites/Tilesets/2196_tilesheet_lifewood.png
2653a809a293faa45969a5421c868fbb,-6467276799757248785,lifewood_172,Assets/Sprites/Tilesets/2196_tilesheet_lifewood.png
2653a809a293faa45969a5421c868fbb,-1300805632072158905,lifewood_173,Assets/Sprites/Tilesets/2196_tilesheet_lifewood.png
2653a809a293faa45969a5421c868fbb,605696201848019545,lifewood_174,Assets/Sprites/Tilesets/2196_tilesheet_lifewood.png
2653a809a293faa45969a5421c868fbb,-1724086907042617910,lifewood_175,Assets/Sprites/Tilesets/2196_tilesheet_lifewood.png
2653a809a293faa45969a5421c868fbb,8475284525710512774,lifewood_176,Assets/Sprites/Tilesets/2196_tilesheet_lifewood.png
2653a809a293faa45969a5421c868fbb,-3822713577358298166,lifewood_177,Assets/Sprites/Tilesets/2196_tilesheet_lifewood.png
2653a809a293faa45969a5421c868fbb,1768339233626080706,lifewood_178,Assets/Sprites/Tilesets/2196_tilesheet_lifewood.png
2653a809a293faa45969a5421c868fbb,-6841722765060534419,lifewood_179,Assets/Sprites/Tilesets/2196_tilesheet_lifewood.png
2653a809a293faa45969a5421c868fbb,-3493160027052846601,lifewood_180,Assets/Sprites/Tilesets/2196_tilesheet_lifewood.png
2653a809a293faa45969a5421c868fbb,-554438106920706084,lifewood_181,Assets/Sprites/Tilesets/2196_tilesheet_lifewood.png
2653a809a293faa45969a5421c868fbb,-5341870609494625678,lifewood_182,Assets/Sprites/Tilesets/2196_tilesheet_lifewood.png
2653a809a293faa45969a5421c868fbb,-8905662136806812126,lifewood_183,Assets/Sprites/Tilesets/2196_tilesheet_lifewood.png
2653a809a293faa45969a5421c868fbb,5281638212969618885,lifewood_184,Assets/Sprites/Tilesets/2196_tilesheet_lifewood.png
2653a809a293faa45969a5421c868fbb,-3150301486310352595,lifewood_185,Assets/Sprites/Tilesets/2196_tilesheet_lifewood.png
2653a809a293faa45969a5421c868fbb,-733222574896515085,lifewood_186,Assets/Sprites/Tilesets/2196_tilesheet_lifewood.png
2653a809a293faa45969a5421c868fbb,-3204314713441666975,lifewood_187,Assets/Sprites/Tilesets/2196_tilesheet_lifewood.png
2653a809a293faa45969a5421c868fbb,-8295142853972654705,lifewood_188,Assets/Sprites/Tilesets/2196_tilesheet_lifewood.png
2653a809a293faa45969a5421c868fbb,-1977760837791518271,lifewood_189,Assets/Sprites/Tilesets/2196_tilesheet_lifewood.png
2653a809a293faa45969a5421c868fbb,4226848489356718782,lifewood_190,Assets/Sprites/Tilesets/2196_tilesheet_lifewood.png
2653a809a293faa45969a5421c868fbb,-8236584472190259415,lifewood_191,Assets/Sprites/Tilesets/2196_tilesheet_lifewood.png
2653a809a293faa45969a5421c868fbb,-8992005622729389307,lifewood_192,Assets/Sprites/Tilesets/2196_tilesheet_lifewood.png
2653a809a293faa45969a5421c868fbb,9185226273848547440,lifewood_193,Assets/Sprites/Tilesets/2196_tilesheet_lifewood.png
2653a809a293faa45969a5421c868fbb,-7367521910513102346,lifewood_194,Assets/Sprites/Tilesets/2196_tilesheet_lifewood.png
2653a809a293faa45969a5421c868fbb,4652559125209467337,lifewood_195,Assets/Sprites/Tilesets/2196_tilesheet_lifewood.png
2653a809a293faa45969a5421c868fbb,-2461449556822371205,lifewood_196,Assets/Sprites/Tilesets/2196_tilesheet_lifewood.png
2653a809a293faa45969a5421c868fbb,2881414327404933116,lifewood_197,Assets/Sprites/Tilesets/2196_tilesheet_lifewood.png
2653a809a293faa45969a5421c868fbb,-2807883170600298723,lifewood_198,Assets/Sprites/Tilesets/2196_tilesheet_lifewood.png
2653a809a293faa45969a5421c868fbb,-1124929230099341800,lifewood_199,Assets/Sprites/Tilesets/2196_tilesheet_lifewood.png
2653a809a293faa45969a5421c868fbb,3739629566794811945,lifewood_210,Assets/Sprites/Tilesets/2196_tilesheet_lifewood.png
2653a809a293faa45969a5421c868fbb,312411451082320881,lifewood_211,Assets/Sprites/Tilesets/2196_tilesheet_lifewood.png
2653a809a293faa45969a5421c868fbb,7200636335243528347,lifewood_212,Assets/Sprites/Tilesets/2196_tilesheet_lifewood.png
2653a809a293faa45969a5421c868fbb,-3977800204531077332,lifewood_213,Assets/Sprites/Tilesets/2196_tilesheet_lifewood.png
2653a809a293faa45969a5421c868fbb,9018316408388942899,lifewood_214,Assets/Sprites/Tilesets/2196_tilesheet_lifewood.png
2653a809a293faa45969a5421c868fbb,-2570949691034005900,lifewood_215,Assets/Sprites/Tilesets/2196_tilesheet_lifewood.png
2653a809a293faa45969a5421c868fbb,2791595852367629972,lifewood_216,Assets/Sprites/Tilesets/2196_tilesheet_lifewood.png
2653a809a293faa45969a5421c868fbb,7560987481910819968,lifewood_217,Assets/Sprites/Tilesets/2196_tilesheet_lifewood.png
2653a809a293faa45969a5421c868fbb,8628016325019199391,lifewood_218,Assets/Sprites/Tilesets/2196_tilesheet_lifewood.png
2653a809a293faa45969a5421c868fbb,2294871103751515929,lifewood_219,Assets/Sprites/Tilesets/2196_tilesheet_lifewood.png
2653a809a293faa45969a5421c868fbb,-6167804180273747926,lifewood_220,Assets/Sprites/Tilesets/2196_tilesheet_lifewood.png
2653a809a293faa45969a5421c868fbb,863553802706296020,lifewood_221,Assets/Sprites/Tilesets/2196_tilesheet_lifewood.png
2653a809a293faa45969a5421c868fbb,-4227776513080790873,lifewood_222,Assets/Sprites/Tilesets/2196_tilesheet_lifewood.png
2653a809a293faa45969a5421c868fbb,-1126271621817865780,lifewood_223,Assets/Sprites/Tilesets/2196_tilesheet_lifewood.png
2653a809a293faa45969a5421c868fbb,7115231666849958538,lifewood_224,Assets/Sprites/Tilesets/2196_tilesheet_lifewood.png
2653a809a293faa45969a5421c868fbb,-2376931319762873690,lifewood_225,Assets/Sprites/Tilesets/2196_tilesheet_lifewood.png
2653a809a293faa45969a5421c868fbb,-609758178335434047,lifewood_226,Assets/Sprites/Tilesets/2196_tilesheet_lifewood.png
2653a809a293faa45969a5421c868fbb,-4405719728687186775,lifewood_227,Assets/Sprites/Tilesets/2196_tilesheet_lifewood.png
2653a809a293faa45969a5421c868fbb,6698147340294147897,lifewood_228,Assets/Sprites/Tilesets/2196_tilesheet_lifewood.png
2653a809a293faa45969a5421c868fbb,5365529030329516596,lifewood_229,Assets/Sprites/Tilesets/2196_tilesheet_lifewood.png
2653a809a293faa45969a5421c868fbb,8298471800516993061,lifewood_230,Assets/Sprites/Tilesets/2196_tilesheet_lifewood.png
2653a809a293faa45969a5421c868fbb,-7397664776066113000,lifewood_231,Assets/Sprites/Tilesets/2196_tilesheet_lifewood.png
2653a809a293faa45969a5421c868fbb,2482586323228808731,lifewood_232,Assets/Sprites/Tilesets/2196_tilesheet_lifewood.png
2653a809a293faa45969a5421c868fbb,1994940757356745112,lifewood_233,Assets/Sprites/Tilesets/2196_tilesheet_lifewood.png
2653a809a293faa45969a5421c868fbb,-1078203913016493803,lifewood_234,Assets/Sprites/Tilesets/2196_tilesheet_lifewood.png
2653a809a293faa45969a5421c868fbb,-6752338200585653871,lifewood_235,Assets/Sprites/Tilesets/2196_tilesheet_lifewood.png
2653a809a293faa45969a5421c868fbb,8127992217002793755,lifewood_236,Assets/Sprites/Tilesets/2196_tilesheet_lifewood.png
2653a809a293faa45969a5421c868fbb,-4101432685032244580,lifewood_237,Assets/Sprites/Tilesets/2196_tilesheet_lifewood.png
2653a809a293faa45969a5421c868fbb,8265415928279550358,lifewood_238,Assets/Sprites/Tilesets/2196_tilesheet_lifewood.png
2653a809a293faa45969a5421c868fbb,-6674396443900270943,lifewood_239,Assets/Sprites/Tilesets/2196_tilesheet_lifewood.png
2653a809a293faa45969a5421c868fbb,1080804530591515564,lifewood_240,Assets/Sprites/Tilesets/2196_tilesheet_lifewood.png
2653a809a293faa45969a5421c868fbb,-506354789666657039,lifewood_241,Assets/Sprites/Tilesets/2196_tilesheet_lifewood.png
2653a809a293faa45969a5421c868fbb,2673319297951487583,lifewood_242,Assets/Sprites/Tilesets/2196_tilesheet_lifewood.png
2653a809a293faa45969a5421c868fbb,-9008657601438776649,lifewood_243,Assets/Sprites/Tilesets/2196_tilesheet_lifewood.png
2653a809a293faa45969a5421c868fbb,2147599006017125171,lifewood_244,Assets/Sprites/Tilesets/2196_tilesheet_lifewood.png
2653a809a293faa45969a5421c868fbb,8244018970315126061,lifewood_245,Assets/Sprites/Tilesets/2196_tilesheet_lifewood.png
2653a809a293faa45969a5421c868fbb,5361997221339473481,lifewood_246,Assets/Sprites/Tilesets/2196_tilesheet_lifewood.png
2653a809a293faa45969a5421c868fbb,4325820406135612389,lifewood_247,Assets/Sprites/Tilesets/2196_tilesheet_lifewood.png
2653a809a293faa45969a5421c868fbb,-7925412122032304329,lifewood_248,Assets/Sprites/Tilesets/2196_tilesheet_lifewood.png
2653a809a293faa45969a5421c868fbb,8322959718669543486,lifewood_249,Assets/Sprites/Tilesets/2196_tilesheet_lifewood.png
2653a809a293faa45969a5421c868fbb,7685791235311492198,lifewood_250,Assets/Sprites/Tilesets/2196_tilesheet_lifewood.png
2653a809a293faa45969a5421c868fbb,6097070106790314979,lifewood_251,Assets/Sprites/Tilesets/2196_tilesheet_lifewood.png
2653a809a293faa45969a5421c868fbb,1166535890125575309,lifewood_252,Assets/Sprites/Tilesets/2196_tilesheet_lifewood.png
2653a809a293faa45969a5421c868fbb,-3529375166929399159,lifewood_253,Assets/Sprites/Tilesets/2196_tilesheet_lifewood.png
2653a809a293faa45969a5421c868fbb,-5618943293163073787,lifewood_254,Assets/Sprites/Tilesets/2196_tilesheet_lifewood.png
2653a809a293faa45969a5421c868fbb,-8088098303998425932,lifewood_255,Assets/Sprites/Tilesets/2196_tilesheet_lifewood.png
2653a809a293faa45969a5421c868fbb,6020228106289174833,lifewood_256,Assets/Sprites/Tilesets/2196_tilesheet_lifewood.png
2653a809a293faa45969a5421c868fbb,-5818354559177891042,lifewood_257,Assets/Sprites/Tilesets/2196_tilesheet_lifewood.png
2653a809a293faa45969a5421c868fbb,271178689467477090,lifewood_258,Assets/Sprites/Tilesets/2196_tilesheet_lifewood.png
2653a809a293faa45969a5421c868fbb,4659752456874887765,lifewood_259,Assets/Sprites/Tilesets/2196_tilesheet_lifewood.png
2653a809a293faa45969a5421c868fbb,-4382326732657954914,lifewood_260,Assets/Sprites/Tilesets/2196_tilesheet_lifewood.png
2653a809a293faa45969a5421c868fbb,-791171881608758107,lifewood_261,Assets/Sprites/Tilesets/2196_tilesheet_lifewood.png
2653a809a293faa45969a5421c868fbb,-989409663303941614,lifewood_262,Assets/Sprites/Tilesets/2196_tilesheet_lifewood.png
2653a809a293faa45969a5421c868fbb,-9090245405134730987,lifewood_263,Assets/Sprites/Tilesets/2196_tilesheet_lifewood.png
2653a809a293faa45969a5421c868fbb,5329893624592007940,lifewood_264,Assets/Sprites/Tilesets/2196_tilesheet_lifewood.png
2653a809a293faa45969a5421c868fbb,5668184681740760840,lifewood_265,Assets/Sprites/Tilesets/2196_tilesheet_lifewood.png
2653a809a293faa45969a5421c868fbb,7103996754146993214,lifewood_266,Assets/Sprites/Tilesets/2196_tilesheet_lifewood.png
2653a809a293faa45969a5421c868fbb,2439627202533997482,lifewood_267,Assets/Sprites/Tilesets/2196_tilesheet_lifewood.png
2653a809a293faa45969a5421c868fbb,8369447865772916490,lifewood_268,Assets/Sprites/Tilesets/2196_tilesheet_lifewood.png
2653a809a293faa45969a5421c868fbb,7047629125559180919,lifewood_269,Assets/Sprites/Tilesets/2196_tilesheet_lifewood.png
2653a809a293faa45969a5421c868fbb,6723312103393961536,lifewood_270,Assets/Sprites/Tilesets/2196_tilesheet_lifewood.png
2653a809a293faa45969a5421c868fbb,-349764047067574752,lifewood_271,Assets/Sprites/Tilesets/2196_tilesheet_lifewood.png
2653a809a293faa45969a5421c868fbb,2366995963516979272,lifewood_272,Assets/Sprites/Tilesets/2196_tilesheet_lifewood.png
2653a809a293faa45969a5421c868fbb,-6921846182416962877,lifewood_273,Assets/Sprites/Tilesets/2196_tilesheet_lifewood.png
2653a809a293faa45969a5421c868fbb,-4803639847104180304,lifewood_274,Assets/Sprites/Tilesets/2196_tilesheet_lifewood.png
2653a809a293faa45969a5421c868fbb,5569703707038678378,lifewood_275,Assets/Sprites/Tilesets/2196_tilesheet_lifewood.png
2653a809a293faa45969a5421c868fbb,6066974225804667543,lifewood_276,Assets/Sprites/Tilesets/2196_tilesheet_lifewood.png
2653a809a293faa45969a5421c868fbb,6361686466656053695,lifewood_277,Assets/Sprites/Tilesets/2196_tilesheet_lifewood.png
2653a809a293faa45969a5421c868fbb,-6270175417863686825,lifewood_278,Assets/Sprites/Tilesets/2196_tilesheet_lifewood.png
2653a809a293faa45969a5421c868fbb,383815819457371247,lifewood_279,Assets/Sprites/Tilesets/2196_tilesheet_lifewood.png
2653a809a293faa45969a5421c868fbb,1583366995715778894,lifewood_280,Assets/Sprites/Tilesets/2196_tilesheet_lifewood.png
2653a809a293faa45969a5421c868fbb,-4012056018261900136,lifewood_281,Assets/Sprites/Tilesets/2196_tilesheet_lifewood.png
2653a809a293faa45969a5421c868fbb,-3072403316543920781,lifewood_282,Assets/Sprites/Tilesets/2196_tilesheet_lifewood.png
2653a809a293faa45969a5421c868fbb,-3639261437265247701,lifewood_283,Assets/Sprites/Tilesets/2196_tilesheet_lifewood.png
2653a809a293faa45969a5421c868fbb,8600027261005752927,lifewood_284,Assets/Sprites/Tilesets/2196_tilesheet_lifewood.png
2653a809a293faa45969a5421c868fbb,-5406188787507713850,lifewood_285,Assets/Sprites/Tilesets/2196_tilesheet_lifewood.png
2653a809a293faa45969a5421c868fbb,7847210054695363135,lifewood_286,Assets/Sprites/Tilesets/2196_tilesheet_lifewood.png
2653a809a293faa45969a5421c868fbb,-1754015456705264942,lifewood_287,Assets/Sprites/Tilesets/2196_tilesheet_lifewood.png
2653a809a293faa45969a5421c868fbb,-9119103406660213334,lifewood_288,Assets/Sprites/Tilesets/2196_tilesheet_lifewood.png
2653a809a293faa45969a5421c868fbb,3199710837397662309,lifewood_289,Assets/Sprites/Tilesets/2196_tilesheet_lifewood.png
2653a809a293faa45969a5421c868fbb,1732539685080962551,lifewood_290,Assets/Sprites/Tilesets/2196_tilesheet_lifewood.png
2653a809a293faa45969a5421c868fbb,-7553706626900870440,lifewood_291,Assets/Sprites/Tilesets/2196_tilesheet_lifewood.png
2653a809a293faa45969a5421c868fbb,2036197549148320386,lifewood_292,Assets/Sprites/Tilesets/2196_tilesheet_lifewood.png
2653a809a293faa45969a5421c868fbb,3616325991049130229,lifewood_293,Assets/Sprites/Tilesets/2196_tilesheet_lifewood.png
2653a809a293faa45969a5421c868fbb,-7297813835372463453,lifewood_294,Assets/Sprites/Tilesets/2196_tilesheet_lifewood.png
2653a809a293faa45969a5421c868fbb,-69790562392526733,lifewood_295,Assets/Sprites/Tilesets/2196_tilesheet_lifewood.png
2653a809a293faa45969a5421c868fbb,-7846062975527309420,lifewood_296,Assets/Sprites/Tilesets/2196_tilesheet_lifewood.png
2653a809a293faa45969a5421c868fbb,-1930739513151483127,lifewood_297,Assets/Sprites/Tilesets/2196_tilesheet_lifewood.png
2653a809a293faa45969a5421c868fbb,5667050424587045157,lifewood_298,Assets/Sprites/Tilesets/2196_tilesheet_lifewood.png
2653a809a293faa45969a5421c868fbb,2677307509465688898,lifewood_299,Assets/Sprites/Tilesets/2196_tilesheet_lifewood.png
2653a809a293faa45969a5421c868fbb,-5126770328913247271,lifewood_310,Assets/Sprites/Tilesets/2196_tilesheet_lifewood.png
2653a809a293faa45969a5421c868fbb,7946168081469297458,lifewood_311,Assets/Sprites/Tilesets/2196_tilesheet_lifewood.png
2653a809a293faa45969a5421c868fbb,2527338040782231141,lifewood_312,Assets/Sprites/Tilesets/2196_tilesheet_lifewood.png
2653a809a293faa45969a5421c868fbb,-8435350848283442103,lifewood_313,Assets/Sprites/Tilesets/2196_tilesheet_lifewood.png
2653a809a293faa45969a5421c868fbb,4282322130146762943,lifewood_314,Assets/Sprites/Tilesets/2196_tilesheet_lifewood.png
2653a809a293faa45969a5421c868fbb,3682794847301178665,lifewood_315,Assets/Sprites/Tilesets/2196_tilesheet_lifewood.png
2653a809a293faa45969a5421c868fbb,1659778227345637010,lifewood_316,Assets/Sprites/Tilesets/2196_tilesheet_lifewood.png
2653a809a293faa45969a5421c868fbb,-7080128163828701033,lifewood_317,Assets/Sprites/Tilesets/2196_tilesheet_lifewood.png
2653a809a293faa45969a5421c868fbb,9125346741212962701,lifewood_318,Assets/Sprites/Tilesets/2196_tilesheet_lifewood.png
2653a809a293faa45969a5421c868fbb,5290670118394407882,lifewood_319,Assets/Sprites/Tilesets/2196_tilesheet_lifewood.png
2653a809a293faa45969a5421c868fbb,2717723488615757018,lifewood_320,Assets/Sprites/Tilesets/2196_tilesheet_lifewood.png
2653a809a293faa45969a5421c868fbb,-5202534442311399235,lifewood_321,Assets/Sprites/Tilesets/2196_tilesheet_lifewood.png
2653a809a293faa45969a5421c868fbb,7003119491202799949,lifewood_322,Assets/Sprites/Tilesets/2196_tilesheet_lifewood.png
2653a809a293faa45969a5421c868fbb,-1516101246683267341,lifewood_323,Assets/Sprites/Tilesets/2196_tilesheet_lifewood.png
2653a809a293faa45969a5421c868fbb,4262453134342189748,lifewood_324,Assets/Sprites/Tilesets/2196_tilesheet_lifewood.png
2653a809a293faa45969a5421c868fbb,6228360690865079267,lifewood_325,Assets/Sprites/Tilesets/2196_tilesheet_lifewood.png
2653a809a293faa45969a5421c868fbb,9160419723727516329,lifewood_326,Assets/Sprites/Tilesets/2196_tilesheet_lifewood.png
2653a809a293faa45969a5421c868fbb,-5622098513726520222,lifewood_327,Assets/Sprites/Tilesets/2196_tilesheet_lifewood.png
2653a809a293faa45969a5421c868fbb,-5773599922294629756,lifewood_328,Assets/Sprites/Tilesets/2196_tilesheet_lifewood.png
2653a809a293faa45969a5421c868fbb,-4491712781077807811,lifewood_329,Assets/Sprites/Tilesets/2196_tilesheet_lifewood.png
2653a809a293faa45969a5421c868fbb,3858445796382837725,lifewood_330,Assets/Sprites/Tilesets/2196_tilesheet_lifewood.png
2653a809a293faa45969a5421c868fbb,1576982563517511918,lifewood_331,Assets/Sprites/Tilesets/2196_tilesheet_lifewood.png
2653a809a293faa45969a5421c868fbb,-8957563533776167652,lifewood_332,Assets/Sprites/Tilesets/2196_tilesheet_lifewood.png
2653a809a293faa45969a5421c868fbb,4715161180640803526,lifewood_333,Assets/Sprites/Tilesets/2196_tilesheet_lifewood.png
2653a809a293faa45969a5421c868fbb,-6257506664081412805,lifewood_334,Assets/Sprites/Tilesets/2196_tilesheet_lifewood.png
2653a809a293faa45969a5421c868fbb,-4680067152379755720,lifewood_335,Assets/Sprites/Tilesets/2196_tilesheet_lifewood.png
2653a809a293faa45969a5421c868fbb,2244374295097005331,lifewood_336,Assets/Sprites/Tilesets/2196_tilesheet_lifewood.png
2653a809a293faa45969a5421c868fbb,7076060437303199293,lifewood_337,Assets/Sprites/Tilesets/2196_tilesheet_lifewood.png
2653a809a293faa45969a5421c868fbb,5159104344043786886,lifewood_338,Assets/Sprites/Tilesets/2196_tilesheet_lifewood.png
2653a809a293faa45969a5421c868fbb,-5744708227062500044,lifewood_339,Assets/Sprites/Tilesets/2196_tilesheet_lifewood.png
2653a809a293faa45969a5421c868fbb,3533517271663507497,lifewood_340,Assets/Sprites/Tilesets/2196_tilesheet_lifewood.png
2653a809a293faa45969a5421c868fbb,7692245900227843863,lifewood_341,Assets/Sprites/Tilesets/2196_tilesheet_lifewood.png
2653a809a293faa45969a5421c868fbb,-1445893386021467321,lifewood_342,Assets/Sprites/Tilesets/2196_tilesheet_lifewood.png
2653a809a293faa45969a5421c868fbb,-1960017832309878007,lifewood_343,Assets/Sprites/Tilesets/2196_tilesheet_lifewood.png
2653a809a293faa45969a5421c868fbb,-4099744979632021570,lifewood_344,Assets/Sprites/Tilesets/2196_tilesheet_lifewood.png
2653a809a293faa45969a5421c868fbb,-3436133621019239850,lifewood_345,Assets/Sprites/Tilesets/2196_tilesheet_lifewood.png
2653a809a293faa45969a5421c868fbb,-8748395396142292498,lifewood_346,Assets/Sprites/Tilesets/2196_tilesheet_lifewood.png
2653a809a293faa45969a5421c868fbb,-4211750623892000373,lifewood_347,Assets/Sprites/Tilesets/2196_tilesheet_lifewood.png
2653a809a293faa45969a5421c868fbb,1906894229784234965,lifewood_348,Assets/Sprites/Tilesets/2196_tilesheet_lifewood.png
2653a809a293faa45969a5421c868fbb,8255592735583435247,lifewood_349,Assets/Sprites/Tilesets/2196_tilesheet_lifewood.png
2653a809a293faa45969a5421c868fbb,4282081835650148834,lifewood_350,Assets/Sprites/Tilesets/2196_tilesheet_lifewood.png
2653a809a293faa45969a5421c868fbb,-536747536678525339,lifewood_351,Assets/Sprites/Tilesets/2196_tilesheet_lifewood.png
2653a809a293faa45969a5421c868fbb,6485675192774744532,lifewood_352,Assets/Sprites/Tilesets/2196_tilesheet_lifewood.png
2653a809a293faa45969a5421c868fbb,5279424940396526650,lifewood_353,Assets/Sprites/Tilesets/2196_tilesheet_lifewood.png
2653a809a293faa45969a5421c868fbb,-4978838036462690038,lifewood_354,Assets/Sprites/Tilesets/2196_tilesheet_lifewood.png
2653a809a293faa45969a5421c868fbb,1947237428429222352,lifewood_355,Assets/Sprites/Tilesets/2196_tilesheet_lifewood.png
2653a809a293faa45969a5421c868fbb,2869048934630135101,lifewood_356,Assets/Sprites/Tilesets/2196_tilesheet_lifewood.png
2653a809a293faa45969a5421c868fbb,4953147119723492788,lifewood_357,Assets/Sprites/Tilesets/2196_tilesheet_lifewood.png
2653a809a293faa45969a5421c868fbb,-1309599554336212154,lifewood_358,Assets/Sprites/Tilesets/2196_tilesheet_lifewood.png
2653a809a293faa45969a5421c868fbb,4146155406463653110,lifewood_359,Assets/Sprites/Tilesets/2196_tilesheet_lifewood.png
2653a809a293faa45969a5421c868fbb,-5425357046031445721,lifewood_360,Assets/Sprites/Tilesets/2196_tilesheet_lifewood.png
2653a809a293faa45969a5421c868fbb,-4881772357398981496,lifewood_361,Assets/Sprites/Tilesets/2196_tilesheet_lifewood.png
2653a809a293faa45969a5421c868fbb,-1976285271338315292,lifewood_362,Assets/Sprites/Tilesets/2196_tilesheet_lifewood.png
2653a809a293faa45969a5421c868fbb,9139027092468859446,lifewood_363,Assets/Sprites/Tilesets/2196_tilesheet_lifewood.png
2653a809a293faa45969a5421c868fbb,-5850430518014218498,lifewood_364,Assets/Sprites/Tilesets/2196_tilesheet_lifewood.png
2653a809a293faa45969a5421c868fbb,-7083926127734005721,lifewood_365,Assets/Sprites/Tilesets/2196_tilesheet_lifewood.png
2653a809a293faa45969a5421c868fbb,2809976172616560896,lifewood_366,Assets/Sprites/Tilesets/2196_tilesheet_lifewood.png
2653a809a293faa45969a5421c868fbb,2428636159312918636,lifewood_367,Assets/Sprites/Tilesets/2196_tilesheet_lifewood.png
2653a809a293faa45969a5421c868fbb,-6328753104859538504,lifewood_368,Assets/Sprites/Tilesets/2196_tilesheet_lifewood.png
2653a809a293faa45969a5421c868fbb,886240014712451212,lifewood_369,Assets/Sprites/Tilesets/2196_tilesheet_lifewood.png
2653a809a293faa45969a5421c868fbb,-7569774998583758339,lifewood_1100,Assets/Sprites/Tilesets/2196_tilesheet_lifewood.png
2653a809a293faa45969a5421c868fbb,5724964047476610699,lifewood_1101,Assets/Sprites/Tilesets/2196_tilesheet_lifewood.png
2653a809a293faa45969a5421c868fbb,-8176903463482961363,lifewood_1102,Assets/Sprites/Tilesets/2196_tilesheet_lifewood.png
2653a809a293faa45969a5421c868fbb,772099505048300058,lifewood_1103,Assets/Sprites/Tilesets/2196_tilesheet_lifewood.png
2653a809a293faa45969a5421c868fbb,-1546089664426798931,lifewood_1104,Assets/Sprites/Tilesets/2196_tilesheet_lifewood.png
2653a809a293faa45969a5421c868fbb,3057489228873141528,lifewood_1105,Assets/Sprites/Tilesets/2196_tilesheet_lifewood.png
2653a809a293faa45969a5421c868fbb,-489555711401333540,lifewood_1106,Assets/Sprites/Tilesets/2196_tilesheet_lifewood.png
2653a809a293faa45969a5421c868fbb,5291237931218343278,lifewood_1107,Assets/Sprites/Tilesets/2196_tilesheet_lifewood.png
2653a809a293faa45969a5421c868fbb,-2420368013389638570,lifewood_1108,Assets/Sprites/Tilesets/2196_tilesheet_lifewood.png
2653a809a293faa45969a5421c868fbb,-6574934626188038903,lifewood_1109,Assets/Sprites/Tilesets/2196_tilesheet_lifewood.png
2653a809a293faa45969a5421c868fbb,-182938280624200346,lifewood_1110,Assets/Sprites/Tilesets/2196_tilesheet_lifewood.png
2653a809a293faa45969a5421c868fbb,2695682918337805038,lifewood_1111,Assets/Sprites/Tilesets/2196_tilesheet_lifewood.png
2653a809a293faa45969a5421c868fbb,-5707155909472643132,lifewood_1112,Assets/Sprites/Tilesets/2196_tilesheet_lifewood.png
2653a809a293faa45969a5421c868fbb,1152055973426475995,lifewood_1113,Assets/Sprites/Tilesets/2196_tilesheet_lifewood.png
2653a809a293faa45969a5421c868fbb,5542024361733993677,lifewood_1114,Assets/Sprites/Tilesets/2196_tilesheet_lifewood.png
2653a809a293faa45969a5421c868fbb,-5921179608863644580,lifewood_1115,Assets/Sprites/Tilesets/2196_tilesheet_lifewood.png
2653a809a293faa45969a5421c868fbb,192535865646147348,lifewood_1116,Assets/Sprites/Tilesets/2196_tilesheet_lifewood.png
2653a809a293faa45969a5421c868fbb,3633457353596406767,lifewood_1117,Assets/Sprites/Tilesets/2196_tilesheet_lifewood.png
2653a809a293faa45969a5421c868fbb,2269496297103612743,lifewood_1118,Assets/Sprites/Tilesets/2196_tilesheet_lifewood.png
2653a809a293faa45969a5421c868fbb,-5823631361897592655,lifewood_1119,Assets/Sprites/Tilesets/2196_tilesheet_lifewood.png
2653a809a293faa45969a5421c868fbb,338422849111642521,lifewood_1120,Assets/Sprites/Tilesets/2196_tilesheet_lifewood.png
2653a809a293faa45969a5421c868fbb,8129645087164880051,lifewood_1121,Assets/Sprites/Tilesets/2196_tilesheet_lifewood.png
2653a809a293faa45969a5421c868fbb,7890734307253313622,lifewood_1122,Assets/Sprites/Tilesets/2196_tilesheet_lifewood.png
2653a809a293faa45969a5421c868fbb,-9040940687665429480,lifewood_1123,Assets/Sprites/Tilesets/2196_tilesheet_lifewood.png
2653a809a293faa45969a5421c868fbb,7087767300613358459,lifewood_1124,Assets/Sprites/Tilesets/2196_tilesheet_lifewood.png
2653a809a293faa45969a5421c868fbb,7775273710260745714,lifewood_1125,Assets/Sprites/Tilesets/2196_tilesheet_lifewood.png
2653a809a293faa45969a5421c868fbb,-2011197540995757177,lifewood_1126,Assets/Sprites/Tilesets/2196_tilesheet_lifewood.png
2653a809a293faa45969a5421c868fbb,-6251588895976766832,lifewood_1127,Assets/Sprites/Tilesets/2196_tilesheet_lifewood.png
2653a809a293faa45969a5421c868fbb,7108188872106161035,lifewood_1128,Assets/Sprites/Tilesets/2196_tilesheet_lifewood.png
2653a809a293faa45969a5421c868fbb,2053881273269552942,lifewood_1129,Assets/Sprites/Tilesets/2196_tilesheet_lifewood.png
2653a809a293faa45969a5421c868fbb,-2816325845316986640,lifewood_1130,Assets/Sprites/Tilesets/2196_tilesheet_lifewood.png
2653a809a293faa45969a5421c868fbb,-8976767054780853100,lifewood_1131,Assets/Sprites/Tilesets/2196_tilesheet_lifewood.png
2653a809a293faa45969a5421c868fbb,-8474828505996871293,lifewood_1132,Assets/Sprites/Tilesets/2196_tilesheet_lifewood.png
2653a809a293faa45969a5421c868fbb,-8061975812405836780,lifewood_1133,Assets/Sprites/Tilesets/2196_tilesheet_lifewood.png
2653a809a293faa45969a5421c868fbb,4258707027876052803,lifewood_1134,Assets/Sprites/Tilesets/2196_tilesheet_lifewood.png
2653a809a293faa45969a5421c868fbb,-7956293234037614293,lifewood_1135,Assets/Sprites/Tilesets/2196_tilesheet_lifewood.png
2653a809a293faa45969a5421c868fbb,-3213032948848873058,lifewood_1136,Assets/Sprites/Tilesets/2196_tilesheet_lifewood.png
2653a809a293faa45969a5421c868fbb,-7385479146557034150,lifewood_1137,Assets/Sprites/Tilesets/2196_tilesheet_lifewood.png
2653a809a293faa45969a5421c868fbb,2040803646496686711,lifewood_1138,Assets/Sprites/Tilesets/2196_tilesheet_lifewood.png
2653a809a293faa45969a5421c868fbb,7513412585230469022,lifewood_1139,Assets/Sprites/Tilesets/2196_tilesheet_lifewood.png
2653a809a293faa45969a5421c868fbb,8285176194445829352,lifewood_1140,Assets/Sprites/Tilesets/2196_tilesheet_lifewood.png
2653a809a293faa45969a5421c868fbb,7111191854166354866,lifewood_1141,Assets/Sprites/Tilesets/2196_tilesheet_lifewood.png
2653a809a293faa45969a5421c868fbb,2158241878725105577,lifewood_1142,Assets/Sprites/Tilesets/2196_tilesheet_lifewood.png
2653a809a293faa45969a5421c868fbb,-4169868186029444420,lifewood_1143,Assets/Sprites/Tilesets/2196_tilesheet_lifewood.png
2653a809a293faa45969a5421c868fbb,-3116694547276451186,lifewood_1144,Assets/Sprites/Tilesets/2196_tilesheet_lifewood.png
2653a809a293faa45969a5421c868fbb,-6472697727313423161,lifewood_1145,Assets/Sprites/Tilesets/2196_tilesheet_lifewood.png
2653a809a293faa45969a5421c868fbb,-972001202214890059,lifewood_1146,Assets/Sprites/Tilesets/2196_tilesheet_lifewood.png
2653a809a293faa45969a5421c868fbb,1433995052456077449,lifewood_1147,Assets/Sprites/Tilesets/2196_tilesheet_lifewood.png
2653a809a293faa45969a5421c868fbb,-8290485027163516606,lifewood_1148,Assets/Sprites/Tilesets/2196_tilesheet_lifewood.png
2653a809a293faa45969a5421c868fbb,761180710203434285,lifewood_1149,Assets/Sprites/Tilesets/2196_tilesheet_lifewood.png
2653a809a293faa45969a5421c868fbb,-4626597583857141909,lifewood_1150,Assets/Sprites/Tilesets/2196_tilesheet_lifewood.png
2653a809a293faa45969a5421c868fbb,-7387418129263824750,lifewood_1151,Assets/Sprites/Tilesets/2196_tilesheet_lifewood.png
2653a809a293faa45969a5421c868fbb,840482246464674132,lifewood_1152,Assets/Sprites/Tilesets/2196_tilesheet_lifewood.png
2653a809a293faa45969a5421c868fbb,-4387737539124424720,lifewood_1153,Assets/Sprites/Tilesets/2196_tilesheet_lifewood.png
2653a809a293faa45969a5421c868fbb,6681675070717181141,lifewood_1154,Assets/Sprites/Tilesets/2196_tilesheet_lifewood.png
2653a809a293faa45969a5421c868fbb,-6781580376035017968,lifewood_1155,Assets/Sprites/Tilesets/2196_tilesheet_lifewood.png
2653a809a293faa45969a5421c868fbb,-5546608393965525254,lifewood_1156,Assets/Sprites/Tilesets/2196_tilesheet_lifewood.png
2653a809a293faa45969a5421c868fbb,-5918248978111470741,lifewood_1157,Assets/Sprites/Tilesets/2196_tilesheet_lifewood.png
2653a809a293faa45969a5421c868fbb,1348447165923125062,lifewood_1158,Assets/Sprites/Tilesets/2196_tilesheet_lifewood.png
2653a809a293faa45969a5421c868fbb,-8393669240826933430,lifewood_1159,Assets/Sprites/Tilesets/2196_tilesheet_lifewood.png
2653a809a293faa45969a5421c868fbb,-1597556658295442144,lifewood_1160,Assets/Sprites/Tilesets/2196_tilesheet_lifewood.png
2653a809a293faa45969a5421c868fbb,-2346917648518114761,lifewood_1161,Assets/Sprites/Tilesets/2196_tilesheet_lifewood.png
2653a809a293faa45969a5421c868fbb,-2945876977805494638,lifewood_1162,Assets/Sprites/Tilesets/2196_tilesheet_lifewood.png
2653a809a293faa45969a5421c868fbb,-2650554477576990248,lifewood_1163,Assets/Sprites/Tilesets/2196_tilesheet_lifewood.png
2653a809a293faa45969a5421c868fbb,-1538821980933325432,lifewood_1164,Assets/Sprites/Tilesets/2196_tilesheet_lifewood.png
2653a809a293faa45969a5421c868fbb,-60349812173720260,lifewood_1165,Assets/Sprites/Tilesets/2196_tilesheet_lifewood.png
2653a809a293faa45969a5421c868fbb,-5374850148882190862,lifewood_1166,Assets/Sprites/Tilesets/2196_tilesheet_lifewood.png
2653a809a293faa45969a5421c868fbb,3725447453263326523,lifewood_1167,Assets/Sprites/Tilesets/2196_tilesheet_lifewood.png
2653a809a293faa45969a5421c868fbb,5388588744349823404,lifewood_1168,Assets/Sprites/Tilesets/2196_tilesheet_lifewood.png
2653a809a293faa45969a5421c868fbb,5535453410767352348,lifewood_1169,Assets/Sprites/Tilesets/2196_tilesheet_lifewood.png
2653a809a293faa45969a5421c868fbb,4543550479252421001,lifewood_1170,Assets/Sprites/Tilesets/2196_tilesheet_lifewood.png
2653a809a293faa45969a5421c868fbb,-398757348120918854,lifewood_1171,Assets/Sprites/Tilesets/2196_tilesheet_lifewood.png
2653a809a293faa45969a5421c868fbb,-6376406954478597488,lifewood_1172,Assets/Sprites/Tilesets/2196_tilesheet_lifewood.png
2653a809a293faa45969a5421c868fbb,2672833196028891450,lifewood_1173,Assets/Sprites/Tilesets/2196_tilesheet_lifewood.png
2653a809a293faa45969a5421c868fbb,-1744433905163437067,lifewood_1174,Assets/Sprites/Tilesets/2196_tilesheet_lifewood.png
2653a809a293faa45969a5421c868fbb,3971210674892847277,lifewood_1175,Assets/Sprites/Tilesets/2196_tilesheet_lifewood.png
2653a809a293faa45969a5421c868fbb,-3456106045395300259,lifewood_1176,Assets/Sprites/Tilesets/2196_tilesheet_lifewood.png
2653a809a293faa45969a5421c868fbb,4792895884687420322,lifewood_1177,Assets/Sprites/Tilesets/2196_tilesheet_lifewood.png
2653a809a293faa45969a5421c868fbb,-7224036790828033908,lifewood_1178,Assets/Sprites/Tilesets/2196_tilesheet_lifewood.png
2653a809a293faa45969a5421c868fbb,-7537340724641680104,lifewood_1179,Assets/Sprites/Tilesets/2196_tilesheet_lifewood.png
2653a809a293faa45969a5421c868fbb,-7605973798011691782,lifewood_1180,Assets/Sprites/Tilesets/2196_tilesheet_lifewood.png
2653a809a293faa45969a5421c868fbb,567171100833485081,lifewood_1181,Assets/Sprites/Tilesets/2196_tilesheet_lifewood.png
2653a809a293faa45969a5421c868fbb,-795024304657351289,lifewood_1182,Assets/Sprites/Tilesets/2196_tilesheet_lifewood.png
2653a809a293faa45969a5421c868fbb,4107911747036154594,lifewood_1183,Assets/Sprites/Tilesets/2196_tilesheet_lifewood.png
2653a809a293faa45969a5421c868fbb,-4560660908632094445,lifewood_1184,Assets/Sprites/Tilesets/2196_tilesheet_lifewood.png
2653a809a293faa45969a5421c868fbb,9102068192589865260,lifewood_1185,Assets/Sprites/Tilesets/2196_tilesheet_lifewood.png
2653a809a293faa45969a5421c868fbb,1040717468950093567,lifewood_1186,Assets/Sprites/Tilesets/2196_tilesheet_lifewood.png
2653a809a293faa45969a5421c868fbb,6031984939421386295,lifewood_1187,Assets/Sprites/Tilesets/2196_tilesheet_lifewood.png
2653a809a293faa45969a5421c868fbb,6765800265455082418,lifewood_1188,Assets/Sprites/Tilesets/2196_tilesheet_lifewood.png
2653a809a293faa45969a5421c868fbb,-7189247017722807710,lifewood_1189,Assets/Sprites/Tilesets/2196_tilesheet_lifewood.png
2653a809a293faa45969a5421c868fbb,7703274778085693497,lifewood_1190,Assets/Sprites/Tilesets/2196_tilesheet_lifewood.png
2653a809a293faa45969a5421c868fbb,-3331567481280545418,lifewood_1191,Assets/Sprites/Tilesets/2196_tilesheet_lifewood.png
2653a809a293faa45969a5421c868fbb,8820654859537391092,lifewood_1192,Assets/Sprites/Tilesets/2196_tilesheet_lifewood.png
2653a809a293faa45969a5421c868fbb,1176060754646470709,lifewood_1193,Assets/Sprites/Tilesets/2196_tilesheet_lifewood.png
2653a809a293faa45969a5421c868fbb,-3594154518756130334,lifewood_1194,Assets/Sprites/Tilesets/2196_tilesheet_lifewood.png
2653a809a293faa45969a5421c868fbb,-3664635519372877975,lifewood_1195,Assets/Sprites/Tilesets/2196_tilesheet_lifewood.png
2653a809a293faa45969a5421c868fbb,-4580176038739061123,lifewood_1196,Assets/Sprites/Tilesets/2196_tilesheet_lifewood.png
2653a809a293faa45969a5421c868fbb,3796245125418166692,lifewood_1197,Assets/Sprites/Tilesets/2196_tilesheet_lifewood.png
2653a809a293faa45969a5421c868fbb,8893565890313208736,lifewood_1198,Assets/Sprites/Tilesets/2196_tilesheet_lifewood.png
2653a809a293faa45969a5421c868fbb,8613223972117661697,lifewood_1199,Assets/Sprites/Tilesets/2196_tilesheet_lifewood.png
2653a809a293faa45969a5421c868fbb,1427989619649046963,lifewood_1200,Assets/Sprites/Tilesets/2196_tilesheet_lifewood.png
2653a809a293faa45969a5421c868fbb,-7194513080544916717,lifewood_1201,Assets/Sprites/Tilesets/2196_tilesheet_lifewood.png
2653a809a293faa45969a5421c868fbb,-7786831798435381927,lifewood_1202,Assets/Sprites/Tilesets/2196_tilesheet_lifewood.png
2653a809a293faa45969a5421c868fbb,-7610902743731849981,lifewood_1203,Assets/Sprites/Tilesets/2196_tilesheet_lifewood.png
2653a809a293faa45969a5421c868fbb,-1237102254621003685,lifewood_1204,Assets/Sprites/Tilesets/2196_tilesheet_lifewood.png
2653a809a293faa45969a5421c868fbb,8407256431452752160,lifewood_1205,Assets/Sprites/Tilesets/2196_tilesheet_lifewood.png
2653a809a293faa45969a5421c868fbb,5996093774403449402,lifewood_1206,Assets/Sprites/Tilesets/2196_tilesheet_lifewood.png
2653a809a293faa45969a5421c868fbb,8611588438216959596,lifewood_1207,Assets/Sprites/Tilesets/2196_tilesheet_lifewood.png
2653a809a293faa45969a5421c868fbb,7856395229125605583,lifewood_1208,Assets/Sprites/Tilesets/2196_tilesheet_lifewood.png
2653a809a293faa45969a5421c868fbb,-2913354367392246256,lifewood_1209,Assets/Sprites/Tilesets/2196_tilesheet_lifewood.png
2653a809a293faa45969a5421c868fbb,-201460538643699791,lifewood_lava,Assets/Sprites/Tilesets/2196_tilesheet_lifewood.png
2653a809a293faa45969a5421c868fbb,-4400644427685314254,lifewood_water,Assets/Sprites/Tilesets/2196_tilesheet_lifewood.png
2653a809a293faa45969a5421c868fbb,7055374874864954388,lifewood_water_background,Assets/Sprites/Tilesets/2196_tilesheet_lifewood.png
2653a809a293faa45969a5421c868fbb,8283533273962829627,lifewood_water_backwall,Assets/Sprites/Tilesets/2196_tilesheet_lifewood.png
2653a809a293faa45969a5421c868fbb,4392170440827130783,lifewood_waterfall,Assets/Sprites/Tilesets/2196_tilesheet_lifewood.png
fbabe5421f5790843ac1df3494a6f00d,-8655818156195654838,warport_10,Assets/Sprites/Tilesets/5366_tilesheet_warport.png
fbabe5421f5790843ac1df3494a6f00d,6346318911325233748,warport_11,Assets/Sprites/Tilesets/5366_tilesheet_warport.png
fbabe5421f5790843ac1df3494a6f00d,1840059084634729652,warport_12,Assets/Sprites/Tilesets/5366_tilesheet_warport.png
fbabe5421f5790843ac1df3494a6f00d,1127223760459724062,warport_13,Assets/Sprites/Tilesets/5366_tilesheet_warport.png
fbabe5421f5790843ac1df3494a6f00d,2450565909728410856,warport_14,Assets/Sprites/Tilesets/5366_tilesheet_warport.png
fbabe5421f5790843ac1df3494a6f00d,-3165705482850905674,warport_15,Assets/Sprites/Tilesets/5366_tilesheet_warport.png
fbabe5421f5790843ac1df3494a6f00d,-5774996654182199871,warport_16,Assets/Sprites/Tilesets/5366_tilesheet_warport.png
fbabe5421f5790843ac1df3494a6f00d,4443897450750874535,warport_17,Assets/Sprites/Tilesets/5366_tilesheet_warport.png
fbabe5421f5790843ac1df3494a6f00d,5661049957185019681,warport_18,Assets/Sprites/Tilesets/5366_tilesheet_warport.png
fbabe5421f5790843ac1df3494a6f00d,8474981341611232960,warport_19,Assets/Sprites/Tilesets/5366_tilesheet_warport.png
fbabe5421f5790843ac1df3494a6f00d,6836142153017594085,warport_20,Assets/Sprites/Tilesets/5366_tilesheet_warport.png
fbabe5421f5790843ac1df3494a6f00d,2185498278340178504,warport_21,Assets/Sprites/Tilesets/5366_tilesheet_warport.png
fbabe5421f5790843ac1df3494a6f00d,430984766625829748,warport_22,Assets/Sprites/Tilesets/5366_tilesheet_warport.png
fbabe5421f5790843ac1df3494a6f00d,-1317986280940093683,warport_23,Assets/Sprites/Tilesets/5366_tilesheet_warport.png
fbabe5421f5790843ac1df3494a6f00d,-8326724806951850010,warport_24,Assets/Sprites/Tilesets/5366_tilesheet_warport.png
fbabe5421f5790843ac1df3494a6f00d,8914089594741642868,warport_25,Assets/Sprites/Tilesets/5366_tilesheet_warport.png
fbabe5421f5790843ac1df3494a6f00d,276181914589855336,warport_26,Assets/Sprites/Tilesets/5366_tilesheet_warport.png
fbabe5421f5790843ac1df3494a6f00d,588497054336764479,warport_27,Assets/Sprites/Tilesets/5366_tilesheet_warport.png
fbabe5421f5790843ac1df3494a6f00d,-540048619370252142,warport_28,Assets/Sprites/Tilesets/5366_tilesheet_warport.png
fbabe5421f5790843ac1df3494a6f00d,-3511060238418154924,warport_29,Assets/Sprites/Tilesets/5366_tilesheet_warport.png
fbabe5421f5790843ac1df3494a6f00d,-6691012767228139306,warport_30,Assets/Sprites/Tilesets/5366_tilesheet_warport.png
fbabe5421f5790843ac1df3494a6f00d,8251907811329543855,warport_31,Assets/Sprites/Tilesets/5366_tilesheet_warport.png
fbabe5421f5790843ac1df3494a6f00d,-8946788012438720712,warport_32,Assets/Sprites/Tilesets/5366_tilesheet_warport.png
fbabe5421f5790843ac1df3494a6f00d,-3538851436377425636,warport_33,Assets/Sprites/Tilesets/5366_tilesheet_warport.png
fbabe5421f5790843ac1df3494a6f00d,5837620518785745679,warport_34,Assets/Sprites/Tilesets/5366_tilesheet_warport.png
fbabe5421f5790843ac1df3494a6f00d,735763825654373507,warport_35,Assets/Sprites/Tilesets/5366_tilesheet_warport.png
fbabe5421f5790843ac1df3494a6f00d,-6766607325196344940,warport_36,Assets/Sprites/Tilesets/5366_tilesheet_warport.png
fbabe5421f5790843ac1df3494a6f00d,7123294266852565953,warport_37,Assets/Sprites/Tilesets/5366_tilesheet_warport.png
fbabe5421f5790843ac1df3494a6f00d,1812952166184403864,warport_38,Assets/Sprites/Tilesets/5366_tilesheet_warport.png
fbabe5421f5790843ac1df3494a6f00d,765628930423093814,warport_39,Assets/Sprites/Tilesets/5366_tilesheet_warport.png
fbabe5421f5790843ac1df3494a6f00d,2692228934559545928,warport_110,Assets/Sprites/Tilesets/5366_tilesheet_warport.png
fbabe5421f5790843ac1df3494a6f00d,8694305388649107506,warport_111,Assets/Sprites/Tilesets/5366_tilesheet_warport.png
fbabe5421f5790843ac1df3494a6f00d,-6908713535308251356,warport_112,Assets/Sprites/Tilesets/5366_tilesheet_warport.png
fbabe5421f5790843ac1df3494a6f00d,-4129235289053152723,warport_113,Assets/Sprites/Tilesets/5366_tilesheet_warport.png
fbabe5421f5790843ac1df3494a6f00d,-5468382029055465884,warport_114,Assets/Sprites/Tilesets/5366_tilesheet_warport.png
fbabe5421f5790843ac1df3494a6f00d,6734684633657039821,warport_115,Assets/Sprites/Tilesets/5366_tilesheet_warport.png
fbabe5421f5790843ac1df3494a6f00d,-5903299138629098404,warport_116,Assets/Sprites/Tilesets/5366_tilesheet_warport.png
fbabe5421f5790843ac1df3494a6f00d,-6398567975934360271,warport_117,Assets/Sprites/Tilesets/5366_tilesheet_warport.png
fbabe5421f5790843ac1df3494a6f00d,-8957284035257282584,warport_118,Assets/Sprites/Tilesets/5366_tilesheet_warport.png
fbabe5421f5790843ac1df3494a6f00d,-9138037040227770232,warport_119,Assets/Sprites/Tilesets/5366_tilesheet_warport.png
fbabe5421f5790843ac1df3494a6f00d,6287607311731213131,warport_120,Assets/Sprites/Tilesets/5366_tilesheet_warport.png
fbabe5421f5790843ac1df3494a6f00d,2425639911146021689,warport_121,Assets/Sprites/Tilesets/5366_tilesheet_warport.png
fbabe5421f5790843ac1df3494a6f00d,7293906268319233776,warport_122,Assets/Sprites/Tilesets/5366_tilesheet_warport.png
fbabe5421f5790843ac1df3494a6f00d,9174235224718242758,warport_123,Assets/Sprites/Tilesets/5366_tilesheet_warport.png
fbabe5421f5790843ac1df3494a6f00d,6312037128003990989,warport_124,Assets/Sprites/Tilesets/5366_tilesheet_warport.png
fbabe5421f5790843ac1df3494a6f00d,-3713311849071092161,warport_125,Assets/Sprites/Tilesets/5366_tilesheet_warport.png
fbabe5421f5790843ac1df3494a6f00d,3685152125961464965,warport_126,Assets/Sprites/Tilesets/5366_tilesheet_warport.png
fbabe5421f5790843ac1df3494a6f00d,3021946288986219864,warport_127,Assets/Sprites/Tilesets/5366_tilesheet_warport.png
fbabe5421f5790843ac1df3494a6f00d,821699465916322869,warport_128,Assets/Sprites/Tilesets/5366_tilesheet_warport.png
fbabe5421f5790843ac1df3494a6f00d,-8735441677112475752,warport_129,Assets/Sprites/Tilesets/5366_tilesheet_warport.png
fbabe5421f5790843ac1df3494a6f00d,162189906751378928,warport_130,Assets/Sprites/Tilesets/5366_tilesheet_warport.png
fbabe5421f5790843ac1df3494a6f00d,2551518094793869659,warport_131,Assets/Sprites/Tilesets/5366_tilesheet_warport.png
fbabe5421f5790843ac1df3494a6f00d,7564170298869451445,warport_132,Assets/Sprites/Tilesets/5366_tilesheet_warport.png
fbabe5421f5790843ac1df3494a6f00d,-5763829074529255567,warport_133,Assets/Sprites/Tilesets/5366_tilesheet_warport.png
fbabe5421f5790843ac1df3494a6f00d,1524157299721021891,warport_134,Assets/Sprites/Tilesets/5366_tilesheet_warport.png
fbabe5421f5790843ac1df3494a6f00d,-1583898042935591190,warport_135,Assets/Sprites/Tilesets/5366_tilesheet_warport.png
fbabe5421f5790843ac1df3494a6f00d,-3505167688332446886,warport_136,Assets/Sprites/Tilesets/5366_tilesheet_warport.png
fbabe5421f5790843ac1df3494a6f00d,-6066770748219408245,warport_137,Assets/Sprites/Tilesets/5366_tilesheet_warport.png
fbabe5421f5790843ac1df3494a6f00d,6489610241198286182,warport_138,Assets/Sprites/Tilesets/5366_tilesheet_warport.png
fbabe5421f5790843ac1df3494a6f00d,1641813613071775055,warport_139,Assets/Sprites/Tilesets/5366_tilesheet_warport.png
fbabe5421f5790843ac1df3494a6f00d,3739629566794811945,warport_210,Assets/Sprites/Tilesets/5366_tilesheet_warport.png
fbabe5421f5790843ac1df3494a6f00d,312411451082320881,warport_211,Assets/Sprites/Tilesets/5366_tilesheet_warport.png
fbabe5421f5790843ac1df3494a6f00d,7200636335243528347,warport_212,Assets/Sprites/Tilesets/5366_tilesheet_warport.png
fbabe5421f5790843ac1df3494a6f00d,-3977800204531077332,warport_213,Assets/Sprites/Tilesets/5366_tilesheet_warport.png
fbabe5421f5790843ac1df3494a6f00d,9018316408388942899,warport_214,Assets/Sprites/Tilesets/5366_tilesheet_warport.png
fbabe5421f5790843ac1df3494a6f00d,-2570949691034005900,warport_215,Assets/Sprites/Tilesets/5366_tilesheet_warport.png
fbabe5421f5790843ac1df3494a6f00d,2791595852367629972,warport_216,Assets/Sprites/Tilesets/5366_tilesheet_warport.png
fbabe5421f5790843ac1df3494a6f00d,7560987481910819968,warport_217,Assets/Sprites/Tilesets/5366_tilesheet_warport.png
fbabe5421f5790843ac1df3494a6f00d,8628016325019199391,warport_218,Assets/Sprites/Tilesets/5366_tilesheet_warport.png
fbabe5421f5790843ac1df3494a6f00d,2294871103751515929,warport_219,Assets/Sprites/Tilesets/5366_tilesheet_warport.png
fbabe5421f5790843ac1df3494a6f00d,-201460538643699791,warport_lava,Assets/Sprites/Tilesets/5366_tilesheet_warport.png
fbabe5421f5790843ac1df3494a6f00d,-4400644427685314254,warport_water,Assets/Sprites/Tilesets/5366_tilesheet_warport.png
fbabe5421f5790843ac1df3494a6f00d,7055374874864954388,warport_water_background,Assets/Sprites/Tilesets/5366_tilesheet_warport.png
fbabe5421f5790843ac1df3494a6f00d,8283533273962829627,warport_water_backwall,Assets/Sprites/Tilesets/5366_tilesheet_warport.png
fbabe5421f5790843ac1df3494a6f00d,4392170440827130783,warport_waterfall,Assets/Sprites/Tilesets/5366_tilesheet_warport.png
8d7814a04314f874a99360586157be85,-8655818156195654838,underwater_10,Assets/Sprites/Tilesets/5367_tilesheet_underwater.png
8d7814a04314f874a99360586157be85,6346318911325233748,underwater_11,Assets/Sprites/Tilesets/5367_tilesheet_underwater.png
8d7814a04314f874a99360586157be85,1840059084634729652,underwater_12,Assets/Sprites/Tilesets/5367_tilesheet_underwater.png
8d7814a04314f874a99360586157be85,1127223760459724062,underwater_13,Assets/Sprites/Tilesets/5367_tilesheet_underwater.png
8d7814a04314f874a99360586157be85,2450565909728410856,underwater_14,Assets/Sprites/Tilesets/5367_tilesheet_underwater.png
8d7814a04314f874a99360586157be85,-3165705482850905674,underwater_15,Assets/Sprites/Tilesets/5367_tilesheet_underwater.png
8d7814a04314f874a99360586157be85,-5774996654182199871,underwater_16,Assets/Sprites/Tilesets/5367_tilesheet_underwater.png
8d7814a04314f874a99360586157be85,4443897450750874535,underwater_17,Assets/Sprites/Tilesets/5367_tilesheet_underwater.png
8d7814a04314f874a99360586157be85,5661049957185019681,underwater_18,Assets/Sprites/Tilesets/5367_tilesheet_underwater.png
8d7814a04314f874a99360586157be85,8474981341611232960,underwater_19,Assets/Sprites/Tilesets/5367_tilesheet_underwater.png
8d7814a04314f874a99360586157be85,6836142153017594085,underwater_20,Assets/Sprites/Tilesets/5367_tilesheet_underwater.png
8d7814a04314f874a99360586157be85,2185498278340178504,underwater_21,Assets/Sprites/Tilesets/5367_tilesheet_underwater.png
8d7814a04314f874a99360586157be85,430984766625829748,underwater_22,Assets/Sprites/Tilesets/5367_tilesheet_underwater.png
8d7814a04314f874a99360586157be85,-1317986280940093683,underwater_23,Assets/Sprites/Tilesets/5367_tilesheet_underwater.png
8d7814a04314f874a99360586157be85,-8326724806951850010,underwater_24,Assets/Sprites/Tilesets/5367_tilesheet_underwater.png
8d7814a04314f874a99360586157be85,8914089594741642868,underwater_25,Assets/Sprites/Tilesets/5367_tilesheet_underwater.png
8d7814a04314f874a99360586157be85,276181914589855336,underwater_26,Assets/Sprites/Tilesets/5367_tilesheet_underwater.png
8d7814a04314f874a99360586157be85,588497054336764479,underwater_27,Assets/Sprites/Tilesets/5367_tilesheet_underwater.png
8d7814a04314f874a99360586157be85,-540048619370252142,underwater_28,Assets/Sprites/Tilesets/5367_tilesheet_underwater.png
8d7814a04314f874a99360586157be85,-3511060238418154924,underwater_29,Assets/Sprites/Tilesets/5367_tilesheet_underwater.png
8d7814a04314f874a99360586157be85,-6691012767228139306,underwater_30,Assets/Sprites/Tilesets/5367_tilesheet_underwater.png
8d7814a04314f874a99360586157be85,2692228934559545928,underwater_110,Assets/Sprites/Tilesets/5367_tilesheet_underwater.png
8d7814a04314f874a99360586157be85,8694305388649107506,underwater_111,Assets/Sprites/Tilesets/5367_tilesheet_underwater.png
8d7814a04314f874a99360586157be85,-6908713535308251356,underwater_112,Assets/Sprites/Tilesets/5367_tilesheet_underwater.png
8d7814a04314f874a99360586157be85,-4129235289053152723,underwater_113,Assets/Sprites/Tilesets/5367_tilesheet_underwater.png
8d7814a04314f874a99360586157be85,-5468382029055465884,underwater_114,Assets/Sprites/Tilesets/5367_tilesheet_underwater.png
8d7814a04314f874a99360586157be85,6734684633657039821,underwater_115,Assets/Sprites/Tilesets/5367_tilesheet_underwater.png
8d7814a04314f874a99360586157be85,-5903299138629098404,underwater_116,Assets/Sprites/Tilesets/5367_tilesheet_underwater.png
8d7814a04314f874a99360586157be85,-6398567975934360271,underwater_117,Assets/Sprites/Tilesets/5367_tilesheet_underwater.png
8d7814a04314f874a99360586157be85,-8957284035257282584,underwater_118,Assets/Sprites/Tilesets/5367_tilesheet_underwater.png
8d7814a04314f874a99360586157be85,-9138037040227770232,underwater_119,Assets/Sprites/Tilesets/5367_tilesheet_underwater.png
8d7814a04314f874a99360586157be85,6287607311731213131,underwater_120,Assets/Sprites/Tilesets/5367_tilesheet_underwater.png
8d7814a04314f874a99360586157be85,2425639911146021689,underwater_121,Assets/Sprites/Tilesets/5367_tilesheet_underwater.png
8d7814a04314f874a99360586157be85,7293906268319233776,underwater_122,Assets/Sprites/Tilesets/5367_tilesheet_underwater.png
8d7814a04314f874a99360586157be85,9174235224718242758,underwater_123,Assets/Sprites/Tilesets/5367_tilesheet_underwater.png
8d7814a04314f874a99360586157be85,6312037128003990989,underwater_124,Assets/Sprites/Tilesets/5367_tilesheet_underwater.png
8d7814a04314f874a99360586157be85,-3713311849071092161,underwater_125,Assets/Sprites/Tilesets/5367_tilesheet_underwater.png
8d7814a04314f874a99360586157be85,3685152125961464965,underwater_126,Assets/Sprites/Tilesets/5367_tilesheet_underwater.png
8d7814a04314f874a99360586157be85,3021946288986219864,underwater_127,Assets/Sprites/Tilesets/5367_tilesheet_underwater.png
8d7814a04314f874a99360586157be85,821699465916322869,underwater_128,Assets/Sprites/Tilesets/5367_tilesheet_underwater.png
8d7814a04314f874a99360586157be85,-8735441677112475752,underwater_129,Assets/Sprites/Tilesets/5367_tilesheet_underwater.png
8d7814a04314f874a99360586157be85,-201460538643699791,underwater_lava,Assets/Sprites/Tilesets/5367_tilesheet_underwater.png
8d7814a04314f874a99360586157be85,-4400644427685314254,underwater_water,Assets/Sprites/Tilesets/5367_tilesheet_underwater.png
8d7814a04314f874a99360586157be85,7055374874864954388,underwater_water_background,Assets/Sprites/Tilesets/5367_tilesheet_underwater.png
8d7814a04314f874a99360586157be85,8283533273962829627,underwater_water_backwall,Assets/Sprites/Tilesets/5367_tilesheet_underwater.png
8d7814a04314f874a99360586157be85,4392170440827130783,underwater_waterfall,Assets/Sprites/Tilesets/5367_tilesheet_underwater.png
f697ad45148fa374dab64de4b697e969,-8655818156195654838,temple_WATER_dead_10,Assets/Sprites/Tilesets/5368_tilesheet_temple_WATER_dead.png
f697ad45148fa374dab64de4b697e969,6346318911325233748,temple_WATER_dead_11,Assets/Sprites/Tilesets/5368_tilesheet_temple_WATER_dead.png
f697ad45148fa374dab64de4b697e969,1840059084634729652,temple_WATER_dead_12,Assets/Sprites/Tilesets/5368_tilesheet_temple_WATER_dead.png
f697ad45148fa374dab64de4b697e969,1127223760459724062,temple_WATER_dead_13,Assets/Sprites/Tilesets/5368_tilesheet_temple_WATER_dead.png
f697ad45148fa374dab64de4b697e969,2450565909728410856,temple_WATER_dead_14,Assets/Sprites/Tilesets/5368_tilesheet_temple_WATER_dead.png
f697ad45148fa374dab64de4b697e969,-3165705482850905674,temple_WATER_dead_15,Assets/Sprites/Tilesets/5368_tilesheet_temple_WATER_dead.png
f697ad45148fa374dab64de4b697e969,-5774996654182199871,temple_WATER_dead_16,Assets/Sprites/Tilesets/5368_tilesheet_temple_WATER_dead.png
f697ad45148fa374dab64de4b697e969,4443897450750874535,temple_WATER_dead_17,Assets/Sprites/Tilesets/5368_tilesheet_temple_WATER_dead.png
f697ad45148fa374dab64de4b697e969,5661049957185019681,temple_WATER_dead_18,Assets/Sprites/Tilesets/5368_tilesheet_temple_WATER_dead.png
f697ad45148fa374dab64de4b697e969,8474981341611232960,temple_WATER_dead_19,Assets/Sprites/Tilesets/5368_tilesheet_temple_WATER_dead.png
f697ad45148fa374dab64de4b697e969,6836142153017594085,temple_WATER_dead_20,Assets/Sprites/Tilesets/5368_tilesheet_temple_WATER_dead.png
f697ad45148fa374dab64de4b697e969,2185498278340178504,temple_WATER_dead_21,Assets/Sprites/Tilesets/5368_tilesheet_temple_WATER_dead.png
f697ad45148fa374dab64de4b697e969,430984766625829748,temple_WATER_dead_22,Assets/Sprites/Tilesets/5368_tilesheet_temple_WATER_dead.png
f697ad45148fa374dab64de4b697e969,-1317986280940093683,temple_WATER_dead_23,Assets/Sprites/Tilesets/5368_tilesheet_temple_WATER_dead.png
f697ad45148fa374dab64de4b697e969,-8326724806951850010,temple_WATER_dead_24,Assets/Sprites/Tilesets/5368_tilesheet_temple_WATER_dead.png
f697ad45148fa374dab64de4b697e969,8914089594741642868,temple_WATER_dead_25,Assets/Sprites/Tilesets/5368_tilesheet_temple_WATER_dead.png
f697ad45148fa374dab64de4b697e969,276181914589855336,temple_WATER_dead_26,Assets/Sprites/Tilesets/5368_tilesheet_temple_WATER_dead.png
f697ad45148fa374dab64de4b697e969,588497054336764479,temple_WATER_dead_27,Assets/Sprites/Tilesets/5368_tilesheet_temple_WATER_dead.png
f697ad45148fa374dab64de4b697e969,-540048619370252142,temple_WATER_dead_28,Assets/Sprites/Tilesets/5368_tilesheet_temple_WATER_dead.png
f697ad45148fa374dab64de4b697e969,-3511060238418154924,temple_WATER_dead_29,Assets/Sprites/Tilesets/5368_tilesheet_temple_WATER_dead.png
f697ad45148fa374dab64de4b697e969,-6691012767228139306,temple_WATER_dead_30,Assets/Sprites/Tilesets/5368_tilesheet_temple_WATER_dead.png
f697ad45148fa374dab64de4b697e969,8251907811329543855,temple_WATER_dead_31,Assets/Sprites/Tilesets/5368_tilesheet_temple_WATER_dead.png
f697ad45148fa374dab64de4b697e969,2692228934559545928,temple_WATER_dead_110,Assets/Sprites/Tilesets/5368_tilesheet_temple_WATER_dead.png
f697ad45148fa374dab64de4b697e969,8694305388649107506,temple_WATER_dead_111,Assets/Sprites/Tilesets/5368_tilesheet_temple_WATER_dead.png
f697ad45148fa374dab64de4b697e969,-6908713535308251356,temple_WATER_dead_112,Assets/Sprites/Tilesets/5368_tilesheet_temple_WATER_dead.png
f697ad45148fa374dab64de4b697e969,-4129235289053152723,temple_WATER_dead_113,Assets/Sprites/Tilesets/5368_tilesheet_temple_WATER_dead.png
f697ad45148fa374dab64de4b697e969,-5468382029055465884,temple_WATER_dead_114,Assets/Sprites/Tilesets/5368_tilesheet_temple_WATER_dead.png
f697ad45148fa374dab64de4b697e969,6734684633657039821,temple_WATER_dead_115,Assets/Sprites/Tilesets/5368_tilesheet_temple_WATER_dead.png
f697ad45148fa374dab64de4b697e969,-5903299138629098404,temple_WATER_dead_116,Assets/Sprites/Tilesets/5368_tilesheet_temple_WATER_dead.png
f697ad45148fa374dab64de4b697e969,-6398567975934360271,temple_WATER_dead_117,Assets/Sprites/Tilesets/5368_tilesheet_temple_WATER_dead.png
f697ad45148fa374dab64de4b697e969,-8957284035257282584,temple_WATER_dead_118,Assets/Sprites/Tilesets/5368_tilesheet_temple_WATER_dead.png
f697ad45148fa374dab64de4b697e969,-9138037040227770232,temple_WATER_dead_119,Assets/Sprites/Tilesets/5368_tilesheet_temple_WATER_dead.png
f697ad45148fa374dab64de4b697e969,6287607311731213131,temple_WATER_dead_120,Assets/Sprites/Tilesets/5368_tilesheet_temple_WATER_dead.png
f697ad45148fa374dab64de4b697e969,2425639911146021689,temple_WATER_dead_121,Assets/Sprites/Tilesets/5368_tilesheet_temple_WATER_dead.png
f697ad45148fa374dab64de4b697e969,7293906268319233776,temple_WATER_dead_122,Assets/Sprites/Tilesets/5368_tilesheet_temple_WATER_dead.png
f697ad45148fa374dab64de4b697e969,9174235224718242758,temple_WATER_dead_123,Assets/Sprites/Tilesets/5368_tilesheet_temple_WATER_dead.png
f697ad45148fa374dab64de4b697e969,6312037128003990989,temple_WATER_dead_124,Assets/Sprites/Tilesets/5368_tilesheet_temple_WATER_dead.png
f697ad45148fa374dab64de4b697e969,-3713311849071092161,temple_WATER_dead_125,Assets/Sprites/Tilesets/5368_tilesheet_temple_WATER_dead.png
f697ad45148fa374dab64de4b697e969,3685152125961464965,temple_WATER_dead_126,Assets/Sprites/Tilesets/5368_tilesheet_temple_WATER_dead.png
f697ad45148fa374dab64de4b697e969,3021946288986219864,temple_WATER_dead_127,Assets/Sprites/Tilesets/5368_tilesheet_temple_WATER_dead.png
f697ad45148fa374dab64de4b697e969,821699465916322869,temple_WATER_dead_128,Assets/Sprites/Tilesets/5368_tilesheet_temple_WATER_dead.png
f697ad45148fa374dab64de4b697e969,-8735441677112475752,temple_WATER_dead_129,Assets/Sprites/Tilesets/5368_tilesheet_temple_WATER_dead.png
f697ad45148fa374dab64de4b697e969,162189906751378928,temple_WATER_dead_130,Assets/Sprites/Tilesets/5368_tilesheet_temple_WATER_dead.png
f697ad45148fa374dab64de4b697e969,2551518094793869659,temple_WATER_dead_131,Assets/Sprites/Tilesets/5368_tilesheet_temple_WATER_dead.png
f697ad45148fa374dab64de4b697e969,7564170298869451445,temple_WATER_dead_132,Assets/Sprites/Tilesets/5368_tilesheet_temple_WATER_dead.png
f697ad45148fa374dab64de4b697e969,-5763829074529255567,temple_WATER_dead_133,Assets/Sprites/Tilesets/5368_tilesheet_temple_WATER_dead.png
f697ad45148fa374dab64de4b697e969,1524157299721021891,temple_WATER_dead_134,Assets/Sprites/Tilesets/5368_tilesheet_temple_WATER_dead.png
f697ad45148fa374dab64de4b697e969,-1583898042935591190,temple_WATER_dead_135,Assets/Sprites/Tilesets/5368_tilesheet_temple_WATER_dead.png
f697ad45148fa374dab64de4b697e969,-3505167688332446886,temple_WATER_dead_136,Assets/Sprites/Tilesets/5368_tilesheet_temple_WATER_dead.png
f697ad45148fa374dab64de4b697e969,-6066770748219408245,temple_WATER_dead_137,Assets/Sprites/Tilesets/5368_tilesheet_temple_WATER_dead.png
f697ad45148fa374dab64de4b697e969,6489610241198286182,temple_WATER_dead_138,Assets/Sprites/Tilesets/5368_tilesheet_temple_WATER_dead.png
f697ad45148fa374dab64de4b697e969,1641813613071775055,temple_WATER_dead_139,Assets/Sprites/Tilesets/5368_tilesheet_temple_WATER_dead.png
f697ad45148fa374dab64de4b697e969,7026842539221975203,temple_WATER_dead_140,Assets/Sprites/Tilesets/5368_tilesheet_temple_WATER_dead.png
f697ad45148fa374dab64de4b697e969,-3558287319723886022,temple_WATER_dead_141,Assets/Sprites/Tilesets/5368_tilesheet_temple_WATER_dead.png
f697ad45148fa374dab64de4b697e969,-8344083640052678453,temple_WATER_dead_142,Assets/Sprites/Tilesets/5368_tilesheet_temple_WATER_dead.png
f697ad45148fa374dab64de4b697e969,246296347441123025,temple_WATER_dead_143,Assets/Sprites/Tilesets/5368_tilesheet_temple_WATER_dead.png
f697ad45148fa374dab64de4b697e969,183212007095979961,temple_WATER_dead_144,Assets/Sprites/Tilesets/5368_tilesheet_temple_WATER_dead.png
f697ad45148fa374dab64de4b697e969,-2406893295983391241,temple_WATER_dead_145,Assets/Sprites/Tilesets/5368_tilesheet_temple_WATER_dead.png
f697ad45148fa374dab64de4b697e969,8680213767338256587,temple_WATER_dead_146,Assets/Sprites/Tilesets/5368_tilesheet_temple_WATER_dead.png
f697ad45148fa374dab64de4b697e969,-3839419028077224407,temple_WATER_dead_147,Assets/Sprites/Tilesets/5368_tilesheet_temple_WATER_dead.png
f697ad45148fa374dab64de4b697e969,-9186735260187993544,temple_WATER_dead_148,Assets/Sprites/Tilesets/5368_tilesheet_temple_WATER_dead.png
f697ad45148fa374dab64de4b697e969,-9016710347682217852,temple_WATER_dead_149,Assets/Sprites/Tilesets/5368_tilesheet_temple_WATER_dead.png
f697ad45148fa374dab64de4b697e969,-3144590571393297090,temple_WATER_dead_150,Assets/Sprites/Tilesets/5368_tilesheet_temple_WATER_dead.png
f697ad45148fa374dab64de4b697e969,-1869248515973406079,temple_WATER_dead_151,Assets/Sprites/Tilesets/5368_tilesheet_temple_WATER_dead.png
f697ad45148fa374dab64de4b697e969,1462365499702293984,temple_WATER_dead_152,Assets/Sprites/Tilesets/5368_tilesheet_temple_WATER_dead.png
f697ad45148fa374dab64de4b697e969,3117608474565576089,temple_WATER_dead_153,Assets/Sprites/Tilesets/5368_tilesheet_temple_WATER_dead.png
f697ad45148fa374dab64de4b697e969,4193222730039741841,temple_WATER_dead_154,Assets/Sprites/Tilesets/5368_tilesheet_temple_WATER_dead.png
f697ad45148fa374dab64de4b697e969,-952682199232832059,temple_WATER_dead_155,Assets/Sprites/Tilesets/5368_tilesheet_temple_WATER_dead.png
f697ad45148fa374dab64de4b697e969,-3213984598705551438,temple_WATER_dead_156,Assets/Sprites/Tilesets/5368_tilesheet_temple_WATER_dead.png
f697ad45148fa374dab64de4b697e969,-5307506109448168031,temple_WATER_dead_157,Assets/Sprites/Tilesets/5368_tilesheet_temple_WATER_dead.png
f697ad45148fa374dab64de4b697e969,6489871585197885851,temple_WATER_dead_158,Assets/Sprites/Tilesets/5368_tilesheet_temple_WATER_dead.png
f697ad45148fa374dab64de4b697e969,-5410082502029113031,temple_WATER_dead_159,Assets/Sprites/Tilesets/5368_tilesheet_temple_WATER_dead.png
f697ad45148fa374dab64de4b697e969,-8373222136145620632,temple_WATER_dead_160,Assets/Sprites/Tilesets/5368_tilesheet_temple_WATER_dead.png
f697ad45148fa374dab64de4b697e969,-2115457103611978337,temple_WATER_dead_161,Assets/Sprites/Tilesets/5368_tilesheet_temple_WATER_dead.png
f697ad45148fa374dab64de4b697e969,-7035195994024675113,temple_WATER_dead_162,Assets/Sprites/Tilesets/5368_tilesheet_temple_WATER_dead.png
f697ad45148fa374dab64de4b697e969,-5079105962311074511,temple_WATER_dead_163,Assets/Sprites/Tilesets/5368_tilesheet_temple_WATER_dead.png
f697ad45148fa374dab64de4b697e969,2733946097252187821,temple_WATER_dead_164,Assets/Sprites/Tilesets/5368_tilesheet_temple_WATER_dead.png
f697ad45148fa374dab64de4b697e969,7161397670792433542,temple_WATER_dead_165,Assets/Sprites/Tilesets/5368_tilesheet_temple_WATER_dead.png
f697ad45148fa374dab64de4b697e969,-6848136828857868286,temple_WATER_dead_166,Assets/Sprites/Tilesets/5368_tilesheet_temple_WATER_dead.png
f697ad45148fa374dab64de4b697e969,700863525252940799,temple_WATER_dead_167,Assets/Sprites/Tilesets/5368_tilesheet_temple_WATER_dead.png
f697ad45148fa374dab64de4b697e969,-3195476417298603316,temple_WATER_dead_168,Assets/Sprites/Tilesets/5368_tilesheet_temple_WATER_dead.png
f697ad45148fa374dab64de4b697e969,-7858491299808530786,temple_WATER_dead_169,Assets/Sprites/Tilesets/5368_tilesheet_temple_WATER_dead.png
f697ad45148fa374dab64de4b697e969,1701854330767516314,temple_WATER_dead_170,Assets/Sprites/Tilesets/5368_tilesheet_temple_WATER_dead.png
f697ad45148fa374dab64de4b697e969,5932739100274104364,temple_WATER_dead_171,Assets/Sprites/Tilesets/5368_tilesheet_temple_WATER_dead.png
f697ad45148fa374dab64de4b697e969,-6467276799757248785,temple_WATER_dead_172,Assets/Sprites/Tilesets/5368_tilesheet_temple_WATER_dead.png
f697ad45148fa374dab64de4b697e969,-1300805632072158905,temple_WATER_dead_173,Assets/Sprites/Tilesets/5368_tilesheet_temple_WATER_dead.png
f697ad45148fa374dab64de4b697e969,605696201848019545,temple_WATER_dead_174,Assets/Sprites/Tilesets/5368_tilesheet_temple_WATER_dead.png
f697ad45148fa374dab64de4b697e969,-1724086907042617910,temple_WATER_dead_175,Assets/Sprites/Tilesets/5368_tilesheet_temple_WATER_dead.png
f697ad45148fa374dab64de4b697e969,8475284525710512774,temple_WATER_dead_176,Assets/Sprites/Tilesets/5368_tilesheet_temple_WATER_dead.png
f697ad45148fa374dab64de4b697e969,-3822713577358298166,temple_WATER_dead_177,Assets/Sprites/Tilesets/5368_tilesheet_temple_WATER_dead.png
f697ad45148fa374dab64de4b697e969,1768339233626080706,temple_WATER_dead_178,Assets/Sprites/Tilesets/5368_tilesheet_temple_WATER_dead.png
f697ad45148fa374dab64de4b697e969,-6841722765060534419,temple_WATER_dead_179,Assets/Sprites/Tilesets/5368_tilesheet_temple_WATER_dead.png
f697ad45148fa374dab64de4b697e969,-3493160027052846601,temple_WATER_dead_180,Assets/Sprites/Tilesets/5368_tilesheet_temple_WATER_dead.png
f697ad45148fa374dab64de4b697e969,-554438106920706084,temple_WATER_dead_181,Assets/Sprites/Tilesets/5368_tilesheet_temple_WATER_dead.png
f697ad45148fa374dab64de4b697e969,-5341870609494625678,temple_WATER_dead_182,Assets/Sprites/Tilesets/5368_tilesheet_temple_WATER_dead.png
f697ad45148fa374dab64de4b697e969,-8905662136806812126,temple_WATER_dead_183,Assets/Sprites/Tilesets/5368_tilesheet_temple_WATER_dead.png
f697ad45148fa374dab64de4b697e969,5281638212969618885,temple_WATER_dead_184,Assets/Sprites/Tilesets/5368_tilesheet_temple_WATER_dead.png
f697ad45148fa374dab64de4b697e969,-3150301486310352595,temple_WATER_dead_185,Assets/Sprites/Tilesets/5368_tilesheet_temple_WATER_dead.png
f697ad45148fa374dab64de4b697e969,-733222574896515085,temple_WATER_dead_186,Assets/Sprites/Tilesets/5368_tilesheet_temple_WATER_dead.png
f697ad45148fa374dab64de4b697e969,-3204314713441666975,temple_WATER_dead_187,Assets/Sprites/Tilesets/5368_tilesheet_temple_WATER_dead.png
f697ad45148fa374dab64de4b697e969,-8295142853972654705,temple_WATER_dead_188,Assets/Sprites/Tilesets/5368_tilesheet_temple_WATER_dead.png
f697ad45148fa374dab64de4b697e969,-1977760837791518271,temple_WATER_dead_189,Assets/Sprites/Tilesets/5368_tilesheet_temple_WATER_dead.png
f697ad45148fa374dab64de4b697e969,3739629566794811945,temple_WATER_dead_210,Assets/Sprites/Tilesets/5368_tilesheet_temple_WATER_dead.png
f697ad45148fa374dab64de4b697e969,312411451082320881,temple_WATER_dead_211,Assets/Sprites/Tilesets/5368_tilesheet_temple_WATER_dead.png
f697ad45148fa374dab64de4b697e969,7200636335243528347,temple_WATER_dead_212,Assets/Sprites/Tilesets/5368_tilesheet_temple_WATER_dead.png
f697ad45148fa374dab64de4b697e969,-3977800204531077332,temple_WATER_dead_213,Assets/Sprites/Tilesets/5368_tilesheet_temple_WATER_dead.png
f697ad45148fa374dab64de4b697e969,9018316408388942899,temple_WATER_dead_214,Assets/Sprites/Tilesets/5368_tilesheet_temple_WATER_dead.png
f697ad45148fa374dab64de4b697e969,-2570949691034005900,temple_WATER_dead_215,Assets/Sprites/Tilesets/5368_tilesheet_temple_WATER_dead.png
f697ad45148fa374dab64de4b697e969,2791595852367629972,temple_WATER_dead_216,Assets/Sprites/Tilesets/5368_tilesheet_temple_WATER_dead.png
f697ad45148fa374dab64de4b697e969,7560987481910819968,temple_WATER_dead_217,Assets/Sprites/Tilesets/5368_tilesheet_temple_WATER_dead.png
f697ad45148fa374dab64de4b697e969,8628016325019199391,temple_WATER_dead_218,Assets/Sprites/Tilesets/5368_tilesheet_temple_WATER_dead.png
f697ad45148fa374dab64de4b697e969,2294871103751515929,temple_WATER_dead_219,Assets/Sprites/Tilesets/5368_tilesheet_temple_WATER_dead.png
f697ad45148fa374dab64de4b697e969,-6167804180273747926,temple_WATER_dead_220,Assets/Sprites/Tilesets/5368_tilesheet_temple_WATER_dead.png
f697ad45148fa374dab64de4b697e969,863553802706296020,temple_WATER_dead_221,Assets/Sprites/Tilesets/5368_tilesheet_temple_WATER_dead.png
f697ad45148fa374dab64de4b697e969,-4227776513080790873,temple_WATER_dead_222,Assets/Sprites/Tilesets/5368_tilesheet_temple_WATER_dead.png
f697ad45148fa374dab64de4b697e969,-1126271621817865780,temple_WATER_dead_223,Assets/Sprites/Tilesets/5368_tilesheet_temple_WATER_dead.png
f697ad45148fa374dab64de4b697e969,7115231666849958538,temple_WATER_dead_224,Assets/Sprites/Tilesets/5368_tilesheet_temple_WATER_dead.png
f697ad45148fa374dab64de4b697e969,-2376931319762873690,temple_WATER_dead_225,Assets/Sprites/Tilesets/5368_tilesheet_temple_WATER_dead.png
f697ad45148fa374dab64de4b697e969,-609758178335434047,temple_WATER_dead_226,Assets/Sprites/Tilesets/5368_tilesheet_temple_WATER_dead.png
f697ad45148fa374dab64de4b697e969,-4405719728687186775,temple_WATER_dead_227,Assets/Sprites/Tilesets/5368_tilesheet_temple_WATER_dead.png
f697ad45148fa374dab64de4b697e969,6698147340294147897,temple_WATER_dead_228,Assets/Sprites/Tilesets/5368_tilesheet_temple_WATER_dead.png
f697ad45148fa374dab64de4b697e969,5365529030329516596,temple_WATER_dead_229,Assets/Sprites/Tilesets/5368_tilesheet_temple_WATER_dead.png
f697ad45148fa374dab64de4b697e969,8298471800516993061,temple_WATER_dead_230,Assets/Sprites/Tilesets/5368_tilesheet_temple_WATER_dead.png
f697ad45148fa374dab64de4b697e969,-7397664776066113000,temple_WATER_dead_231,Assets/Sprites/Tilesets/5368_tilesheet_temple_WATER_dead.png
f697ad45148fa374dab64de4b697e969,2482586323228808731,temple_WATER_dead_232,Assets/Sprites/Tilesets/5368_tilesheet_temple_WATER_dead.png
f697ad45148fa374dab64de4b697e969,1994940757356745112,temple_WATER_dead_233,Assets/Sprites/Tilesets/5368_tilesheet_temple_WATER_dead.png
f697ad45148fa374dab64de4b697e969,-1078203913016493803,temple_WATER_dead_234,Assets/Sprites/Tilesets/5368_tilesheet_temple_WATER_dead.png
f697ad45148fa374dab64de4b697e969,-6752338200585653871,temple_WATER_dead_235,Assets/Sprites/Tilesets/5368_tilesheet_temple_WATER_dead.png
f697ad45148fa374dab64de4b697e969,8127992217002793755,temple_WATER_dead_236,Assets/Sprites/Tilesets/5368_tilesheet_temple_WATER_dead.png
f697ad45148fa374dab64de4b697e969,-4101432685032244580,temple_WATER_dead_237,Assets/Sprites/Tilesets/5368_tilesheet_temple_WATER_dead.png
f697ad45148fa374dab64de4b697e969,8265415928279550358,temple_WATER_dead_238,Assets/Sprites/Tilesets/5368_tilesheet_temple_WATER_dead.png
f697ad45148fa374dab64de4b697e969,-6674396443900270943,temple_WATER_dead_239,Assets/Sprites/Tilesets/5368_tilesheet_temple_WATER_dead.png
f697ad45148fa374dab64de4b697e969,-5126770328913247271,temple_WATER_dead_310,Assets/Sprites/Tilesets/5368_tilesheet_temple_WATER_dead.png
f697ad45148fa374dab64de4b697e969,7946168081469297458,temple_WATER_dead_311,Assets/Sprites/Tilesets/5368_tilesheet_temple_WATER_dead.png
f697ad45148fa374dab64de4b697e969,2717723488615757018,temple_WATER_dead_320,Assets/Sprites/Tilesets/5368_tilesheet_temple_WATER_dead.png
f697ad45148fa374dab64de4b697e969,-5202534442311399235,temple_WATER_dead_321,Assets/Sprites/Tilesets/5368_tilesheet_temple_WATER_dead.png
f697ad45148fa374dab64de4b697e969,-201460538643699791,temple_WATER_dead_lava,Assets/Sprites/Tilesets/5368_tilesheet_temple_WATER_dead.png
f697ad45148fa374dab64de4b697e969,-4400644427685314254,temple_WATER_dead_water,Assets/Sprites/Tilesets/5368_tilesheet_temple_WATER_dead.png
f697ad45148fa374dab64de4b697e969,7055374874864954388,temple_WATER_dead_water_background,Assets/Sprites/Tilesets/5368_tilesheet_temple_WATER_dead.png
f697ad45148fa374dab64de4b697e969,8283533273962829627,temple_WATER_dead_water_backwall,Assets/Sprites/Tilesets/5368_tilesheet_temple_WATER_dead.png
f697ad45148fa374dab64de4b697e969,4392170440827130783,temple_WATER_dead_waterfall,Assets/Sprites/Tilesets/5368_tilesheet_temple_WATER_dead.png
db775ccfcfa3e844ca9e2acc81f14aea,-8655818156195654838,temple_WATER_10,Assets/Sprites/Tilesets/5369_tilesheet_temple_WATER.png
db775ccfcfa3e844ca9e2acc81f14aea,6346318911325233748,temple_WATER_11,Assets/Sprites/Tilesets/5369_tilesheet_temple_WATER.png
db775ccfcfa3e844ca9e2acc81f14aea,1840059084634729652,temple_WATER_12,Assets/Sprites/Tilesets/5369_tilesheet_temple_WATER.png
db775ccfcfa3e844ca9e2acc81f14aea,1127223760459724062,temple_WATER_13,Assets/Sprites/Tilesets/5369_tilesheet_temple_WATER.png
db775ccfcfa3e844ca9e2acc81f14aea,2450565909728410856,temple_WATER_14,Assets/Sprites/Tilesets/5369_tilesheet_temple_WATER.png
db775ccfcfa3e844ca9e2acc81f14aea,-3165705482850905674,temple_WATER_15,Assets/Sprites/Tilesets/5369_tilesheet_temple_WATER.png
db775ccfcfa3e844ca9e2acc81f14aea,-5774996654182199871,temple_WATER_16,Assets/Sprites/Tilesets/5369_tilesheet_temple_WATER.png
db775ccfcfa3e844ca9e2acc81f14aea,4443897450750874535,temple_WATER_17,Assets/Sprites/Tilesets/5369_tilesheet_temple_WATER.png
db775ccfcfa3e844ca9e2acc81f14aea,5661049957185019681,temple_WATER_18,Assets/Sprites/Tilesets/5369_tilesheet_temple_WATER.png
db775ccfcfa3e844ca9e2acc81f14aea,8474981341611232960,temple_WATER_19,Assets/Sprites/Tilesets/5369_tilesheet_temple_WATER.png
db775ccfcfa3e844ca9e2acc81f14aea,6836142153017594085,temple_WATER_20,Assets/Sprites/Tilesets/5369_tilesheet_temple_WATER.png
db775ccfcfa3e844ca9e2acc81f14aea,2185498278340178504,temple_WATER_21,Assets/Sprites/Tilesets/5369_tilesheet_temple_WATER.png
db775ccfcfa3e844ca9e2acc81f14aea,430984766625829748,temple_WATER_22,Assets/Sprites/Tilesets/5369_tilesheet_temple_WATER.png
db775ccfcfa3e844ca9e2acc81f14aea,-1317986280940093683,temple_WATER_23,Assets/Sprites/Tilesets/5369_tilesheet_temple_WATER.png
db775ccfcfa3e844ca9e2acc81f14aea,-8326724806951850010,temple_WATER_24,Assets/Sprites/Tilesets/5369_tilesheet_temple_WATER.png
db775ccfcfa3e844ca9e2acc81f14aea,8914089594741642868,temple_WATER_25,Assets/Sprites/Tilesets/5369_tilesheet_temple_WATER.png
db775ccfcfa3e844ca9e2acc81f14aea,276181914589855336,temple_WATER_26,Assets/Sprites/Tilesets/5369_tilesheet_temple_WATER.png
db775ccfcfa3e844ca9e2acc81f14aea,588497054336764479,temple_WATER_27,Assets/Sprites/Tilesets/5369_tilesheet_temple_WATER.png
db775ccfcfa3e844ca9e2acc81f14aea,-540048619370252142,temple_WATER_28,Assets/Sprites/Tilesets/5369_tilesheet_temple_WATER.png
db775ccfcfa3e844ca9e2acc81f14aea,-3511060238418154924,temple_WATER_29,Assets/Sprites/Tilesets/5369_tilesheet_temple_WATER.png
db775ccfcfa3e844ca9e2acc81f14aea,-6691012767228139306,temple_WATER_30,Assets/Sprites/Tilesets/5369_tilesheet_temple_WATER.png
db775ccfcfa3e844ca9e2acc81f14aea,8251907811329543855,temple_WATER_31,Assets/Sprites/Tilesets/5369_tilesheet_temple_WATER.png
db775ccfcfa3e844ca9e2acc81f14aea,2692228934559545928,temple_WATER_110,Assets/Sprites/Tilesets/5369_tilesheet_temple_WATER.png
db775ccfcfa3e844ca9e2acc81f14aea,8694305388649107506,temple_WATER_111,Assets/Sprites/Tilesets/5369_tilesheet_temple_WATER.png
db775ccfcfa3e844ca9e2acc81f14aea,-6908713535308251356,temple_WATER_112,Assets/Sprites/Tilesets/5369_tilesheet_temple_WATER.png
db775ccfcfa3e844ca9e2acc81f14aea,-4129235289053152723,temple_WATER_113,Assets/Sprites/Tilesets/5369_tilesheet_temple_WATER.png
db775ccfcfa3e844ca9e2acc81f14aea,-5468382029055465884,temple_WATER_114,Assets/Sprites/Tilesets/5369_tilesheet_temple_WATER.png
db775ccfcfa3e844ca9e2acc81f14aea,6734684633657039821,temple_WATER_115,Assets/Sprites/Tilesets/5369_tilesheet_temple_WATER.png
db775ccfcfa3e844ca9e2acc81f14aea,-5903299138629098404,temple_WATER_116,Assets/Sprites/Tilesets/5369_tilesheet_temple_WATER.png
db775ccfcfa3e844ca9e2acc81f14aea,-6398567975934360271,temple_WATER_117,Assets/Sprites/Tilesets/5369_tilesheet_temple_WATER.png
db775ccfcfa3e844ca9e2acc81f14aea,-8957284035257282584,temple_WATER_118,Assets/Sprites/Tilesets/5369_tilesheet_temple_WATER.png
db775ccfcfa3e844ca9e2acc81f14aea,-9138037040227770232,temple_WATER_119,Assets/Sprites/Tilesets/5369_tilesheet_temple_WATER.png
db775ccfcfa3e844ca9e2acc81f14aea,6287607311731213131,temple_WATER_120,Assets/Sprites/Tilesets/5369_tilesheet_temple_WATER.png
db775ccfcfa3e844ca9e2acc81f14aea,2425639911146021689,temple_WATER_121,Assets/Sprites/Tilesets/5369_tilesheet_temple_WATER.png
db775ccfcfa3e844ca9e2acc81f14aea,7293906268319233776,temple_WATER_122,Assets/Sprites/Tilesets/5369_tilesheet_temple_WATER.png
db775ccfcfa3e844ca9e2acc81f14aea,9174235224718242758,temple_WATER_123,Assets/Sprites/Tilesets/5369_tilesheet_temple_WATER.png
db775ccfcfa3e844ca9e2acc81f14aea,6312037128003990989,temple_WATER_124,Assets/Sprites/Tilesets/5369_tilesheet_temple_WATER.png
db775ccfcfa3e844ca9e2acc81f14aea,-3713311849071092161,temple_WATER_125,Assets/Sprites/Tilesets/5369_tilesheet_temple_WATER.png
db775ccfcfa3e844ca9e2acc81f14aea,3685152125961464965,temple_WATER_126,Assets/Sprites/Tilesets/5369_tilesheet_temple_WATER.png
db775ccfcfa3e844ca9e2acc81f14aea,3021946288986219864,temple_WATER_127,Assets/Sprites/Tilesets/5369_tilesheet_temple_WATER.png
db775ccfcfa3e844ca9e2acc81f14aea,821699465916322869,temple_WATER_128,Assets/Sprites/Tilesets/5369_tilesheet_temple_WATER.png
db775ccfcfa3e844ca9e2acc81f14aea,-8735441677112475752,temple_WATER_129,Assets/Sprites/Tilesets/5369_tilesheet_temple_WATER.png
db775ccfcfa3e844ca9e2acc81f14aea,162189906751378928,temple_WATER_130,Assets/Sprites/Tilesets/5369_tilesheet_temple_WATER.png
db775ccfcfa3e844ca9e2acc81f14aea,2551518094793869659,temple_WATER_131,Assets/Sprites/Tilesets/5369_tilesheet_temple_WATER.png
db775ccfcfa3e844ca9e2acc81f14aea,7564170298869451445,temple_WATER_132,Assets/Sprites/Tilesets/5369_tilesheet_temple_WATER.png
db775ccfcfa3e844ca9e2acc81f14aea,-5763829074529255567,temple_WATER_133,Assets/Sprites/Tilesets/5369_tilesheet_temple_WATER.png
db775ccfcfa3e844ca9e2acc81f14aea,1524157299721021891,temple_WATER_134,Assets/Sprites/Tilesets/5369_tilesheet_temple_WATER.png
db775ccfcfa3e844ca9e2acc81f14aea,-1583898042935591190,temple_WATER_135,Assets/Sprites/Tilesets/5369_tilesheet_temple_WATER.png
db775ccfcfa3e844ca9e2acc81f14aea,-3505167688332446886,temple_WATER_136,Assets/Sprites/Tilesets/5369_tilesheet_temple_WATER.png
db775ccfcfa3e844ca9e2acc81f14aea,-6066770748219408245,temple_WATER_137,Assets/Sprites/Tilesets/5369_tilesheet_temple_WATER.png
db775ccfcfa3e844ca9e2acc81f14aea,6489610241198286182,temple_WATER_138,Assets/Sprites/Tilesets/5369_tilesheet_temple_WATER.png
db775ccfcfa3e844ca9e2acc81f14aea,1641813613071775055,temple_WATER_139,Assets/Sprites/Tilesets/5369_tilesheet_temple_WATER.png
db775ccfcfa3e844ca9e2acc81f14aea,7026842539221975203,temple_WATER_140,Assets/Sprites/Tilesets/5369_tilesheet_temple_WATER.png
db775ccfcfa3e844ca9e2acc81f14aea,-3558287319723886022,temple_WATER_141,Assets/Sprites/Tilesets/5369_tilesheet_temple_WATER.png
db775ccfcfa3e844ca9e2acc81f14aea,-8344083640052678453,temple_WATER_142,Assets/Sprites/Tilesets/5369_tilesheet_temple_WATER.png
db775ccfcfa3e844ca9e2acc81f14aea,246296347441123025,temple_WATER_143,Assets/Sprites/Tilesets/5369_tilesheet_temple_WATER.png
db775ccfcfa3e844ca9e2acc81f14aea,183212007095979961,temple_WATER_144,Assets/Sprites/Tilesets/5369_tilesheet_temple_WATER.png
db775ccfcfa3e844ca9e2acc81f14aea,-2406893295983391241,temple_WATER_145,Assets/Sprites/Tilesets/5369_tilesheet_temple_WATER.png
db775ccfcfa3e844ca9e2acc81f14aea,8680213767338256587,temple_WATER_146,Assets/Sprites/Tilesets/5369_tilesheet_temple_WATER.png
db775ccfcfa3e844ca9e2acc81f14aea,-3839419028077224407,temple_WATER_147,Assets/Sprites/Tilesets/5369_tilesheet_temple_WATER.png
db775ccfcfa3e844ca9e2acc81f14aea,-9186735260187993544,temple_WATER_148,Assets/Sprites/Tilesets/5369_tilesheet_temple_WATER.png
db775ccfcfa3e844ca9e2acc81f14aea,-9016710347682217852,temple_WATER_149,Assets/Sprites/Tilesets/5369_tilesheet_temple_WATER.png
db775ccfcfa3e844ca9e2acc81f14aea,-3144590571393297090,temple_WATER_150,Assets/Sprites/Tilesets/5369_tilesheet_temple_WATER.png
db775ccfcfa3e844ca9e2acc81f14aea,-1869248515973406079,temple_WATER_151,Assets/Sprites/Tilesets/5369_tilesheet_temple_WATER.png
db775ccfcfa3e844ca9e2acc81f14aea,1462365499702293984,temple_WATER_152,Assets/Sprites/Tilesets/5369_tilesheet_temple_WATER.png
db775ccfcfa3e844ca9e2acc81f14aea,3117608474565576089,temple_WATER_153,Assets/Sprites/Tilesets/5369_tilesheet_temple_WATER.png
db775ccfcfa3e844ca9e2acc81f14aea,4193222730039741841,temple_WATER_154,Assets/Sprites/Tilesets/5369_tilesheet_temple_WATER.png
db775ccfcfa3e844ca9e2acc81f14aea,-952682199232832059,temple_WATER_155,Assets/Sprites/Tilesets/5369_tilesheet_temple_WATER.png
db775ccfcfa3e844ca9e2acc81f14aea,-3213984598705551438,temple_WATER_156,Assets/Sprites/Tilesets/5369_tilesheet_temple_WATER.png
db775ccfcfa3e844ca9e2acc81f14aea,-5307506109448168031,temple_WATER_157,Assets/Sprites/Tilesets/5369_tilesheet_temple_WATER.png
db775ccfcfa3e844ca9e2acc81f14aea,6489871585197885851,temple_WATER_158,Assets/Sprites/Tilesets/5369_tilesheet_temple_WATER.png
db775ccfcfa3e844ca9e2acc81f14aea,-5410082502029113031,temple_WATER_159,Assets/Sprites/Tilesets/5369_tilesheet_temple_WATER.png
db775ccfcfa3e844ca9e2acc81f14aea,-8373222136145620632,temple_WATER_160,Assets/Sprites/Tilesets/5369_tilesheet_temple_WATER.png
db775ccfcfa3e844ca9e2acc81f14aea,-2115457103611978337,temple_WATER_161,Assets/Sprites/Tilesets/5369_tilesheet_temple_WATER.png
db775ccfcfa3e844ca9e2acc81f14aea,-7035195994024675113,temple_WATER_162,Assets/Sprites/Tilesets/5369_tilesheet_temple_WATER.png
db775ccfcfa3e844ca9e2acc81f14aea,-5079105962311074511,temple_WATER_163,Assets/Sprites/Tilesets/5369_tilesheet_temple_WATER.png
db775ccfcfa3e844ca9e2acc81f14aea,2733946097252187821,temple_WATER_164,Assets/Sprites/Tilesets/5369_tilesheet_temple_WATER.png
db775ccfcfa3e844ca9e2acc81f14aea,7161397670792433542,temple_WATER_165,Assets/Sprites/Tilesets/5369_tilesheet_temple_WATER.png
db775ccfcfa3e844ca9e2acc81f14aea,-6848136828857868286,temple_WATER_166,Assets/Sprites/Tilesets/5369_tilesheet_temple_WATER.png
db775ccfcfa3e844ca9e2acc81f14aea,700863525252940799,temple_WATER_167,Assets/Sprites/Tilesets/5369_tilesheet_temple_WATER.png
db775ccfcfa3e844ca9e2acc81f14aea,-3195476417298603316,temple_WATER_168,Assets/Sprites/Tilesets/5369_tilesheet_temple_WATER.png
db775ccfcfa3e844ca9e2acc81f14aea,-7858491299808530786,temple_WATER_169,Assets/Sprites/Tilesets/5369_tilesheet_temple_WATER.png
db775ccfcfa3e844ca9e2acc81f14aea,1701854330767516314,temple_WATER_170,Assets/Sprites/Tilesets/5369_tilesheet_temple_WATER.png
db775ccfcfa3e844ca9e2acc81f14aea,5932739100274104364,temple_WATER_171,Assets/Sprites/Tilesets/5369_tilesheet_temple_WATER.png
db775ccfcfa3e844ca9e2acc81f14aea,-6467276799757248785,temple_WATER_172,Assets/Sprites/Tilesets/5369_tilesheet_temple_WATER.png
db775ccfcfa3e844ca9e2acc81f14aea,-1300805632072158905,temple_WATER_173,Assets/Sprites/Tilesets/5369_tilesheet_temple_WATER.png
db775ccfcfa3e844ca9e2acc81f14aea,605696201848019545,temple_WATER_174,Assets/Sprites/Tilesets/5369_tilesheet_temple_WATER.png
db775ccfcfa3e844ca9e2acc81f14aea,-1724086907042617910,temple_WATER_175,Assets/Sprites/Tilesets/5369_tilesheet_temple_WATER.png
db775ccfcfa3e844ca9e2acc81f14aea,8475284525710512774,temple_WATER_176,Assets/Sprites/Tilesets/5369_tilesheet_temple_WATER.png
db775ccfcfa3e844ca9e2acc81f14aea,-3822713577358298166,temple_WATER_177,Assets/Sprites/Tilesets/5369_tilesheet_temple_WATER.png
db775ccfcfa3e844ca9e2acc81f14aea,1768339233626080706,temple_WATER_178,Assets/Sprites/Tilesets/5369_tilesheet_temple_WATER.png
db775ccfcfa3e844ca9e2acc81f14aea,-6841722765060534419,temple_WATER_179,Assets/Sprites/Tilesets/5369_tilesheet_temple_WATER.png
db775ccfcfa3e844ca9e2acc81f14aea,-3493160027052846601,temple_WATER_180,Assets/Sprites/Tilesets/5369_tilesheet_temple_WATER.png
db775ccfcfa3e844ca9e2acc81f14aea,-554438106920706084,temple_WATER_181,Assets/Sprites/Tilesets/5369_tilesheet_temple_WATER.png
db775ccfcfa3e844ca9e2acc81f14aea,-5341870609494625678,temple_WATER_182,Assets/Sprites/Tilesets/5369_tilesheet_temple_WATER.png
db775ccfcfa3e844ca9e2acc81f14aea,-8905662136806812126,temple_WATER_183,Assets/Sprites/Tilesets/5369_tilesheet_temple_WATER.png
db775ccfcfa3e844ca9e2acc81f14aea,5281638212969618885,temple_WATER_184,Assets/Sprites/Tilesets/5369_tilesheet_temple_WATER.png
db775ccfcfa3e844ca9e2acc81f14aea,-3150301486310352595,temple_WATER_185,Assets/Sprites/Tilesets/5369_tilesheet_temple_WATER.png
db775ccfcfa3e844ca9e2acc81f14aea,-733222574896515085,temple_WATER_186,Assets/Sprites/Tilesets/5369_tilesheet_temple_WATER.png
db775ccfcfa3e844ca9e2acc81f14aea,-3204314713441666975,temple_WATER_187,Assets/Sprites/Tilesets/5369_tilesheet_temple_WATER.png
db775ccfcfa3e844ca9e2acc81f14aea,-8295142853972654705,temple_WATER_188,Assets/Sprites/Tilesets/5369_tilesheet_temple_WATER.png
db775ccfcfa3e844ca9e2acc81f14aea,-1977760837791518271,temple_WATER_189,Assets/Sprites/Tilesets/5369_tilesheet_temple_WATER.png
db775ccfcfa3e844ca9e2acc81f14aea,3739629566794811945,temple_WATER_210,Assets/Sprites/Tilesets/5369_tilesheet_temple_WATER.png
db775ccfcfa3e844ca9e2acc81f14aea,312411451082320881,temple_WATER_211,Assets/Sprites/Tilesets/5369_tilesheet_temple_WATER.png
db775ccfcfa3e844ca9e2acc81f14aea,7200636335243528347,temple_WATER_212,Assets/Sprites/Tilesets/5369_tilesheet_temple_WATER.png
db775ccfcfa3e844ca9e2acc81f14aea,-3977800204531077332,temple_WATER_213,Assets/Sprites/Tilesets/5369_tilesheet_temple_WATER.png
db775ccfcfa3e844ca9e2acc81f14aea,9018316408388942899,temple_WATER_214,Assets/Sprites/Tilesets/5369_tilesheet_temple_WATER.png
db775ccfcfa3e844ca9e2acc81f14aea,-2570949691034005900,temple_WATER_215,Assets/Sprites/Tilesets/5369_tilesheet_temple_WATER.png
db775ccfcfa3e844ca9e2acc81f14aea,2791595852367629972,temple_WATER_216,Assets/Sprites/Tilesets/5369_tilesheet_temple_WATER.png
db775ccfcfa3e844ca9e2acc81f14aea,7560987481910819968,temple_WATER_217,Assets/Sprites/Tilesets/5369_tilesheet_temple_WATER.png
db775ccfcfa3e844ca9e2acc81f14aea,8628016325019199391,temple_WATER_218,Assets/Sprites/Tilesets/5369_tilesheet_temple_WATER.png
db775ccfcfa3e844ca9e2acc81f14aea,2294871103751515929,temple_WATER_219,Assets/Sprites/Tilesets/5369_tilesheet_temple_WATER.png
db775ccfcfa3e844ca9e2acc81f14aea,-6167804180273747926,temple_WATER_220,Assets/Sprites/Tilesets/5369_tilesheet_temple_WATER.png
db775ccfcfa3e844ca9e2acc81f14aea,863553802706296020,temple_WATER_221,Assets/Sprites/Tilesets/5369_tilesheet_temple_WATER.png
db775ccfcfa3e844ca9e2acc81f14aea,-4227776513080790873,temple_WATER_222,Assets/Sprites/Tilesets/5369_tilesheet_temple_WATER.png
db775ccfcfa3e844ca9e2acc81f14aea,-1126271621817865780,temple_WATER_223,Assets/Sprites/Tilesets/5369_tilesheet_temple_WATER.png
db775ccfcfa3e844ca9e2acc81f14aea,7115231666849958538,temple_WATER_224,Assets/Sprites/Tilesets/5369_tilesheet_temple_WATER.png
db775ccfcfa3e844ca9e2acc81f14aea,-2376931319762873690,temple_WATER_225,Assets/Sprites/Tilesets/5369_tilesheet_temple_WATER.png
db775ccfcfa3e844ca9e2acc81f14aea,-609758178335434047,temple_WATER_226,Assets/Sprites/Tilesets/5369_tilesheet_temple_WATER.png
db775ccfcfa3e844ca9e2acc81f14aea,-4405719728687186775,temple_WATER_227,Assets/Sprites/Tilesets/5369_tilesheet_temple_WATER.png
db775ccfcfa3e844ca9e2acc81f14aea,6698147340294147897,temple_WATER_228,Assets/Sprites/Tilesets/5369_tilesheet_temple_WATER.png
db775ccfcfa3e844ca9e2acc81f14aea,5365529030329516596,temple_WATER_229,Assets/Sprites/Tilesets/5369_tilesheet_temple_WATER.png
db775ccfcfa3e844ca9e2acc81f14aea,8298471800516993061,temple_WATER_230,Assets/Sprites/Tilesets/5369_tilesheet_temple_WATER.png
db775ccfcfa3e844ca9e2acc81f14aea,-7397664776066113000,temple_WATER_231,Assets/Sprites/Tilesets/5369_tilesheet_temple_WATER.png
db775ccfcfa3e844ca9e2acc81f14aea,2482586323228808731,temple_WATER_232,Assets/Sprites/Tilesets/5369_tilesheet_temple_WATER.png
db775ccfcfa3e844ca9e2acc81f14aea,1994940757356745112,temple_WATER_233,Assets/Sprites/Tilesets/5369_tilesheet_temple_WATER.png
db775ccfcfa3e844ca9e2acc81f14aea,-1078203913016493803,temple_WATER_234,Assets/Sprites/Tilesets/5369_tilesheet_temple_WATER.png
db775ccfcfa3e844ca9e2acc81f14aea,-6752338200585653871,temple_WATER_235,Assets/Sprites/Tilesets/5369_tilesheet_temple_WATER.png
db775ccfcfa3e844ca9e2acc81f14aea,8127992217002793755,temple_WATER_236,Assets/Sprites/Tilesets/5369_tilesheet_temple_WATER.png
db775ccfcfa3e844ca9e2acc81f14aea,-4101432685032244580,temple_WATER_237,Assets/Sprites/Tilesets/5369_tilesheet_temple_WATER.png
db775ccfcfa3e844ca9e2acc81f14aea,8265415928279550358,temple_WATER_238,Assets/Sprites/Tilesets/5369_tilesheet_temple_WATER.png
db775ccfcfa3e844ca9e2acc81f14aea,-6674396443900270943,temple_WATER_239,Assets/Sprites/Tilesets/5369_tilesheet_temple_WATER.png
db775ccfcfa3e844ca9e2acc81f14aea,-5126770328913247271,temple_WATER_310,Assets/Sprites/Tilesets/5369_tilesheet_temple_WATER.png
db775ccfcfa3e844ca9e2acc81f14aea,7946168081469297458,temple_WATER_311,Assets/Sprites/Tilesets/5369_tilesheet_temple_WATER.png
db775ccfcfa3e844ca9e2acc81f14aea,2717723488615757018,temple_WATER_320,Assets/Sprites/Tilesets/5369_tilesheet_temple_WATER.png
db775ccfcfa3e844ca9e2acc81f14aea,-5202534442311399235,temple_WATER_321,Assets/Sprites/Tilesets/5369_tilesheet_temple_WATER.png
db775ccfcfa3e844ca9e2acc81f14aea,-201460538643699791,temple_WATER_lava,Assets/Sprites/Tilesets/5369_tilesheet_temple_WATER.png
db775ccfcfa3e844ca9e2acc81f14aea,-4400644427685314254,temple_WATER_water,Assets/Sprites/Tilesets/5369_tilesheet_temple_WATER.png
db775ccfcfa3e844ca9e2acc81f14aea,7055374874864954388,temple_WATER_water_background,Assets/Sprites/Tilesets/5369_tilesheet_temple_WATER.png
db775ccfcfa3e844ca9e2acc81f14aea,8283533273962829627,temple_WATER_water_backwall,Assets/Sprites/Tilesets/5369_tilesheet_temple_WATER.png
db775ccfcfa3e844ca9e2acc81f14aea,4392170440827130783,temple_WATER_waterfall,Assets/Sprites/Tilesets/5369_tilesheet_temple_WATER.png
8efa05130cfc21c4eb77101031475688,-8655818156195654838,temple_FIRE_dead_10,Assets/Sprites/Tilesets/5370_tilesheet_temple_FIRE_dead.png
8efa05130cfc21c4eb77101031475688,6346318911325233748,temple_FIRE_dead_11,Assets/Sprites/Tilesets/5370_tilesheet_temple_FIRE_dead.png
8efa05130cfc21c4eb77101031475688,1840059084634729652,temple_FIRE_dead_12,Assets/Sprites/Tilesets/5370_tilesheet_temple_FIRE_dead.png
8efa05130cfc21c4eb77101031475688,1127223760459724062,temple_FIRE_dead_13,Assets/Sprites/Tilesets/5370_tilesheet_temple_FIRE_dead.png
8efa05130cfc21c4eb77101031475688,2450565909728410856,temple_FIRE_dead_14,Assets/Sprites/Tilesets/5370_tilesheet_temple_FIRE_dead.png
8efa05130cfc21c4eb77101031475688,-3165705482850905674,temple_FIRE_dead_15,Assets/Sprites/Tilesets/5370_tilesheet_temple_FIRE_dead.png
8efa05130cfc21c4eb77101031475688,-5774996654182199871,temple_FIRE_dead_16,Assets/Sprites/Tilesets/5370_tilesheet_temple_FIRE_dead.png
8efa05130cfc21c4eb77101031475688,4443897450750874535,temple_FIRE_dead_17,Assets/Sprites/Tilesets/5370_tilesheet_temple_FIRE_dead.png
8efa05130cfc21c4eb77101031475688,5661049957185019681,temple_FIRE_dead_18,Assets/Sprites/Tilesets/5370_tilesheet_temple_FIRE_dead.png
8efa05130cfc21c4eb77101031475688,8474981341611232960,temple_FIRE_dead_19,Assets/Sprites/Tilesets/5370_tilesheet_temple_FIRE_dead.png
8efa05130cfc21c4eb77101031475688,6836142153017594085,temple_FIRE_dead_20,Assets/Sprites/Tilesets/5370_tilesheet_temple_FIRE_dead.png
8efa05130cfc21c4eb77101031475688,2185498278340178504,temple_FIRE_dead_21,Assets/Sprites/Tilesets/5370_tilesheet_temple_FIRE_dead.png
8efa05130cfc21c4eb77101031475688,430984766625829748,temple_FIRE_dead_22,Assets/Sprites/Tilesets/5370_tilesheet_temple_FIRE_dead.png
8efa05130cfc21c4eb77101031475688,-1317986280940093683,temple_FIRE_dead_23,Assets/Sprites/Tilesets/5370_tilesheet_temple_FIRE_dead.png
8efa05130cfc21c4eb77101031475688,-8326724806951850010,temple_FIRE_dead_24,Assets/Sprites/Tilesets/5370_tilesheet_temple_FIRE_dead.png
8efa05130cfc21c4eb77101031475688,8914089594741642868,temple_FIRE_dead_25,Assets/Sprites/Tilesets/5370_tilesheet_temple_FIRE_dead.png
8efa05130cfc21c4eb77101031475688,276181914589855336,temple_FIRE_dead_26,Assets/Sprites/Tilesets/5370_tilesheet_temple_FIRE_dead.png
8efa05130cfc21c4eb77101031475688,588497054336764479,temple_FIRE_dead_27,Assets/Sprites/Tilesets/5370_tilesheet_temple_FIRE_dead.png
8efa05130cfc21c4eb77101031475688,-540048619370252142,temple_FIRE_dead_28,Assets/Sprites/Tilesets/5370_tilesheet_temple_FIRE_dead.png
8efa05130cfc21c4eb77101031475688,-3511060238418154924,temple_FIRE_dead_29,Assets/Sprites/Tilesets/5370_tilesheet_temple_FIRE_dead.png
8efa05130cfc21c4eb77101031475688,-6691012767228139306,temple_FIRE_dead_30,Assets/Sprites/Tilesets/5370_tilesheet_temple_FIRE_dead.png
8efa05130cfc21c4eb77101031475688,8251907811329543855,temple_FIRE_dead_31,Assets/Sprites/Tilesets/5370_tilesheet_temple_FIRE_dead.png
8efa05130cfc21c4eb77101031475688,2692228934559545928,temple_FIRE_dead_110,Assets/Sprites/Tilesets/5370_tilesheet_temple_FIRE_dead.png
8efa05130cfc21c4eb77101031475688,8694305388649107506,temple_FIRE_dead_111,Assets/Sprites/Tilesets/5370_tilesheet_temple_FIRE_dead.png
8efa05130cfc21c4eb77101031475688,-6908713535308251356,temple_FIRE_dead_112,Assets/Sprites/Tilesets/5370_tilesheet_temple_FIRE_dead.png
8efa05130cfc21c4eb77101031475688,-4129235289053152723,temple_FIRE_dead_113,Assets/Sprites/Tilesets/5370_tilesheet_temple_FIRE_dead.png
8efa05130cfc21c4eb77101031475688,-5468382029055465884,temple_FIRE_dead_114,Assets/Sprites/Tilesets/5370_tilesheet_temple_FIRE_dead.png
8efa05130cfc21c4eb77101031475688,6734684633657039821,temple_FIRE_dead_115,Assets/Sprites/Tilesets/5370_tilesheet_temple_FIRE_dead.png
8efa05130cfc21c4eb77101031475688,-5903299138629098404,temple_FIRE_dead_116,Assets/Sprites/Tilesets/5370_tilesheet_temple_FIRE_dead.png
8efa05130cfc21c4eb77101031475688,-6398567975934360271,temple_FIRE_dead_117,Assets/Sprites/Tilesets/5370_tilesheet_temple_FIRE_dead.png
8efa05130cfc21c4eb77101031475688,-8957284035257282584,temple_FIRE_dead_118,Assets/Sprites/Tilesets/5370_tilesheet_temple_FIRE_dead.png
8efa05130cfc21c4eb77101031475688,-9138037040227770232,temple_FIRE_dead_119,Assets/Sprites/Tilesets/5370_tilesheet_temple_FIRE_dead.png
8efa05130cfc21c4eb77101031475688,6287607311731213131,temple_FIRE_dead_120,Assets/Sprites/Tilesets/5370_tilesheet_temple_FIRE_dead.png
8efa05130cfc21c4eb77101031475688,2425639911146021689,temple_FIRE_dead_121,Assets/Sprites/Tilesets/5370_tilesheet_temple_FIRE_dead.png
8efa05130cfc21c4eb77101031475688,7293906268319233776,temple_FIRE_dead_122,Assets/Sprites/Tilesets/5370_tilesheet_temple_FIRE_dead.png
8efa05130cfc21c4eb77101031475688,9174235224718242758,temple_FIRE_dead_123,Assets/Sprites/Tilesets/5370_tilesheet_temple_FIRE_dead.png
8efa05130cfc21c4eb77101031475688,6312037128003990989,temple_FIRE_dead_124,Assets/Sprites/Tilesets/5370_tilesheet_temple_FIRE_dead.png
8efa05130cfc21c4eb77101031475688,-3713311849071092161,temple_FIRE_dead_125,Assets/Sprites/Tilesets/5370_tilesheet_temple_FIRE_dead.png
8efa05130cfc21c4eb77101031475688,3685152125961464965,temple_FIRE_dead_126,Assets/Sprites/Tilesets/5370_tilesheet_temple_FIRE_dead.png
8efa05130cfc21c4eb77101031475688,3021946288986219864,temple_FIRE_dead_127,Assets/Sprites/Tilesets/5370_tilesheet_temple_FIRE_dead.png
8efa05130cfc21c4eb77101031475688,821699465916322869,temple_FIRE_dead_128,Assets/Sprites/Tilesets/5370_tilesheet_temple_FIRE_dead.png
8efa05130cfc21c4eb77101031475688,-8735441677112475752,temple_FIRE_dead_129,Assets/Sprites/Tilesets/5370_tilesheet_temple_FIRE_dead.png
8efa05130cfc21c4eb77101031475688,162189906751378928,temple_FIRE_dead_130,Assets/Sprites/Tilesets/5370_tilesheet_temple_FIRE_dead.png
8efa05130cfc21c4eb77101031475688,2551518094793869659,temple_FIRE_dead_131,Assets/Sprites/Tilesets/5370_tilesheet_temple_FIRE_dead.png
8efa05130cfc21c4eb77101031475688,7564170298869451445,temple_FIRE_dead_132,Assets/Sprites/Tilesets/5370_tilesheet_temple_FIRE_dead.png
8efa05130cfc21c4eb77101031475688,-5763829074529255567,temple_FIRE_dead_133,Assets/Sprites/Tilesets/5370_tilesheet_temple_FIRE_dead.png
8efa05130cfc21c4eb77101031475688,1524157299721021891,temple_FIRE_dead_134,Assets/Sprites/Tilesets/5370_tilesheet_temple_FIRE_dead.png
8efa05130cfc21c4eb77101031475688,-1583898042935591190,temple_FIRE_dead_135,Assets/Sprites/Tilesets/5370_tilesheet_temple_FIRE_dead.png
8efa05130cfc21c4eb77101031475688,-3505167688332446886,temple_FIRE_dead_136,Assets/Sprites/Tilesets/5370_tilesheet_temple_FIRE_dead.png
8efa05130cfc21c4eb77101031475688,-6066770748219408245,temple_FIRE_dead_137,Assets/Sprites/Tilesets/5370_tilesheet_temple_FIRE_dead.png
8efa05130cfc21c4eb77101031475688,6489610241198286182,temple_FIRE_dead_138,Assets/Sprites/Tilesets/5370_tilesheet_temple_FIRE_dead.png
8efa05130cfc21c4eb77101031475688,1641813613071775055,temple_FIRE_dead_139,Assets/Sprites/Tilesets/5370_tilesheet_temple_FIRE_dead.png
8efa05130cfc21c4eb77101031475688,7026842539221975203,temple_FIRE_dead_140,Assets/Sprites/Tilesets/5370_tilesheet_temple_FIRE_dead.png
8efa05130cfc21c4eb77101031475688,-3558287319723886022,temple_FIRE_dead_141,Assets/Sprites/Tilesets/5370_tilesheet_temple_FIRE_dead.png
8efa05130cfc21c4eb77101031475688,-8344083640052678453,temple_FIRE_dead_142,Assets/Sprites/Tilesets/5370_tilesheet_temple_FIRE_dead.png
8efa05130cfc21c4eb77101031475688,246296347441123025,temple_FIRE_dead_143,Assets/Sprites/Tilesets/5370_tilesheet_temple_FIRE_dead.png
8efa05130cfc21c4eb77101031475688,183212007095979961,temple_FIRE_dead_144,Assets/Sprites/Tilesets/5370_tilesheet_temple_FIRE_dead.png
8efa05130cfc21c4eb77101031475688,-2406893295983391241,temple_FIRE_dead_145,Assets/Sprites/Tilesets/5370_tilesheet_temple_FIRE_dead.png
8efa05130cfc21c4eb77101031475688,8680213767338256587,temple_FIRE_dead_146,Assets/Sprites/Tilesets/5370_tilesheet_temple_FIRE_dead.png
8efa05130cfc21c4eb77101031475688,-3839419028077224407,temple_FIRE_dead_147,Assets/Sprites/Tilesets/5370_tilesheet_temple_FIRE_dead.png
8efa05130cfc21c4eb77101031475688,-9186735260187993544,temple_FIRE_dead_148,Assets/Sprites/Tilesets/5370_tilesheet_temple_FIRE_dead.png
8efa05130cfc21c4eb77101031475688,-9016710347682217852,temple_FIRE_dead_149,Assets/Sprites/Tilesets/5370_tilesheet_temple_FIRE_dead.png
8efa05130cfc21c4eb77101031475688,-3144590571393297090,temple_FIRE_dead_150,Assets/Sprites/Tilesets/5370_tilesheet_temple_FIRE_dead.png
8efa05130cfc21c4eb77101031475688,-1869248515973406079,temple_FIRE_dead_151,Assets/Sprites/Tilesets/5370_tilesheet_temple_FIRE_dead.png
8efa05130cfc21c4eb77101031475688,1462365499702293984,temple_FIRE_dead_152,Assets/Sprites/Tilesets/5370_tilesheet_temple_FIRE_dead.png
8efa05130cfc21c4eb77101031475688,3117608474565576089,temple_FIRE_dead_153,Assets/Sprites/Tilesets/5370_tilesheet_temple_FIRE_dead.png
8efa05130cfc21c4eb77101031475688,4193222730039741841,temple_FIRE_dead_154,Assets/Sprites/Tilesets/5370_tilesheet_temple_FIRE_dead.png
8efa05130cfc21c4eb77101031475688,-952682199232832059,temple_FIRE_dead_155,Assets/Sprites/Tilesets/5370_tilesheet_temple_FIRE_dead.png
8efa05130cfc21c4eb77101031475688,-3213984598705551438,temple_FIRE_dead_156,Assets/Sprites/Tilesets/5370_tilesheet_temple_FIRE_dead.png
8efa05130cfc21c4eb77101031475688,-5307506109448168031,temple_FIRE_dead_157,Assets/Sprites/Tilesets/5370_tilesheet_temple_FIRE_dead.png
8efa05130cfc21c4eb77101031475688,6489871585197885851,temple_FIRE_dead_158,Assets/Sprites/Tilesets/5370_tilesheet_temple_FIRE_dead.png
8efa05130cfc21c4eb77101031475688,-5410082502029113031,temple_FIRE_dead_159,Assets/Sprites/Tilesets/5370_tilesheet_temple_FIRE_dead.png
8efa05130cfc21c4eb77101031475688,-8373222136145620632,temple_FIRE_dead_160,Assets/Sprites/Tilesets/5370_tilesheet_temple_FIRE_dead.png
8efa05130cfc21c4eb77101031475688,-2115457103611978337,temple_FIRE_dead_161,Assets/Sprites/Tilesets/5370_tilesheet_temple_FIRE_dead.png
8efa05130cfc21c4eb77101031475688,-7035195994024675113,temple_FIRE_dead_162,Assets/Sprites/Tilesets/5370_tilesheet_temple_FIRE_dead.png
8efa05130cfc21c4eb77101031475688,-5079105962311074511,temple_FIRE_dead_163,Assets/Sprites/Tilesets/5370_tilesheet_temple_FIRE_dead.png
8efa05130cfc21c4eb77101031475688,2733946097252187821,temple_FIRE_dead_164,Assets/Sprites/Tilesets/5370_tilesheet_temple_FIRE_dead.png
8efa05130cfc21c4eb77101031475688,7161397670792433542,temple_FIRE_dead_165,Assets/Sprites/Tilesets/5370_tilesheet_temple_FIRE_dead.png
8efa05130cfc21c4eb77101031475688,-6848136828857868286,temple_FIRE_dead_166,Assets/Sprites/Tilesets/5370_tilesheet_temple_FIRE_dead.png
8efa05130cfc21c4eb77101031475688,700863525252940799,temple_FIRE_dead_167,Assets/Sprites/Tilesets/5370_tilesheet_temple_FIRE_dead.png
8efa05130cfc21c4eb77101031475688,-3195476417298603316,temple_FIRE_dead_168,Assets/Sprites/Tilesets/5370_tilesheet_temple_FIRE_dead.png
8efa05130cfc21c4eb77101031475688,-7858491299808530786,temple_FIRE_dead_169,Assets/Sprites/Tilesets/5370_tilesheet_temple_FIRE_dead.png
8efa05130cfc21c4eb77101031475688,1701854330767516314,temple_FIRE_dead_170,Assets/Sprites/Tilesets/5370_tilesheet_temple_FIRE_dead.png
8efa05130cfc21c4eb77101031475688,5932739100274104364,temple_FIRE_dead_171,Assets/Sprites/Tilesets/5370_tilesheet_temple_FIRE_dead.png
8efa05130cfc21c4eb77101031475688,-6467276799757248785,temple_FIRE_dead_172,Assets/Sprites/Tilesets/5370_tilesheet_temple_FIRE_dead.png
8efa05130cfc21c4eb77101031475688,-1300805632072158905,temple_FIRE_dead_173,Assets/Sprites/Tilesets/5370_tilesheet_temple_FIRE_dead.png
8efa05130cfc21c4eb77101031475688,605696201848019545,temple_FIRE_dead_174,Assets/Sprites/Tilesets/5370_tilesheet_temple_FIRE_dead.png
8efa05130cfc21c4eb77101031475688,-1724086907042617910,temple_FIRE_dead_175,Assets/Sprites/Tilesets/5370_tilesheet_temple_FIRE_dead.png
8efa05130cfc21c4eb77101031475688,8475284525710512774,temple_FIRE_dead_176,Assets/Sprites/Tilesets/5370_tilesheet_temple_FIRE_dead.png
8efa05130cfc21c4eb77101031475688,-3822713577358298166,temple_FIRE_dead_177,Assets/Sprites/Tilesets/5370_tilesheet_temple_FIRE_dead.png
8efa05130cfc21c4eb77101031475688,1768339233626080706,temple_FIRE_dead_178,Assets/Sprites/Tilesets/5370_tilesheet_temple_FIRE_dead.png
8efa05130cfc21c4eb77101031475688,-6841722765060534419,temple_FIRE_dead_179,Assets/Sprites/Tilesets/5370_tilesheet_temple_FIRE_dead.png
8efa05130cfc21c4eb77101031475688,-3493160027052846601,temple_FIRE_dead_180,Assets/Sprites/Tilesets/5370_tilesheet_temple_FIRE_dead.png
8efa05130cfc21c4eb77101031475688,-554438106920706084,temple_FIRE_dead_181,Assets/Sprites/Tilesets/5370_tilesheet_temple_FIRE_dead.png
8efa05130cfc21c4eb77101031475688,-5341870609494625678,temple_FIRE_dead_182,Assets/Sprites/Tilesets/5370_tilesheet_temple_FIRE_dead.png
8efa05130cfc21c4eb77101031475688,-8905662136806812126,temple_FIRE_dead_183,Assets/Sprites/Tilesets/5370_tilesheet_temple_FIRE_dead.png
8efa05130cfc21c4eb77101031475688,5281638212969618885,temple_FIRE_dead_184,Assets/Sprites/Tilesets/5370_tilesheet_temple_FIRE_dead.png
8efa05130cfc21c4eb77101031475688,-3150301486310352595,temple_FIRE_dead_185,Assets/Sprites/Tilesets/5370_tilesheet_temple_FIRE_dead.png
8efa05130cfc21c4eb77101031475688,-733222574896515085,temple_FIRE_dead_186,Assets/Sprites/Tilesets/5370_tilesheet_temple_FIRE_dead.png
8efa05130cfc21c4eb77101031475688,-3204314713441666975,temple_FIRE_dead_187,Assets/Sprites/Tilesets/5370_tilesheet_temple_FIRE_dead.png
8efa05130cfc21c4eb77101031475688,-8295142853972654705,temple_FIRE_dead_188,Assets/Sprites/Tilesets/5370_tilesheet_temple_FIRE_dead.png
8efa05130cfc21c4eb77101031475688,-1977760837791518271,temple_FIRE_dead_189,Assets/Sprites/Tilesets/5370_tilesheet_temple_FIRE_dead.png
8efa05130cfc21c4eb77101031475688,3739629566794811945,temple_FIRE_dead_210,Assets/Sprites/Tilesets/5370_tilesheet_temple_FIRE_dead.png
8efa05130cfc21c4eb77101031475688,312411451082320881,temple_FIRE_dead_211,Assets/Sprites/Tilesets/5370_tilesheet_temple_FIRE_dead.png
8efa05130cfc21c4eb77101031475688,7200636335243528347,temple_FIRE_dead_212,Assets/Sprites/Tilesets/5370_tilesheet_temple_FIRE_dead.png
8efa05130cfc21c4eb77101031475688,-3977800204531077332,temple_FIRE_dead_213,Assets/Sprites/Tilesets/5370_tilesheet_temple_FIRE_dead.png
8efa05130cfc21c4eb77101031475688,9018316408388942899,temple_FIRE_dead_214,Assets/Sprites/Tilesets/5370_tilesheet_temple_FIRE_dead.png
8efa05130cfc21c4eb77101031475688,-2570949691034005900,temple_FIRE_dead_215,Assets/Sprites/Tilesets/5370_tilesheet_temple_FIRE_dead.png
8efa05130cfc21c4eb77101031475688,2791595852367629972,temple_FIRE_dead_216,Assets/Sprites/Tilesets/5370_tilesheet_temple_FIRE_dead.png
8efa05130cfc21c4eb77101031475688,7560987481910819968,temple_FIRE_dead_217,Assets/Sprites/Tilesets/5370_tilesheet_temple_FIRE_dead.png
8efa05130cfc21c4eb77101031475688,8628016325019199391,temple_FIRE_dead_218,Assets/Sprites/Tilesets/5370_tilesheet_temple_FIRE_dead.png
8efa05130cfc21c4eb77101031475688,2294871103751515929,temple_FIRE_dead_219,Assets/Sprites/Tilesets/5370_tilesheet_temple_FIRE_dead.png
8efa05130cfc21c4eb77101031475688,-6167804180273747926,temple_FIRE_dead_220,Assets/Sprites/Tilesets/5370_tilesheet_temple_FIRE_dead.png
8efa05130cfc21c4eb77101031475688,863553802706296020,temple_FIRE_dead_221,Assets/Sprites/Tilesets/5370_tilesheet_temple_FIRE_dead.png
8efa05130cfc21c4eb77101031475688,-4227776513080790873,temple_FIRE_dead_222,Assets/Sprites/Tilesets/5370_tilesheet_temple_FIRE_dead.png
8efa05130cfc21c4eb77101031475688,-1126271621817865780,temple_FIRE_dead_223,Assets/Sprites/Tilesets/5370_tilesheet_temple_FIRE_dead.png
8efa05130cfc21c4eb77101031475688,7115231666849958538,temple_FIRE_dead_224,Assets/Sprites/Tilesets/5370_tilesheet_temple_FIRE_dead.png
8efa05130cfc21c4eb77101031475688,-2376931319762873690,temple_FIRE_dead_225,Assets/Sprites/Tilesets/5370_tilesheet_temple_FIRE_dead.png
8efa05130cfc21c4eb77101031475688,-609758178335434047,temple_FIRE_dead_226,Assets/Sprites/Tilesets/5370_tilesheet_temple_FIRE_dead.png
8efa05130cfc21c4eb77101031475688,-4405719728687186775,temple_FIRE_dead_227,Assets/Sprites/Tilesets/5370_tilesheet_temple_FIRE_dead.png
8efa05130cfc21c4eb77101031475688,6698147340294147897,temple_FIRE_dead_228,Assets/Sprites/Tilesets/5370_tilesheet_temple_FIRE_dead.png
8efa05130cfc21c4eb77101031475688,5365529030329516596,temple_FIRE_dead_229,Assets/Sprites/Tilesets/5370_tilesheet_temple_FIRE_dead.png
8efa05130cfc21c4eb77101031475688,8298471800516993061,temple_FIRE_dead_230,Assets/Sprites/Tilesets/5370_tilesheet_temple_FIRE_dead.png
8efa05130cfc21c4eb77101031475688,-7397664776066113000,temple_FIRE_dead_231,Assets/Sprites/Tilesets/5370_tilesheet_temple_FIRE_dead.png
8efa05130cfc21c4eb77101031475688,2482586323228808731,temple_FIRE_dead_232,Assets/Sprites/Tilesets/5370_tilesheet_temple_FIRE_dead.png
8efa05130cfc21c4eb77101031475688,1994940757356745112,temple_FIRE_dead_233,Assets/Sprites/Tilesets/5370_tilesheet_temple_FIRE_dead.png
8efa05130cfc21c4eb77101031475688,-1078203913016493803,temple_FIRE_dead_234,Assets/Sprites/Tilesets/5370_tilesheet_temple_FIRE_dead.png
8efa05130cfc21c4eb77101031475688,-6752338200585653871,temple_FIRE_dead_235,Assets/Sprites/Tilesets/5370_tilesheet_temple_FIRE_dead.png
8efa05130cfc21c4eb77101031475688,8127992217002793755,temple_FIRE_dead_236,Assets/Sprites/Tilesets/5370_tilesheet_temple_FIRE_dead.png
8efa05130cfc21c4eb77101031475688,-4101432685032244580,temple_FIRE_dead_237,Assets/Sprites/Tilesets/5370_tilesheet_temple_FIRE_dead.png
8efa05130cfc21c4eb77101031475688,8265415928279550358,temple_FIRE_dead_238,Assets/Sprites/Tilesets/5370_tilesheet_temple_FIRE_dead.png
8efa05130cfc21c4eb77101031475688,-6674396443900270943,temple_FIRE_dead_239,Assets/Sprites/Tilesets/5370_tilesheet_temple_FIRE_dead.png
8efa05130cfc21c4eb77101031475688,-5126770328913247271,temple_FIRE_dead_310,Assets/Sprites/Tilesets/5370_tilesheet_temple_FIRE_dead.png
8efa05130cfc21c4eb77101031475688,7946168081469297458,temple_FIRE_dead_311,Assets/Sprites/Tilesets/5370_tilesheet_temple_FIRE_dead.png
8efa05130cfc21c4eb77101031475688,2717723488615757018,temple_FIRE_dead_320,Assets/Sprites/Tilesets/5370_tilesheet_temple_FIRE_dead.png
8efa05130cfc21c4eb77101031475688,-5202534442311399235,temple_FIRE_dead_321,Assets/Sprites/Tilesets/5370_tilesheet_temple_FIRE_dead.png
8efa05130cfc21c4eb77101031475688,-201460538643699791,temple_FIRE_dead_lava,Assets/Sprites/Tilesets/5370_tilesheet_temple_FIRE_dead.png
8efa05130cfc21c4eb77101031475688,-4400644427685314254,temple_FIRE_dead_water,Assets/Sprites/Tilesets/5370_tilesheet_temple_FIRE_dead.png
8efa05130cfc21c4eb77101031475688,7055374874864954388,temple_FIRE_dead_water_background,Assets/Sprites/Tilesets/5370_tilesheet_temple_FIRE_dead.png
8efa05130cfc21c4eb77101031475688,8283533273962829627,temple_FIRE_dead_water_backwall,Assets/Sprites/Tilesets/5370_tilesheet_temple_FIRE_dead.png
8efa05130cfc21c4eb77101031475688,4392170440827130783,temple_FIRE_dead_waterfall,Assets/Sprites/Tilesets/5370_tilesheet_temple_FIRE_dead.png
9856a87257d5e2e43bdee68e6edd5698,-8655818156195654838,temple_FIRE_10,Assets/Sprites/Tilesets/5371_tilesheet_temple_FIRE.png
9856a87257d5e2e43bdee68e6edd5698,6346318911325233748,temple_FIRE_11,Assets/Sprites/Tilesets/5371_tilesheet_temple_FIRE.png
9856a87257d5e2e43bdee68e6edd5698,1840059084634729652,temple_FIRE_12,Assets/Sprites/Tilesets/5371_tilesheet_temple_FIRE.png
9856a87257d5e2e43bdee68e6edd5698,1127223760459724062,temple_FIRE_13,Assets/Sprites/Tilesets/5371_tilesheet_temple_FIRE.png
9856a87257d5e2e43bdee68e6edd5698,2450565909728410856,temple_FIRE_14,Assets/Sprites/Tilesets/5371_tilesheet_temple_FIRE.png
9856a87257d5e2e43bdee68e6edd5698,-3165705482850905674,temple_FIRE_15,Assets/Sprites/Tilesets/5371_tilesheet_temple_FIRE.png
9856a87257d5e2e43bdee68e6edd5698,-5774996654182199871,temple_FIRE_16,Assets/Sprites/Tilesets/5371_tilesheet_temple_FIRE.png
9856a87257d5e2e43bdee68e6edd5698,4443897450750874535,temple_FIRE_17,Assets/Sprites/Tilesets/5371_tilesheet_temple_FIRE.png
9856a87257d5e2e43bdee68e6edd5698,5661049957185019681,temple_FIRE_18,Assets/Sprites/Tilesets/5371_tilesheet_temple_FIRE.png
9856a87257d5e2e43bdee68e6edd5698,8474981341611232960,temple_FIRE_19,Assets/Sprites/Tilesets/5371_tilesheet_temple_FIRE.png
9856a87257d5e2e43bdee68e6edd5698,6836142153017594085,temple_FIRE_20,Assets/Sprites/Tilesets/5371_tilesheet_temple_FIRE.png
9856a87257d5e2e43bdee68e6edd5698,2185498278340178504,temple_FIRE_21,Assets/Sprites/Tilesets/5371_tilesheet_temple_FIRE.png
9856a87257d5e2e43bdee68e6edd5698,430984766625829748,temple_FIRE_22,Assets/Sprites/Tilesets/5371_tilesheet_temple_FIRE.png
9856a87257d5e2e43bdee68e6edd5698,-1317986280940093683,temple_FIRE_23,Assets/Sprites/Tilesets/5371_tilesheet_temple_FIRE.png
9856a87257d5e2e43bdee68e6edd5698,-8326724806951850010,temple_FIRE_24,Assets/Sprites/Tilesets/5371_tilesheet_temple_FIRE.png
9856a87257d5e2e43bdee68e6edd5698,8914089594741642868,temple_FIRE_25,Assets/Sprites/Tilesets/5371_tilesheet_temple_FIRE.png
9856a87257d5e2e43bdee68e6edd5698,276181914589855336,temple_FIRE_26,Assets/Sprites/Tilesets/5371_tilesheet_temple_FIRE.png
9856a87257d5e2e43bdee68e6edd5698,588497054336764479,temple_FIRE_27,Assets/Sprites/Tilesets/5371_tilesheet_temple_FIRE.png
9856a87257d5e2e43bdee68e6edd5698,-540048619370252142,temple_FIRE_28,Assets/Sprites/Tilesets/5371_tilesheet_temple_FIRE.png
9856a87257d5e2e43bdee68e6edd5698,-3511060238418154924,temple_FIRE_29,Assets/Sprites/Tilesets/5371_tilesheet_temple_FIRE.png
9856a87257d5e2e43bdee68e6edd5698,-6691012767228139306,temple_FIRE_30,Assets/Sprites/Tilesets/5371_tilesheet_temple_FIRE.png
9856a87257d5e2e43bdee68e6edd5698,8251907811329543855,temple_FIRE_31,Assets/Sprites/Tilesets/5371_tilesheet_temple_FIRE.png
9856a87257d5e2e43bdee68e6edd5698,2692228934559545928,temple_FIRE_110,Assets/Sprites/Tilesets/5371_tilesheet_temple_FIRE.png
9856a87257d5e2e43bdee68e6edd5698,8694305388649107506,temple_FIRE_111,Assets/Sprites/Tilesets/5371_tilesheet_temple_FIRE.png
9856a87257d5e2e43bdee68e6edd5698,-6908713535308251356,temple_FIRE_112,Assets/Sprites/Tilesets/5371_tilesheet_temple_FIRE.png
9856a87257d5e2e43bdee68e6edd5698,-4129235289053152723,temple_FIRE_113,Assets/Sprites/Tilesets/5371_tilesheet_temple_FIRE.png
9856a87257d5e2e43bdee68e6edd5698,-5468382029055465884,temple_FIRE_114,Assets/Sprites/Tilesets/5371_tilesheet_temple_FIRE.png
9856a87257d5e2e43bdee68e6edd5698,6734684633657039821,temple_FIRE_115,Assets/Sprites/Tilesets/5371_tilesheet_temple_FIRE.png
9856a87257d5e2e43bdee68e6edd5698,-5903299138629098404,temple_FIRE_116,Assets/Sprites/Tilesets/5371_tilesheet_temple_FIRE.png
9856a87257d5e2e43bdee68e6edd5698,-6398567975934360271,temple_FIRE_117,Assets/Sprites/Tilesets/5371_tilesheet_temple_FIRE.png
9856a87257d5e2e43bdee68e6edd5698,-8957284035257282584,temple_FIRE_118,Assets/Sprites/Tilesets/5371_tilesheet_temple_FIRE.png
9856a87257d5e2e43bdee68e6edd5698,-9138037040227770232,temple_FIRE_119,Assets/Sprites/Tilesets/5371_tilesheet_temple_FIRE.png
9856a87257d5e2e43bdee68e6edd5698,6287607311731213131,temple_FIRE_120,Assets/Sprites/Tilesets/5371_tilesheet_temple_FIRE.png
9856a87257d5e2e43bdee68e6edd5698,2425639911146021689,temple_FIRE_121,Assets/Sprites/Tilesets/5371_tilesheet_temple_FIRE.png
9856a87257d5e2e43bdee68e6edd5698,7293906268319233776,temple_FIRE_122,Assets/Sprites/Tilesets/5371_tilesheet_temple_FIRE.png
9856a87257d5e2e43bdee68e6edd5698,9174235224718242758,temple_FIRE_123,Assets/Sprites/Tilesets/5371_tilesheet_temple_FIRE.png
9856a87257d5e2e43bdee68e6edd5698,6312037128003990989,temple_FIRE_124,Assets/Sprites/Tilesets/5371_tilesheet_temple_FIRE.png
9856a87257d5e2e43bdee68e6edd5698,-3713311849071092161,temple_FIRE_125,Assets/Sprites/Tilesets/5371_tilesheet_temple_FIRE.png
9856a87257d5e2e43bdee68e6edd5698,3685152125961464965,temple_FIRE_126,Assets/Sprites/Tilesets/5371_tilesheet_temple_FIRE.png
9856a87257d5e2e43bdee68e6edd5698,3021946288986219864,temple_FIRE_127,Assets/Sprites/Tilesets/5371_tilesheet_temple_FIRE.png
9856a87257d5e2e43bdee68e6edd5698,821699465916322869,temple_FIRE_128,Assets/Sprites/Tilesets/5371_tilesheet_temple_FIRE.png
9856a87257d5e2e43bdee68e6edd5698,-8735441677112475752,temple_FIRE_129,Assets/Sprites/Tilesets/5371_tilesheet_temple_FIRE.png
9856a87257d5e2e43bdee68e6edd5698,162189906751378928,temple_FIRE_130,Assets/Sprites/Tilesets/5371_tilesheet_temple_FIRE.png
9856a87257d5e2e43bdee68e6edd5698,2551518094793869659,temple_FIRE_131,Assets/Sprites/Tilesets/5371_tilesheet_temple_FIRE.png
9856a87257d5e2e43bdee68e6edd5698,7564170298869451445,temple_FIRE_132,Assets/Sprites/Tilesets/5371_tilesheet_temple_FIRE.png
9856a87257d5e2e43bdee68e6edd5698,-5763829074529255567,temple_FIRE_133,Assets/Sprites/Tilesets/5371_tilesheet_temple_FIRE.png
9856a87257d5e2e43bdee68e6edd5698,1524157299721021891,temple_FIRE_134,Assets/Sprites/Tilesets/5371_tilesheet_temple_FIRE.png
9856a87257d5e2e43bdee68e6edd5698,-1583898042935591190,temple_FIRE_135,Assets/Sprites/Tilesets/5371_tilesheet_temple_FIRE.png
9856a87257d5e2e43bdee68e6edd5698,-3505167688332446886,temple_FIRE_136,Assets/Sprites/Tilesets/5371_tilesheet_temple_FIRE.png
9856a87257d5e2e43bdee68e6edd5698,-6066770748219408245,temple_FIRE_137,Assets/Sprites/Tilesets/5371_tilesheet_temple_FIRE.png
9856a87257d5e2e43bdee68e6edd5698,6489610241198286182,temple_FIRE_138,Assets/Sprites/Tilesets/5371_tilesheet_temple_FIRE.png
9856a87257d5e2e43bdee68e6edd5698,1641813613071775055,temple_FIRE_139,Assets/Sprites/Tilesets/5371_tilesheet_temple_FIRE.png
9856a87257d5e2e43bdee68e6edd5698,7026842539221975203,temple_FIRE_140,Assets/Sprites/Tilesets/5371_tilesheet_temple_FIRE.png
9856a87257d5e2e43bdee68e6edd5698,-3558287319723886022,temple_FIRE_141,Assets/Sprites/Tilesets/5371_tilesheet_temple_FIRE.png
9856a87257d5e2e43bdee68e6edd5698,-8344083640052678453,temple_FIRE_142,Assets/Sprites/Tilesets/5371_tilesheet_temple_FIRE.png
9856a87257d5e2e43bdee68e6edd5698,246296347441123025,temple_FIRE_143,Assets/Sprites/Tilesets/5371_tilesheet_temple_FIRE.png
9856a87257d5e2e43bdee68e6edd5698,183212007095979961,temple_FIRE_144,Assets/Sprites/Tilesets/5371_tilesheet_temple_FIRE.png
9856a87257d5e2e43bdee68e6edd5698,-2406893295983391241,temple_FIRE_145,Assets/Sprites/Tilesets/5371_tilesheet_temple_FIRE.png
9856a87257d5e2e43bdee68e6edd5698,8680213767338256587,temple_FIRE_146,Assets/Sprites/Tilesets/5371_tilesheet_temple_FIRE.png
9856a87257d5e2e43bdee68e6edd5698,-3839419028077224407,temple_FIRE_147,Assets/Sprites/Tilesets/5371_tilesheet_temple_FIRE.png
9856a87257d5e2e43bdee68e6edd5698,-9186735260187993544,temple_FIRE_148,Assets/Sprites/Tilesets/5371_tilesheet_temple_FIRE.png
9856a87257d5e2e43bdee68e6edd5698,-9016710347682217852,temple_FIRE_149,Assets/Sprites/Tilesets/5371_tilesheet_temple_FIRE.png
9856a87257d5e2e43bdee68e6edd5698,-3144590571393297090,temple_FIRE_150,Assets/Sprites/Tilesets/5371_tilesheet_temple_FIRE.png
9856a87257d5e2e43bdee68e6edd5698,-1869248515973406079,temple_FIRE_151,Assets/Sprites/Tilesets/5371_tilesheet_temple_FIRE.png
9856a87257d5e2e43bdee68e6edd5698,1462365499702293984,temple_FIRE_152,Assets/Sprites/Tilesets/5371_tilesheet_temple_FIRE.png
9856a87257d5e2e43bdee68e6edd5698,3117608474565576089,temple_FIRE_153,Assets/Sprites/Tilesets/5371_tilesheet_temple_FIRE.png
9856a87257d5e2e43bdee68e6edd5698,4193222730039741841,temple_FIRE_154,Assets/Sprites/Tilesets/5371_tilesheet_temple_FIRE.png
9856a87257d5e2e43bdee68e6edd5698,-952682199232832059,temple_FIRE_155,Assets/Sprites/Tilesets/5371_tilesheet_temple_FIRE.png
9856a87257d5e2e43bdee68e6edd5698,-3213984598705551438,temple_FIRE_156,Assets/Sprites/Tilesets/5371_tilesheet_temple_FIRE.png
9856a87257d5e2e43bdee68e6edd5698,-5307506109448168031,temple_FIRE_157,Assets/Sprites/Tilesets/5371_tilesheet_temple_FIRE.png
9856a87257d5e2e43bdee68e6edd5698,6489871585197885851,temple_FIRE_158,Assets/Sprites/Tilesets/5371_tilesheet_temple_FIRE.png
9856a87257d5e2e43bdee68e6edd5698,-5410082502029113031,temple_FIRE_159,Assets/Sprites/Tilesets/5371_tilesheet_temple_FIRE.png
9856a87257d5e2e43bdee68e6edd5698,-8373222136145620632,temple_FIRE_160,Assets/Sprites/Tilesets/5371_tilesheet_temple_FIRE.png
9856a87257d5e2e43bdee68e6edd5698,-2115457103611978337,temple_FIRE_161,Assets/Sprites/Tilesets/5371_tilesheet_temple_FIRE.png
9856a87257d5e2e43bdee68e6edd5698,-7035195994024675113,temple_FIRE_162,Assets/Sprites/Tilesets/5371_tilesheet_temple_FIRE.png
9856a87257d5e2e43bdee68e6edd5698,-5079105962311074511,temple_FIRE_163,Assets/Sprites/Tilesets/5371_tilesheet_temple_FIRE.png
9856a87257d5e2e43bdee68e6edd5698,2733946097252187821,temple_FIRE_164,Assets/Sprites/Tilesets/5371_tilesheet_temple_FIRE.png
9856a87257d5e2e43bdee68e6edd5698,7161397670792433542,temple_FIRE_165,Assets/Sprites/Tilesets/5371_tilesheet_temple_FIRE.png
9856a87257d5e2e43bdee68e6edd5698,-6848136828857868286,temple_FIRE_166,Assets/Sprites/Tilesets/5371_tilesheet_temple_FIRE.png
9856a87257d5e2e43bdee68e6edd5698,700863525252940799,temple_FIRE_167,Assets/Sprites/Tilesets/5371_tilesheet_temple_FIRE.png
9856a87257d5e2e43bdee68e6edd5698,-3195476417298603316,temple_FIRE_168,Assets/Sprites/Tilesets/5371_tilesheet_temple_FIRE.png
9856a87257d5e2e43bdee68e6edd5698,-7858491299808530786,temple_FIRE_169,Assets/Sprites/Tilesets/5371_tilesheet_temple_FIRE.png
9856a87257d5e2e43bdee68e6edd5698,1701854330767516314,temple_FIRE_170,Assets/Sprites/Tilesets/5371_tilesheet_temple_FIRE.png
9856a87257d5e2e43bdee68e6edd5698,5932739100274104364,temple_FIRE_171,Assets/Sprites/Tilesets/5371_tilesheet_temple_FIRE.png
9856a87257d5e2e43bdee68e6edd5698,-6467276799757248785,temple_FIRE_172,Assets/Sprites/Tilesets/5371_tilesheet_temple_FIRE.png
9856a87257d5e2e43bdee68e6edd5698,-1300805632072158905,temple_FIRE_173,Assets/Sprites/Tilesets/5371_tilesheet_temple_FIRE.png
9856a87257d5e2e43bdee68e6edd5698,605696201848019545,temple_FIRE_174,Assets/Sprites/Tilesets/5371_tilesheet_temple_FIRE.png
9856a87257d5e2e43bdee68e6edd5698,-1724086907042617910,temple_FIRE_175,Assets/Sprites/Tilesets/5371_tilesheet_temple_FIRE.png
9856a87257d5e2e43bdee68e6edd5698,8475284525710512774,temple_FIRE_176,Assets/Sprites/Tilesets/5371_tilesheet_temple_FIRE.png
9856a87257d5e2e43bdee68e6edd5698,-3822713577358298166,temple_FIRE_177,Assets/Sprites/Tilesets/5371_tilesheet_temple_FIRE.png
9856a87257d5e2e43bdee68e6edd5698,1768339233626080706,temple_FIRE_178,Assets/Sprites/Tilesets/5371_tilesheet_temple_FIRE.png
9856a87257d5e2e43bdee68e6edd5698,-6841722765060534419,temple_FIRE_179,Assets/Sprites/Tilesets/5371_tilesheet_temple_FIRE.png
9856a87257d5e2e43bdee68e6edd5698,-3493160027052846601,temple_FIRE_180,Assets/Sprites/Tilesets/5371_tilesheet_temple_FIRE.png
9856a87257d5e2e43bdee68e6edd5698,-554438106920706084,temple_FIRE_181,Assets/Sprites/Tilesets/5371_tilesheet_temple_FIRE.png
9856a87257d5e2e43bdee68e6edd5698,-5341870609494625678,temple_FIRE_182,Assets/Sprites/Tilesets/5371_tilesheet_temple_FIRE.png
9856a87257d5e2e43bdee68e6edd5698,-8905662136806812126,temple_FIRE_183,Assets/Sprites/Tilesets/5371_tilesheet_temple_FIRE.png
9856a87257d5e2e43bdee68e6edd5698,5281638212969618885,temple_FIRE_184,Assets/Sprites/Tilesets/5371_tilesheet_temple_FIRE.png
9856a87257d5e2e43bdee68e6edd5698,-3150301486310352595,temple_FIRE_185,Assets/Sprites/Tilesets/5371_tilesheet_temple_FIRE.png
9856a87257d5e2e43bdee68e6edd5698,-733222574896515085,temple_FIRE_186,Assets/Sprites/Tilesets/5371_tilesheet_temple_FIRE.png
9856a87257d5e2e43bdee68e6edd5698,-3204314713441666975,temple_FIRE_187,Assets/Sprites/Tilesets/5371_tilesheet_temple_FIRE.png
9856a87257d5e2e43bdee68e6edd5698,-8295142853972654705,temple_FIRE_188,Assets/Sprites/Tilesets/5371_tilesheet_temple_FIRE.png
9856a87257d5e2e43bdee68e6edd5698,-1977760837791518271,temple_FIRE_189,Assets/Sprites/Tilesets/5371_tilesheet_temple_FIRE.png
9856a87257d5e2e43bdee68e6edd5698,3739629566794811945,temple_FIRE_210,Assets/Sprites/Tilesets/5371_tilesheet_temple_FIRE.png
9856a87257d5e2e43bdee68e6edd5698,312411451082320881,temple_FIRE_211,Assets/Sprites/Tilesets/5371_tilesheet_temple_FIRE.png
9856a87257d5e2e43bdee68e6edd5698,7200636335243528347,temple_FIRE_212,Assets/Sprites/Tilesets/5371_tilesheet_temple_FIRE.png
9856a87257d5e2e43bdee68e6edd5698,-3977800204531077332,temple_FIRE_213,Assets/Sprites/Tilesets/5371_tilesheet_temple_FIRE.png
9856a87257d5e2e43bdee68e6edd5698,9018316408388942899,temple_FIRE_214,Assets/Sprites/Tilesets/5371_tilesheet_temple_FIRE.png
9856a87257d5e2e43bdee68e6edd5698,-2570949691034005900,temple_FIRE_215,Assets/Sprites/Tilesets/5371_tilesheet_temple_FIRE.png
9856a87257d5e2e43bdee68e6edd5698,2791595852367629972,temple_FIRE_216,Assets/Sprites/Tilesets/5371_tilesheet_temple_FIRE.png
9856a87257d5e2e43bdee68e6edd5698,7560987481910819968,temple_FIRE_217,Assets/Sprites/Tilesets/5371_tilesheet_temple_FIRE.png
9856a87257d5e2e43bdee68e6edd5698,8628016325019199391,temple_FIRE_218,Assets/Sprites/Tilesets/5371_tilesheet_temple_FIRE.png
9856a87257d5e2e43bdee68e6edd5698,2294871103751515929,temple_FIRE_219,Assets/Sprites/Tilesets/5371_tilesheet_temple_FIRE.png
9856a87257d5e2e43bdee68e6edd5698,-6167804180273747926,temple_FIRE_220,Assets/Sprites/Tilesets/5371_tilesheet_temple_FIRE.png
9856a87257d5e2e43bdee68e6edd5698,863553802706296020,temple_FIRE_221,Assets/Sprites/Tilesets/5371_tilesheet_temple_FIRE.png
9856a87257d5e2e43bdee68e6edd5698,-4227776513080790873,temple_FIRE_222,Assets/Sprites/Tilesets/5371_tilesheet_temple_FIRE.png
9856a87257d5e2e43bdee68e6edd5698,-1126271621817865780,temple_FIRE_223,Assets/Sprites/Tilesets/5371_tilesheet_temple_FIRE.png
9856a87257d5e2e43bdee68e6edd5698,7115231666849958538,temple_FIRE_224,Assets/Sprites/Tilesets/5371_tilesheet_temple_FIRE.png
9856a87257d5e2e43bdee68e6edd5698,-2376931319762873690,temple_FIRE_225,Assets/Sprites/Tilesets/5371_tilesheet_temple_FIRE.png
9856a87257d5e2e43bdee68e6edd5698,-609758178335434047,temple_FIRE_226,Assets/Sprites/Tilesets/5371_tilesheet_temple_FIRE.png
9856a87257d5e2e43bdee68e6edd5698,-4405719728687186775,temple_FIRE_227,Assets/Sprites/Tilesets/5371_tilesheet_temple_FIRE.png
9856a87257d5e2e43bdee68e6edd5698,6698147340294147897,temple_FIRE_228,Assets/Sprites/Tilesets/5371_tilesheet_temple_FIRE.png
9856a87257d5e2e43bdee68e6edd5698,5365529030329516596,temple_FIRE_229,Assets/Sprites/Tilesets/5371_tilesheet_temple_FIRE.png
9856a87257d5e2e43bdee68e6edd5698,8298471800516993061,temple_FIRE_230,Assets/Sprites/Tilesets/5371_tilesheet_temple_FIRE.png
9856a87257d5e2e43bdee68e6edd5698,-7397664776066113000,temple_FIRE_231,Assets/Sprites/Tilesets/5371_tilesheet_temple_FIRE.png
9856a87257d5e2e43bdee68e6edd5698,2482586323228808731,temple_FIRE_232,Assets/Sprites/Tilesets/5371_tilesheet_temple_FIRE.png
9856a87257d5e2e43bdee68e6edd5698,1994940757356745112,temple_FIRE_233,Assets/Sprites/Tilesets/5371_tilesheet_temple_FIRE.png
9856a87257d5e2e43bdee68e6edd5698,-1078203913016493803,temple_FIRE_234,Assets/Sprites/Tilesets/5371_tilesheet_temple_FIRE.png
9856a87257d5e2e43bdee68e6edd5698,-6752338200585653871,temple_FIRE_235,Assets/Sprites/Tilesets/5371_tilesheet_temple_FIRE.png
9856a87257d5e2e43bdee68e6edd5698,8127992217002793755,temple_FIRE_236,Assets/Sprites/Tilesets/5371_tilesheet_temple_FIRE.png
9856a87257d5e2e43bdee68e6edd5698,-4101432685032244580,temple_FIRE_237,Assets/Sprites/Tilesets/5371_tilesheet_temple_FIRE.png
9856a87257d5e2e43bdee68e6edd5698,8265415928279550358,temple_FIRE_238,Assets/Sprites/Tilesets/5371_tilesheet_temple_FIRE.png
9856a87257d5e2e43bdee68e6edd5698,-6674396443900270943,temple_FIRE_239,Assets/Sprites/Tilesets/5371_tilesheet_temple_FIRE.png
9856a87257d5e2e43bdee68e6edd5698,-5126770328913247271,temple_FIRE_310,Assets/Sprites/Tilesets/5371_tilesheet_temple_FIRE.png
9856a87257d5e2e43bdee68e6edd5698,7946168081469297458,temple_FIRE_311,Assets/Sprites/Tilesets/5371_tilesheet_temple_FIRE.png
9856a87257d5e2e43bdee68e6edd5698,2717723488615757018,temple_FIRE_320,Assets/Sprites/Tilesets/5371_tilesheet_temple_FIRE.png
9856a87257d5e2e43bdee68e6edd5698,-5202534442311399235,temple_FIRE_321,Assets/Sprites/Tilesets/5371_tilesheet_temple_FIRE.png
9856a87257d5e2e43bdee68e6edd5698,-201460538643699791,temple_FIRE_lava,Assets/Sprites/Tilesets/5371_tilesheet_temple_FIRE.png
9856a87257d5e2e43bdee68e6edd5698,-4400644427685314254,temple_FIRE_water,Assets/Sprites/Tilesets/5371_tilesheet_temple_FIRE.png
9856a87257d5e2e43bdee68e6edd5698,7055374874864954388,temple_FIRE_water_background,Assets/Sprites/Tilesets/5371_tilesheet_temple_FIRE.png
9856a87257d5e2e43bdee68e6edd5698,8283533273962829627,temple_FIRE_water_backwall,Assets/Sprites/Tilesets/5371_tilesheet_temple_FIRE.png
9856a87257d5e2e43bdee68e6edd5698,4392170440827130783,temple_FIRE_waterfall,Assets/Sprites/Tilesets/5371_tilesheet_temple_FIRE.png
1bcdcac9eac84ef4a85b640c5c8851a8,-8655818156195654838,temple_EARTH_dead_10,Assets/Sprites/Tilesets/5372_tilesheet_temple_EARTH_dead.png
1bcdcac9eac84ef4a85b640c5c8851a8,6346318911325233748,temple_EARTH_dead_11,Assets/Sprites/Tilesets/5372_tilesheet_temple_EARTH_dead.png
1bcdcac9eac84ef4a85b640c5c8851a8,1840059084634729652,temple_EARTH_dead_12,Assets/Sprites/Tilesets/5372_tilesheet_temple_EARTH_dead.png
1bcdcac9eac84ef4a85b640c5c8851a8,1127223760459724062,temple_EARTH_dead_13,Assets/Sprites/Tilesets/5372_tilesheet_temple_EARTH_dead.png
1bcdcac9eac84ef4a85b640c5c8851a8,2450565909728410856,temple_EARTH_dead_14,Assets/Sprites/Tilesets/5372_tilesheet_temple_EARTH_dead.png
1bcdcac9eac84ef4a85b640c5c8851a8,-3165705482850905674,temple_EARTH_dead_15,Assets/Sprites/Tilesets/5372_tilesheet_temple_EARTH_dead.png
1bcdcac9eac84ef4a85b640c5c8851a8,-5774996654182199871,temple_EARTH_dead_16,Assets/Sprites/Tilesets/5372_tilesheet_temple_EARTH_dead.png
1bcdcac9eac84ef4a85b640c5c8851a8,4443897450750874535,temple_EARTH_dead_17,Assets/Sprites/Tilesets/5372_tilesheet_temple_EARTH_dead.png
1bcdcac9eac84ef4a85b640c5c8851a8,5661049957185019681,temple_EARTH_dead_18,Assets/Sprites/Tilesets/5372_tilesheet_temple_EARTH_dead.png
1bcdcac9eac84ef4a85b640c5c8851a8,8474981341611232960,temple_EARTH_dead_19,Assets/Sprites/Tilesets/5372_tilesheet_temple_EARTH_dead.png
1bcdcac9eac84ef4a85b640c5c8851a8,6836142153017594085,temple_EARTH_dead_20,Assets/Sprites/Tilesets/5372_tilesheet_temple_EARTH_dead.png
1bcdcac9eac84ef4a85b640c5c8851a8,2185498278340178504,temple_EARTH_dead_21,Assets/Sprites/Tilesets/5372_tilesheet_temple_EARTH_dead.png
1bcdcac9eac84ef4a85b640c5c8851a8,430984766625829748,temple_EARTH_dead_22,Assets/Sprites/Tilesets/5372_tilesheet_temple_EARTH_dead.png
1bcdcac9eac84ef4a85b640c5c8851a8,-1317986280940093683,temple_EARTH_dead_23,Assets/Sprites/Tilesets/5372_tilesheet_temple_EARTH_dead.png
1bcdcac9eac84ef4a85b640c5c8851a8,-8326724806951850010,temple_EARTH_dead_24,Assets/Sprites/Tilesets/5372_tilesheet_temple_EARTH_dead.png
1bcdcac9eac84ef4a85b640c5c8851a8,8914089594741642868,temple_EARTH_dead_25,Assets/Sprites/Tilesets/5372_tilesheet_temple_EARTH_dead.png
1bcdcac9eac84ef4a85b640c5c8851a8,276181914589855336,temple_EARTH_dead_26,Assets/Sprites/Tilesets/5372_tilesheet_temple_EARTH_dead.png
1bcdcac9eac84ef4a85b640c5c8851a8,588497054336764479,temple_EARTH_dead_27,Assets/Sprites/Tilesets/5372_tilesheet_temple_EARTH_dead.png
1bcdcac9eac84ef4a85b640c5c8851a8,-540048619370252142,temple_EARTH_dead_28,Assets/Sprites/Tilesets/5372_tilesheet_temple_EARTH_dead.png
1bcdcac9eac84ef4a85b640c5c8851a8,-3511060238418154924,temple_EARTH_dead_29,Assets/Sprites/Tilesets/5372_tilesheet_temple_EARTH_dead.png
1bcdcac9eac84ef4a85b640c5c8851a8,-6691012767228139306,temple_EARTH_dead_30,Assets/Sprites/Tilesets/5372_tilesheet_temple_EARTH_dead.png
1bcdcac9eac84ef4a85b640c5c8851a8,8251907811329543855,temple_EARTH_dead_31,Assets/Sprites/Tilesets/5372_tilesheet_temple_EARTH_dead.png
1bcdcac9eac84ef4a85b640c5c8851a8,2692228934559545928,temple_EARTH_dead_110,Assets/Sprites/Tilesets/5372_tilesheet_temple_EARTH_dead.png
1bcdcac9eac84ef4a85b640c5c8851a8,8694305388649107506,temple_EARTH_dead_111,Assets/Sprites/Tilesets/5372_tilesheet_temple_EARTH_dead.png
1bcdcac9eac84ef4a85b640c5c8851a8,-6908713535308251356,temple_EARTH_dead_112,Assets/Sprites/Tilesets/5372_tilesheet_temple_EARTH_dead.png
1bcdcac9eac84ef4a85b640c5c8851a8,-4129235289053152723,temple_EARTH_dead_113,Assets/Sprites/Tilesets/5372_tilesheet_temple_EARTH_dead.png
1bcdcac9eac84ef4a85b640c5c8851a8,-5468382029055465884,temple_EARTH_dead_114,Assets/Sprites/Tilesets/5372_tilesheet_temple_EARTH_dead.png
1bcdcac9eac84ef4a85b640c5c8851a8,6734684633657039821,temple_EARTH_dead_115,Assets/Sprites/Tilesets/5372_tilesheet_temple_EARTH_dead.png
1bcdcac9eac84ef4a85b640c5c8851a8,-5903299138629098404,temple_EARTH_dead_116,Assets/Sprites/Tilesets/5372_tilesheet_temple_EARTH_dead.png
1bcdcac9eac84ef4a85b640c5c8851a8,-6398567975934360271,temple_EARTH_dead_117,Assets/Sprites/Tilesets/5372_tilesheet_temple_EARTH_dead.png
1bcdcac9eac84ef4a85b640c5c8851a8,-8957284035257282584,temple_EARTH_dead_118,Assets/Sprites/Tilesets/5372_tilesheet_temple_EARTH_dead.png
1bcdcac9eac84ef4a85b640c5c8851a8,-9138037040227770232,temple_EARTH_dead_119,Assets/Sprites/Tilesets/5372_tilesheet_temple_EARTH_dead.png
1bcdcac9eac84ef4a85b640c5c8851a8,6287607311731213131,temple_EARTH_dead_120,Assets/Sprites/Tilesets/5372_tilesheet_temple_EARTH_dead.png
1bcdcac9eac84ef4a85b640c5c8851a8,2425639911146021689,temple_EARTH_dead_121,Assets/Sprites/Tilesets/5372_tilesheet_temple_EARTH_dead.png
1bcdcac9eac84ef4a85b640c5c8851a8,7293906268319233776,temple_EARTH_dead_122,Assets/Sprites/Tilesets/5372_tilesheet_temple_EARTH_dead.png
1bcdcac9eac84ef4a85b640c5c8851a8,9174235224718242758,temple_EARTH_dead_123,Assets/Sprites/Tilesets/5372_tilesheet_temple_EARTH_dead.png
1bcdcac9eac84ef4a85b640c5c8851a8,6312037128003990989,temple_EARTH_dead_124,Assets/Sprites/Tilesets/5372_tilesheet_temple_EARTH_dead.png
1bcdcac9eac84ef4a85b640c5c8851a8,-3713311849071092161,temple_EARTH_dead_125,Assets/Sprites/Tilesets/5372_tilesheet_temple_EARTH_dead.png
1bcdcac9eac84ef4a85b640c5c8851a8,3685152125961464965,temple_EARTH_dead_126,Assets/Sprites/Tilesets/5372_tilesheet_temple_EARTH_dead.png
1bcdcac9eac84ef4a85b640c5c8851a8,3021946288986219864,temple_EARTH_dead_127,Assets/Sprites/Tilesets/5372_tilesheet_temple_EARTH_dead.png
1bcdcac9eac84ef4a85b640c5c8851a8,821699465916322869,temple_EARTH_dead_128,Assets/Sprites/Tilesets/5372_tilesheet_temple_EARTH_dead.png
1bcdcac9eac84ef4a85b640c5c8851a8,-8735441677112475752,temple_EARTH_dead_129,Assets/Sprites/Tilesets/5372_tilesheet_temple_EARTH_dead.png
1bcdcac9eac84ef4a85b640c5c8851a8,162189906751378928,temple_EARTH_dead_130,Assets/Sprites/Tilesets/5372_tilesheet_temple_EARTH_dead.png
1bcdcac9eac84ef4a85b640c5c8851a8,2551518094793869659,temple_EARTH_dead_131,Assets/Sprites/Tilesets/5372_tilesheet_temple_EARTH_dead.png
1bcdcac9eac84ef4a85b640c5c8851a8,7564170298869451445,temple_EARTH_dead_132,Assets/Sprites/Tilesets/5372_tilesheet_temple_EARTH_dead.png
1bcdcac9eac84ef4a85b640c5c8851a8,-5763829074529255567,temple_EARTH_dead_133,Assets/Sprites/Tilesets/5372_tilesheet_temple_EARTH_dead.png
1bcdcac9eac84ef4a85b640c5c8851a8,1524157299721021891,temple_EARTH_dead_134,Assets/Sprites/Tilesets/5372_tilesheet_temple_EARTH_dead.png
1bcdcac9eac84ef4a85b640c5c8851a8,-1583898042935591190,temple_EARTH_dead_135,Assets/Sprites/Tilesets/5372_tilesheet_temple_EARTH_dead.png
1bcdcac9eac84ef4a85b640c5c8851a8,-3505167688332446886,temple_EARTH_dead_136,Assets/Sprites/Tilesets/5372_tilesheet_temple_EARTH_dead.png
1bcdcac9eac84ef4a85b640c5c8851a8,-6066770748219408245,temple_EARTH_dead_137,Assets/Sprites/Tilesets/5372_tilesheet_temple_EARTH_dead.png
1bcdcac9eac84ef4a85b640c5c8851a8,6489610241198286182,temple_EARTH_dead_138,Assets/Sprites/Tilesets/5372_tilesheet_temple_EARTH_dead.png
1bcdcac9eac84ef4a85b640c5c8851a8,1641813613071775055,temple_EARTH_dead_139,Assets/Sprites/Tilesets/5372_tilesheet_temple_EARTH_dead.png
1bcdcac9eac84ef4a85b640c5c8851a8,7026842539221975203,temple_EARTH_dead_140,Assets/Sprites/Tilesets/5372_tilesheet_temple_EARTH_dead.png
1bcdcac9eac84ef4a85b640c5c8851a8,-3558287319723886022,temple_EARTH_dead_141,Assets/Sprites/Tilesets/5372_tilesheet_temple_EARTH_dead.png
1bcdcac9eac84ef4a85b640c5c8851a8,-8344083640052678453,temple_EARTH_dead_142,Assets/Sprites/Tilesets/5372_tilesheet_temple_EARTH_dead.png
1bcdcac9eac84ef4a85b640c5c8851a8,246296347441123025,temple_EARTH_dead_143,Assets/Sprites/Tilesets/5372_tilesheet_temple_EARTH_dead.png
1bcdcac9eac84ef4a85b640c5c8851a8,183212007095979961,temple_EARTH_dead_144,Assets/Sprites/Tilesets/5372_tilesheet_temple_EARTH_dead.png
1bcdcac9eac84ef4a85b640c5c8851a8,-2406893295983391241,temple_EARTH_dead_145,Assets/Sprites/Tilesets/5372_tilesheet_temple_EARTH_dead.png
1bcdcac9eac84ef4a85b640c5c8851a8,8680213767338256587,temple_EARTH_dead_146,Assets/Sprites/Tilesets/5372_tilesheet_temple_EARTH_dead.png
1bcdcac9eac84ef4a85b640c5c8851a8,-3839419028077224407,temple_EARTH_dead_147,Assets/Sprites/Tilesets/5372_tilesheet_temple_EARTH_dead.png
1bcdcac9eac84ef4a85b640c5c8851a8,-9186735260187993544,temple_EARTH_dead_148,Assets/Sprites/Tilesets/5372_tilesheet_temple_EARTH_dead.png
1bcdcac9eac84ef4a85b640c5c8851a8,-9016710347682217852,temple_EARTH_dead_149,Assets/Sprites/Tilesets/5372_tilesheet_temple_EARTH_dead.png
1bcdcac9eac84ef4a85b640c5c8851a8,-3144590571393297090,temple_EARTH_dead_150,Assets/Sprites/Tilesets/5372_tilesheet_temple_EARTH_dead.png
1bcdcac9eac84ef4a85b640c5c8851a8,-1869248515973406079,temple_EARTH_dead_151,Assets/Sprites/Tilesets/5372_tilesheet_temple_EARTH_dead.png
1bcdcac9eac84ef4a85b640c5c8851a8,1462365499702293984,temple_EARTH_dead_152,Assets/Sprites/Tilesets/5372_tilesheet_temple_EARTH_dead.png
1bcdcac9eac84ef4a85b640c5c8851a8,3117608474565576089,temple_EARTH_dead_153,Assets/Sprites/Tilesets/5372_tilesheet_temple_EARTH_dead.png
1bcdcac9eac84ef4a85b640c5c8851a8,4193222730039741841,temple_EARTH_dead_154,Assets/Sprites/Tilesets/5372_tilesheet_temple_EARTH_dead.png
1bcdcac9eac84ef4a85b640c5c8851a8,-952682199232832059,temple_EARTH_dead_155,Assets/Sprites/Tilesets/5372_tilesheet_temple_EARTH_dead.png
1bcdcac9eac84ef4a85b640c5c8851a8,-3213984598705551438,temple_EARTH_dead_156,Assets/Sprites/Tilesets/5372_tilesheet_temple_EARTH_dead.png
1bcdcac9eac84ef4a85b640c5c8851a8,-5307506109448168031,temple_EARTH_dead_157,Assets/Sprites/Tilesets/5372_tilesheet_temple_EARTH_dead.png
1bcdcac9eac84ef4a85b640c5c8851a8,6489871585197885851,temple_EARTH_dead_158,Assets/Sprites/Tilesets/5372_tilesheet_temple_EARTH_dead.png
1bcdcac9eac84ef4a85b640c5c8851a8,-5410082502029113031,temple_EARTH_dead_159,Assets/Sprites/Tilesets/5372_tilesheet_temple_EARTH_dead.png
1bcdcac9eac84ef4a85b640c5c8851a8,-8373222136145620632,temple_EARTH_dead_160,Assets/Sprites/Tilesets/5372_tilesheet_temple_EARTH_dead.png
1bcdcac9eac84ef4a85b640c5c8851a8,-2115457103611978337,temple_EARTH_dead_161,Assets/Sprites/Tilesets/5372_tilesheet_temple_EARTH_dead.png
1bcdcac9eac84ef4a85b640c5c8851a8,-7035195994024675113,temple_EARTH_dead_162,Assets/Sprites/Tilesets/5372_tilesheet_temple_EARTH_dead.png
1bcdcac9eac84ef4a85b640c5c8851a8,-5079105962311074511,temple_EARTH_dead_163,Assets/Sprites/Tilesets/5372_tilesheet_temple_EARTH_dead.png
1bcdcac9eac84ef4a85b640c5c8851a8,2733946097252187821,temple_EARTH_dead_164,Assets/Sprites/Tilesets/5372_tilesheet_temple_EARTH_dead.png
1bcdcac9eac84ef4a85b640c5c8851a8,7161397670792433542,temple_EARTH_dead_165,Assets/Sprites/Tilesets/5372_tilesheet_temple_EARTH_dead.png
1bcdcac9eac84ef4a85b640c5c8851a8,-6848136828857868286,temple_EARTH_dead_166,Assets/Sprites/Tilesets/5372_tilesheet_temple_EARTH_dead.png
1bcdcac9eac84ef4a85b640c5c8851a8,700863525252940799,temple_EARTH_dead_167,Assets/Sprites/Tilesets/5372_tilesheet_temple_EARTH_dead.png
1bcdcac9eac84ef4a85b640c5c8851a8,-3195476417298603316,temple_EARTH_dead_168,Assets/Sprites/Tilesets/5372_tilesheet_temple_EARTH_dead.png
1bcdcac9eac84ef4a85b640c5c8851a8,-7858491299808530786,temple_EARTH_dead_169,Assets/Sprites/Tilesets/5372_tilesheet_temple_EARTH_dead.png
1bcdcac9eac84ef4a85b640c5c8851a8,1701854330767516314,temple_EARTH_dead_170,Assets/Sprites/Tilesets/5372_tilesheet_temple_EARTH_dead.png
1bcdcac9eac84ef4a85b640c5c8851a8,5932739100274104364,temple_EARTH_dead_171,Assets/Sprites/Tilesets/5372_tilesheet_temple_EARTH_dead.png
1bcdcac9eac84ef4a85b640c5c8851a8,-6467276799757248785,temple_EARTH_dead_172,Assets/Sprites/Tilesets/5372_tilesheet_temple_EARTH_dead.png
1bcdcac9eac84ef4a85b640c5c8851a8,-1300805632072158905,temple_EARTH_dead_173,Assets/Sprites/Tilesets/5372_tilesheet_temple_EARTH_dead.png
1bcdcac9eac84ef4a85b640c5c8851a8,605696201848019545,temple_EARTH_dead_174,Assets/Sprites/Tilesets/5372_tilesheet_temple_EARTH_dead.png
1bcdcac9eac84ef4a85b640c5c8851a8,-1724086907042617910,temple_EARTH_dead_175,Assets/Sprites/Tilesets/5372_tilesheet_temple_EARTH_dead.png
1bcdcac9eac84ef4a85b640c5c8851a8,8475284525710512774,temple_EARTH_dead_176,Assets/Sprites/Tilesets/5372_tilesheet_temple_EARTH_dead.png
1bcdcac9eac84ef4a85b640c5c8851a8,-3822713577358298166,temple_EARTH_dead_177,Assets/Sprites/Tilesets/5372_tilesheet_temple_EARTH_dead.png
1bcdcac9eac84ef4a85b640c5c8851a8,1768339233626080706,temple_EARTH_dead_178,Assets/Sprites/Tilesets/5372_tilesheet_temple_EARTH_dead.png
1bcdcac9eac84ef4a85b640c5c8851a8,-6841722765060534419,temple_EARTH_dead_179,Assets/Sprites/Tilesets/5372_tilesheet_temple_EARTH_dead.png
1bcdcac9eac84ef4a85b640c5c8851a8,-3493160027052846601,temple_EARTH_dead_180,Assets/Sprites/Tilesets/5372_tilesheet_temple_EARTH_dead.png
1bcdcac9eac84ef4a85b640c5c8851a8,-554438106920706084,temple_EARTH_dead_181,Assets/Sprites/Tilesets/5372_tilesheet_temple_EARTH_dead.png
1bcdcac9eac84ef4a85b640c5c8851a8,-5341870609494625678,temple_EARTH_dead_182,Assets/Sprites/Tilesets/5372_tilesheet_temple_EARTH_dead.png
1bcdcac9eac84ef4a85b640c5c8851a8,-8905662136806812126,temple_EARTH_dead_183,Assets/Sprites/Tilesets/5372_tilesheet_temple_EARTH_dead.png
1bcdcac9eac84ef4a85b640c5c8851a8,5281638212969618885,temple_EARTH_dead_184,Assets/Sprites/Tilesets/5372_tilesheet_temple_EARTH_dead.png
1bcdcac9eac84ef4a85b640c5c8851a8,-3150301486310352595,temple_EARTH_dead_185,Assets/Sprites/Tilesets/5372_tilesheet_temple_EARTH_dead.png
1bcdcac9eac84ef4a85b640c5c8851a8,-733222574896515085,temple_EARTH_dead_186,Assets/Sprites/Tilesets/5372_tilesheet_temple_EARTH_dead.png
1bcdcac9eac84ef4a85b640c5c8851a8,-3204314713441666975,temple_EARTH_dead_187,Assets/Sprites/Tilesets/5372_tilesheet_temple_EARTH_dead.png
1bcdcac9eac84ef4a85b640c5c8851a8,-8295142853972654705,temple_EARTH_dead_188,Assets/Sprites/Tilesets/5372_tilesheet_temple_EARTH_dead.png
1bcdcac9eac84ef4a85b640c5c8851a8,-1977760837791518271,temple_EARTH_dead_189,Assets/Sprites/Tilesets/5372_tilesheet_temple_EARTH_dead.png
1bcdcac9eac84ef4a85b640c5c8851a8,3739629566794811945,temple_EARTH_dead_210,Assets/Sprites/Tilesets/5372_tilesheet_temple_EARTH_dead.png
1bcdcac9eac84ef4a85b640c5c8851a8,312411451082320881,temple_EARTH_dead_211,Assets/Sprites/Tilesets/5372_tilesheet_temple_EARTH_dead.png
1bcdcac9eac84ef4a85b640c5c8851a8,7200636335243528347,temple_EARTH_dead_212,Assets/Sprites/Tilesets/5372_tilesheet_temple_EARTH_dead.png
1bcdcac9eac84ef4a85b640c5c8851a8,-3977800204531077332,temple_EARTH_dead_213,Assets/Sprites/Tilesets/5372_tilesheet_temple_EARTH_dead.png
1bcdcac9eac84ef4a85b640c5c8851a8,9018316408388942899,temple_EARTH_dead_214,Assets/Sprites/Tilesets/5372_tilesheet_temple_EARTH_dead.png
1bcdcac9eac84ef4a85b640c5c8851a8,-2570949691034005900,temple_EARTH_dead_215,Assets/Sprites/Tilesets/5372_tilesheet_temple_EARTH_dead.png
1bcdcac9eac84ef4a85b640c5c8851a8,2791595852367629972,temple_EARTH_dead_216,Assets/Sprites/Tilesets/5372_tilesheet_temple_EARTH_dead.png
1bcdcac9eac84ef4a85b640c5c8851a8,7560987481910819968,temple_EARTH_dead_217,Assets/Sprites/Tilesets/5372_tilesheet_temple_EARTH_dead.png
1bcdcac9eac84ef4a85b640c5c8851a8,8628016325019199391,temple_EARTH_dead_218,Assets/Sprites/Tilesets/5372_tilesheet_temple_EARTH_dead.png
1bcdcac9eac84ef4a85b640c5c8851a8,2294871103751515929,temple_EARTH_dead_219,Assets/Sprites/Tilesets/5372_tilesheet_temple_EARTH_dead.png
1bcdcac9eac84ef4a85b640c5c8851a8,-6167804180273747926,temple_EARTH_dead_220,Assets/Sprites/Tilesets/5372_tilesheet_temple_EARTH_dead.png
1bcdcac9eac84ef4a85b640c5c8851a8,863553802706296020,temple_EARTH_dead_221,Assets/Sprites/Tilesets/5372_tilesheet_temple_EARTH_dead.png
1bcdcac9eac84ef4a85b640c5c8851a8,-4227776513080790873,temple_EARTH_dead_222,Assets/Sprites/Tilesets/5372_tilesheet_temple_EARTH_dead.png
1bcdcac9eac84ef4a85b640c5c8851a8,-1126271621817865780,temple_EARTH_dead_223,Assets/Sprites/Tilesets/5372_tilesheet_temple_EARTH_dead.png
1bcdcac9eac84ef4a85b640c5c8851a8,7115231666849958538,temple_EARTH_dead_224,Assets/Sprites/Tilesets/5372_tilesheet_temple_EARTH_dead.png
1bcdcac9eac84ef4a85b640c5c8851a8,-2376931319762873690,temple_EARTH_dead_225,Assets/Sprites/Tilesets/5372_tilesheet_temple_EARTH_dead.png
1bcdcac9eac84ef4a85b640c5c8851a8,-609758178335434047,temple_EARTH_dead_226,Assets/Sprites/Tilesets/5372_tilesheet_temple_EARTH_dead.png
1bcdcac9eac84ef4a85b640c5c8851a8,-4405719728687186775,temple_EARTH_dead_227,Assets/Sprites/Tilesets/5372_tilesheet_temple_EARTH_dead.png
1bcdcac9eac84ef4a85b640c5c8851a8,6698147340294147897,temple_EARTH_dead_228,Assets/Sprites/Tilesets/5372_tilesheet_temple_EARTH_dead.png
1bcdcac9eac84ef4a85b640c5c8851a8,5365529030329516596,temple_EARTH_dead_229,Assets/Sprites/Tilesets/5372_tilesheet_temple_EARTH_dead.png
1bcdcac9eac84ef4a85b640c5c8851a8,8298471800516993061,temple_EARTH_dead_230,Assets/Sprites/Tilesets/5372_tilesheet_temple_EARTH_dead.png
1bcdcac9eac84ef4a85b640c5c8851a8,-7397664776066113000,temple_EARTH_dead_231,Assets/Sprites/Tilesets/5372_tilesheet_temple_EARTH_dead.png
1bcdcac9eac84ef4a85b640c5c8851a8,2482586323228808731,temple_EARTH_dead_232,Assets/Sprites/Tilesets/5372_tilesheet_temple_EARTH_dead.png
1bcdcac9eac84ef4a85b640c5c8851a8,1994940757356745112,temple_EARTH_dead_233,Assets/Sprites/Tilesets/5372_tilesheet_temple_EARTH_dead.png
1bcdcac9eac84ef4a85b640c5c8851a8,-1078203913016493803,temple_EARTH_dead_234,Assets/Sprites/Tilesets/5372_tilesheet_temple_EARTH_dead.png
1bcdcac9eac84ef4a85b640c5c8851a8,-6752338200585653871,temple_EARTH_dead_235,Assets/Sprites/Tilesets/5372_tilesheet_temple_EARTH_dead.png
1bcdcac9eac84ef4a85b640c5c8851a8,8127992217002793755,temple_EARTH_dead_236,Assets/Sprites/Tilesets/5372_tilesheet_temple_EARTH_dead.png
1bcdcac9eac84ef4a85b640c5c8851a8,-4101432685032244580,temple_EARTH_dead_237,Assets/Sprites/Tilesets/5372_tilesheet_temple_EARTH_dead.png
1bcdcac9eac84ef4a85b640c5c8851a8,8265415928279550358,temple_EARTH_dead_238,Assets/Sprites/Tilesets/5372_tilesheet_temple_EARTH_dead.png
1bcdcac9eac84ef4a85b640c5c8851a8,-6674396443900270943,temple_EARTH_dead_239,Assets/Sprites/Tilesets/5372_tilesheet_temple_EARTH_dead.png
1bcdcac9eac84ef4a85b640c5c8851a8,-5126770328913247271,temple_EARTH_dead_310,Assets/Sprites/Tilesets/5372_tilesheet_temple_EARTH_dead.png
1bcdcac9eac84ef4a85b640c5c8851a8,7946168081469297458,temple_EARTH_dead_311,Assets/Sprites/Tilesets/5372_tilesheet_temple_EARTH_dead.png
1bcdcac9eac84ef4a85b640c5c8851a8,2717723488615757018,temple_EARTH_dead_320,Assets/Sprites/Tilesets/5372_tilesheet_temple_EARTH_dead.png
1bcdcac9eac84ef4a85b640c5c8851a8,-5202534442311399235,temple_EARTH_dead_321,Assets/Sprites/Tilesets/5372_tilesheet_temple_EARTH_dead.png
1bcdcac9eac84ef4a85b640c5c8851a8,-201460538643699791,temple_EARTH_dead_lava,Assets/Sprites/Tilesets/5372_tilesheet_temple_EARTH_dead.png
1bcdcac9eac84ef4a85b640c5c8851a8,-4400644427685314254,temple_EARTH_dead_water,Assets/Sprites/Tilesets/5372_tilesheet_temple_EARTH_dead.png
1bcdcac9eac84ef4a85b640c5c8851a8,7055374874864954388,temple_EARTH_dead_water_background,Assets/Sprites/Tilesets/5372_tilesheet_temple_EARTH_dead.png
1bcdcac9eac84ef4a85b640c5c8851a8,8283533273962829627,temple_EARTH_dead_water_backwall,Assets/Sprites/Tilesets/5372_tilesheet_temple_EARTH_dead.png
1bcdcac9eac84ef4a85b640c5c8851a8,4392170440827130783,temple_EARTH_dead_waterfall,Assets/Sprites/Tilesets/5372_tilesheet_temple_EARTH_dead.png
24a541f1954f9484aadca7e728b777df,-8655818156195654838,temple_EARTH_10,Assets/Sprites/Tilesets/5373_tilesheet_temple_EARTH.png
24a541f1954f9484aadca7e728b777df,6346318911325233748,temple_EARTH_11,Assets/Sprites/Tilesets/5373_tilesheet_temple_EARTH.png
24a541f1954f9484aadca7e728b777df,1840059084634729652,temple_EARTH_12,Assets/Sprites/Tilesets/5373_tilesheet_temple_EARTH.png
24a541f1954f9484aadca7e728b777df,1127223760459724062,temple_EARTH_13,Assets/Sprites/Tilesets/5373_tilesheet_temple_EARTH.png
24a541f1954f9484aadca7e728b777df,2450565909728410856,temple_EARTH_14,Assets/Sprites/Tilesets/5373_tilesheet_temple_EARTH.png
24a541f1954f9484aadca7e728b777df,-3165705482850905674,temple_EARTH_15,Assets/Sprites/Tilesets/5373_tilesheet_temple_EARTH.png
24a541f1954f9484aadca7e728b777df,-5774996654182199871,temple_EARTH_16,Assets/Sprites/Tilesets/5373_tilesheet_temple_EARTH.png
24a541f1954f9484aadca7e728b777df,4443897450750874535,temple_EARTH_17,Assets/Sprites/Tilesets/5373_tilesheet_temple_EARTH.png
24a541f1954f9484aadca7e728b777df,5661049957185019681,temple_EARTH_18,Assets/Sprites/Tilesets/5373_tilesheet_temple_EARTH.png
24a541f1954f9484aadca7e728b777df,8474981341611232960,temple_EARTH_19,Assets/Sprites/Tilesets/5373_tilesheet_temple_EARTH.png
24a541f1954f9484aadca7e728b777df,6836142153017594085,temple_EARTH_20,Assets/Sprites/Tilesets/5373_tilesheet_temple_EARTH.png
24a541f1954f9484aadca7e728b777df,2185498278340178504,temple_EARTH_21,Assets/Sprites/Tilesets/5373_tilesheet_temple_EARTH.png
24a541f1954f9484aadca7e728b777df,430984766625829748,temple_EARTH_22,Assets/Sprites/Tilesets/5373_tilesheet_temple_EARTH.png
24a541f1954f9484aadca7e728b777df,-1317986280940093683,temple_EARTH_23,Assets/Sprites/Tilesets/5373_tilesheet_temple_EARTH.png
24a541f1954f9484aadca7e728b777df,-8326724806951850010,temple_EARTH_24,Assets/Sprites/Tilesets/5373_tilesheet_temple_EARTH.png
24a541f1954f9484aadca7e728b777df,8914089594741642868,temple_EARTH_25,Assets/Sprites/Tilesets/5373_tilesheet_temple_EARTH.png
24a541f1954f9484aadca7e728b777df,276181914589855336,temple_EARTH_26,Assets/Sprites/Tilesets/5373_tilesheet_temple_EARTH.png
24a541f1954f9484aadca7e728b777df,588497054336764479,temple_EARTH_27,Assets/Sprites/Tilesets/5373_tilesheet_temple_EARTH.png
24a541f1954f9484aadca7e728b777df,-540048619370252142,temple_EARTH_28,Assets/Sprites/Tilesets/5373_tilesheet_temple_EARTH.png
24a541f1954f9484aadca7e728b777df,-3511060238418154924,temple_EARTH_29,Assets/Sprites/Tilesets/5373_tilesheet_temple_EARTH.png
24a541f1954f9484aadca7e728b777df,-6691012767228139306,temple_EARTH_30,Assets/Sprites/Tilesets/5373_tilesheet_temple_EARTH.png
24a541f1954f9484aadca7e728b777df,8251907811329543855,temple_EARTH_31,Assets/Sprites/Tilesets/5373_tilesheet_temple_EARTH.png
24a541f1954f9484aadca7e728b777df,2692228934559545928,temple_EARTH_110,Assets/Sprites/Tilesets/5373_tilesheet_temple_EARTH.png
24a541f1954f9484aadca7e728b777df,8694305388649107506,temple_EARTH_111,Assets/Sprites/Tilesets/5373_tilesheet_temple_EARTH.png
24a541f1954f9484aadca7e728b777df,-6908713535308251356,temple_EARTH_112,Assets/Sprites/Tilesets/5373_tilesheet_temple_EARTH.png
24a541f1954f9484aadca7e728b777df,-4129235289053152723,temple_EARTH_113,Assets/Sprites/Tilesets/5373_tilesheet_temple_EARTH.png
24a541f1954f9484aadca7e728b777df,-5468382029055465884,temple_EARTH_114,Assets/Sprites/Tilesets/5373_tilesheet_temple_EARTH.png
24a541f1954f9484aadca7e728b777df,6734684633657039821,temple_EARTH_115,Assets/Sprites/Tilesets/5373_tilesheet_temple_EARTH.png
24a541f1954f9484aadca7e728b777df,-5903299138629098404,temple_EARTH_116,Assets/Sprites/Tilesets/5373_tilesheet_temple_EARTH.png
24a541f1954f9484aadca7e728b777df,-6398567975934360271,temple_EARTH_117,Assets/Sprites/Tilesets/5373_tilesheet_temple_EARTH.png
24a541f1954f9484aadca7e728b777df,-8957284035257282584,temple_EARTH_118,Assets/Sprites/Tilesets/5373_tilesheet_temple_EARTH.png
24a541f1954f9484aadca7e728b777df,-9138037040227770232,temple_EARTH_119,Assets/Sprites/Tilesets/5373_tilesheet_temple_EARTH.png
24a541f1954f9484aadca7e728b777df,6287607311731213131,temple_EARTH_120,Assets/Sprites/Tilesets/5373_tilesheet_temple_EARTH.png
24a541f1954f9484aadca7e728b777df,2425639911146021689,temple_EARTH_121,Assets/Sprites/Tilesets/5373_tilesheet_temple_EARTH.png
24a541f1954f9484aadca7e728b777df,7293906268319233776,temple_EARTH_122,Assets/Sprites/Tilesets/5373_tilesheet_temple_EARTH.png
24a541f1954f9484aadca7e728b777df,9174235224718242758,temple_EARTH_123,Assets/Sprites/Tilesets/5373_tilesheet_temple_EARTH.png
24a541f1954f9484aadca7e728b777df,6312037128003990989,temple_EARTH_124,Assets/Sprites/Tilesets/5373_tilesheet_temple_EARTH.png
24a541f1954f9484aadca7e728b777df,-3713311849071092161,temple_EARTH_125,Assets/Sprites/Tilesets/5373_tilesheet_temple_EARTH.png
24a541f1954f9484aadca7e728b777df,3685152125961464965,temple_EARTH_126,Assets/Sprites/Tilesets/5373_tilesheet_temple_EARTH.png
24a541f1954f9484aadca7e728b777df,3021946288986219864,temple_EARTH_127,Assets/Sprites/Tilesets/5373_tilesheet_temple_EARTH.png
24a541f1954f9484aadca7e728b777df,821699465916322869,temple_EARTH_128,Assets/Sprites/Tilesets/5373_tilesheet_temple_EARTH.png
24a541f1954f9484aadca7e728b777df,-8735441677112475752,temple_EARTH_129,Assets/Sprites/Tilesets/5373_tilesheet_temple_EARTH.png
24a541f1954f9484aadca7e728b777df,162189906751378928,temple_EARTH_130,Assets/Sprites/Tilesets/5373_tilesheet_temple_EARTH.png
24a541f1954f9484aadca7e728b777df,2551518094793869659,temple_EARTH_131,Assets/Sprites/Tilesets/5373_tilesheet_temple_EARTH.png
24a541f1954f9484aadca7e728b777df,7564170298869451445,temple_EARTH_132,Assets/Sprites/Tilesets/5373_tilesheet_temple_EARTH.png
24a541f1954f9484aadca7e728b777df,-5763829074529255567,temple_EARTH_133,Assets/Sprites/Tilesets/5373_tilesheet_temple_EARTH.png
24a541f1954f9484aadca7e728b777df,1524157299721021891,temple_EARTH_134,Assets/Sprites/Tilesets/5373_tilesheet_temple_EARTH.png
24a541f1954f9484aadca7e728b777df,-1583898042935591190,temple_EARTH_135,Assets/Sprites/Tilesets/5373_tilesheet_temple_EARTH.png
24a541f1954f9484aadca7e728b777df,-3505167688332446886,temple_EARTH_136,Assets/Sprites/Tilesets/5373_tilesheet_temple_EARTH.png
24a541f1954f9484aadca7e728b777df,-6066770748219408245,temple_EARTH_137,Assets/Sprites/Tilesets/5373_tilesheet_temple_EARTH.png
24a541f1954f9484aadca7e728b777df,6489610241198286182,temple_EARTH_138,Assets/Sprites/Tilesets/5373_tilesheet_temple_EARTH.png
24a541f1954f9484aadca7e728b777df,1641813613071775055,temple_EARTH_139,Assets/Sprites/Tilesets/5373_tilesheet_temple_EARTH.png
24a541f1954f9484aadca7e728b777df,7026842539221975203,temple_EARTH_140,Assets/Sprites/Tilesets/5373_tilesheet_temple_EARTH.png
24a541f1954f9484aadca7e728b777df,-3558287319723886022,temple_EARTH_141,Assets/Sprites/Tilesets/5373_tilesheet_temple_EARTH.png
24a541f1954f9484aadca7e728b777df,-8344083640052678453,temple_EARTH_142,Assets/Sprites/Tilesets/5373_tilesheet_temple_EARTH.png
24a541f1954f9484aadca7e728b777df,246296347441123025,temple_EARTH_143,Assets/Sprites/Tilesets/5373_tilesheet_temple_EARTH.png
24a541f1954f9484aadca7e728b777df,183212007095979961,temple_EARTH_144,Assets/Sprites/Tilesets/5373_tilesheet_temple_EARTH.png
24a541f1954f9484aadca7e728b777df,-2406893295983391241,temple_EARTH_145,Assets/Sprites/Tilesets/5373_tilesheet_temple_EARTH.png
24a541f1954f9484aadca7e728b777df,8680213767338256587,temple_EARTH_146,Assets/Sprites/Tilesets/5373_tilesheet_temple_EARTH.png
24a541f1954f9484aadca7e728b777df,-3839419028077224407,temple_EARTH_147,Assets/Sprites/Tilesets/5373_tilesheet_temple_EARTH.png
24a541f1954f9484aadca7e728b777df,-9186735260187993544,temple_EARTH_148,Assets/Sprites/Tilesets/5373_tilesheet_temple_EARTH.png
24a541f1954f9484aadca7e728b777df,-9016710347682217852,temple_EARTH_149,Assets/Sprites/Tilesets/5373_tilesheet_temple_EARTH.png
24a541f1954f9484aadca7e728b777df,-3144590571393297090,temple_EARTH_150,Assets/Sprites/Tilesets/5373_tilesheet_temple_EARTH.png
24a541f1954f9484aadca7e728b777df,-1869248515973406079,temple_EARTH_151,Assets/Sprites/Tilesets/5373_tilesheet_temple_EARTH.png
24a541f1954f9484aadca7e728b777df,1462365499702293984,temple_EARTH_152,Assets/Sprites/Tilesets/5373_tilesheet_temple_EARTH.png
24a541f1954f9484aadca7e728b777df,3117608474565576089,temple_EARTH_153,Assets/Sprites/Tilesets/5373_tilesheet_temple_EARTH.png
24a541f1954f9484aadca7e728b777df,4193222730039741841,temple_EARTH_154,Assets/Sprites/Tilesets/5373_tilesheet_temple_EARTH.png
24a541f1954f9484aadca7e728b777df,-952682199232832059,temple_EARTH_155,Assets/Sprites/Tilesets/5373_tilesheet_temple_EARTH.png
24a541f1954f9484aadca7e728b777df,-3213984598705551438,temple_EARTH_156,Assets/Sprites/Tilesets/5373_tilesheet_temple_EARTH.png
24a541f1954f9484aadca7e728b777df,-5307506109448168031,temple_EARTH_157,Assets/Sprites/Tilesets/5373_tilesheet_temple_EARTH.png
24a541f1954f9484aadca7e728b777df,6489871585197885851,temple_EARTH_158,Assets/Sprites/Tilesets/5373_tilesheet_temple_EARTH.png
24a541f1954f9484aadca7e728b777df,-5410082502029113031,temple_EARTH_159,Assets/Sprites/Tilesets/5373_tilesheet_temple_EARTH.png
24a541f1954f9484aadca7e728b777df,-8373222136145620632,temple_EARTH_160,Assets/Sprites/Tilesets/5373_tilesheet_temple_EARTH.png
24a541f1954f9484aadca7e728b777df,-2115457103611978337,temple_EARTH_161,Assets/Sprites/Tilesets/5373_tilesheet_temple_EARTH.png
24a541f1954f9484aadca7e728b777df,-7035195994024675113,temple_EARTH_162,Assets/Sprites/Tilesets/5373_tilesheet_temple_EARTH.png
24a541f1954f9484aadca7e728b777df,-5079105962311074511,temple_EARTH_163,Assets/Sprites/Tilesets/5373_tilesheet_temple_EARTH.png
24a541f1954f9484aadca7e728b777df,2733946097252187821,temple_EARTH_164,Assets/Sprites/Tilesets/5373_tilesheet_temple_EARTH.png
24a541f1954f9484aadca7e728b777df,7161397670792433542,temple_EARTH_165,Assets/Sprites/Tilesets/5373_tilesheet_temple_EARTH.png
24a541f1954f9484aadca7e728b777df,-6848136828857868286,temple_EARTH_166,Assets/Sprites/Tilesets/5373_tilesheet_temple_EARTH.png
24a541f1954f9484aadca7e728b777df,700863525252940799,temple_EARTH_167,Assets/Sprites/Tilesets/5373_tilesheet_temple_EARTH.png
24a541f1954f9484aadca7e728b777df,-3195476417298603316,temple_EARTH_168,Assets/Sprites/Tilesets/5373_tilesheet_temple_EARTH.png
24a541f1954f9484aadca7e728b777df,-7858491299808530786,temple_EARTH_169,Assets/Sprites/Tilesets/5373_tilesheet_temple_EARTH.png
24a541f1954f9484aadca7e728b777df,1701854330767516314,temple_EARTH_170,Assets/Sprites/Tilesets/5373_tilesheet_temple_EARTH.png
24a541f1954f9484aadca7e728b777df,5932739100274104364,temple_EARTH_171,Assets/Sprites/Tilesets/5373_tilesheet_temple_EARTH.png
24a541f1954f9484aadca7e728b777df,-6467276799757248785,temple_EARTH_172,Assets/Sprites/Tilesets/5373_tilesheet_temple_EARTH.png
24a541f1954f9484aadca7e728b777df,-1300805632072158905,temple_EARTH_173,Assets/Sprites/Tilesets/5373_tilesheet_temple_EARTH.png
24a541f1954f9484aadca7e728b777df,605696201848019545,temple_EARTH_174,Assets/Sprites/Tilesets/5373_tilesheet_temple_EARTH.png
24a541f1954f9484aadca7e728b777df,-1724086907042617910,temple_EARTH_175,Assets/Sprites/Tilesets/5373_tilesheet_temple_EARTH.png
24a541f1954f9484aadca7e728b777df,8475284525710512774,temple_EARTH_176,Assets/Sprites/Tilesets/5373_tilesheet_temple_EARTH.png
24a541f1954f9484aadca7e728b777df,-3822713577358298166,temple_EARTH_177,Assets/Sprites/Tilesets/5373_tilesheet_temple_EARTH.png
24a541f1954f9484aadca7e728b777df,1768339233626080706,temple_EARTH_178,Assets/Sprites/Tilesets/5373_tilesheet_temple_EARTH.png
24a541f1954f9484aadca7e728b777df,-6841722765060534419,temple_EARTH_179,Assets/Sprites/Tilesets/5373_tilesheet_temple_EARTH.png
24a541f1954f9484aadca7e728b777df,-3493160027052846601,temple_EARTH_180,Assets/Sprites/Tilesets/5373_tilesheet_temple_EARTH.png
24a541f1954f9484aadca7e728b777df,-554438106920706084,temple_EARTH_181,Assets/Sprites/Tilesets/5373_tilesheet_temple_EARTH.png
24a541f1954f9484aadca7e728b777df,-5341870609494625678,temple_EARTH_182,Assets/Sprites/Tilesets/5373_tilesheet_temple_EARTH.png
24a541f1954f9484aadca7e728b777df,-8905662136806812126,temple_EARTH_183,Assets/Sprites/Tilesets/5373_tilesheet_temple_EARTH.png
24a541f1954f9484aadca7e728b777df,5281638212969618885,temple_EARTH_184,Assets/Sprites/Tilesets/5373_tilesheet_temple_EARTH.png
24a541f1954f9484aadca7e728b777df,-3150301486310352595,temple_EARTH_185,Assets/Sprites/Tilesets/5373_tilesheet_temple_EARTH.png
24a541f1954f9484aadca7e728b777df,-733222574896515085,temple_EARTH_186,Assets/Sprites/Tilesets/5373_tilesheet_temple_EARTH.png
24a541f1954f9484aadca7e728b777df,-3204314713441666975,temple_EARTH_187,Assets/Sprites/Tilesets/5373_tilesheet_temple_EARTH.png
24a541f1954f9484aadca7e728b777df,-8295142853972654705,temple_EARTH_188,Assets/Sprites/Tilesets/5373_tilesheet_temple_EARTH.png
24a541f1954f9484aadca7e728b777df,-1977760837791518271,temple_EARTH_189,Assets/Sprites/Tilesets/5373_tilesheet_temple_EARTH.png
24a541f1954f9484aadca7e728b777df,3739629566794811945,temple_EARTH_210,Assets/Sprites/Tilesets/5373_tilesheet_temple_EARTH.png
24a541f1954f9484aadca7e728b777df,312411451082320881,temple_EARTH_211,Assets/Sprites/Tilesets/5373_tilesheet_temple_EARTH.png
24a541f1954f9484aadca7e728b777df,7200636335243528347,temple_EARTH_212,Assets/Sprites/Tilesets/5373_tilesheet_temple_EARTH.png
24a541f1954f9484aadca7e728b777df,-3977800204531077332,temple_EARTH_213,Assets/Sprites/Tilesets/5373_tilesheet_temple_EARTH.png
24a541f1954f9484aadca7e728b777df,9018316408388942899,temple_EARTH_214,Assets/Sprites/Tilesets/5373_tilesheet_temple_EARTH.png
24a541f1954f9484aadca7e728b777df,-2570949691034005900,temple_EARTH_215,Assets/Sprites/Tilesets/5373_tilesheet_temple_EARTH.png
24a541f1954f9484aadca7e728b777df,2791595852367629972,temple_EARTH_216,Assets/Sprites/Tilesets/5373_tilesheet_temple_EARTH.png
24a541f1954f9484aadca7e728b777df,7560987481910819968,temple_EARTH_217,Assets/Sprites/Tilesets/5373_tilesheet_temple_EARTH.png
24a541f1954f9484aadca7e728b777df,8628016325019199391,temple_EARTH_218,Assets/Sprites/Tilesets/5373_tilesheet_temple_EARTH.png
24a541f1954f9484aadca7e728b777df,2294871103751515929,temple_EARTH_219,Assets/Sprites/Tilesets/5373_tilesheet_temple_EARTH.png
24a541f1954f9484aadca7e728b777df,-6167804180273747926,temple_EARTH_220,Assets/Sprites/Tilesets/5373_tilesheet_temple_EARTH.png
24a541f1954f9484aadca7e728b777df,863553802706296020,temple_EARTH_221,Assets/Sprites/Tilesets/5373_tilesheet_temple_EARTH.png
24a541f1954f9484aadca7e728b777df,-4227776513080790873,temple_EARTH_222,Assets/Sprites/Tilesets/5373_tilesheet_temple_EARTH.png
24a541f1954f9484aadca7e728b777df,-1126271621817865780,temple_EARTH_223,Assets/Sprites/Tilesets/5373_tilesheet_temple_EARTH.png
24a541f1954f9484aadca7e728b777df,7115231666849958538,temple_EARTH_224,Assets/Sprites/Tilesets/5373_tilesheet_temple_EARTH.png
24a541f1954f9484aadca7e728b777df,-2376931319762873690,temple_EARTH_225,Assets/Sprites/Tilesets/5373_tilesheet_temple_EARTH.png
24a541f1954f9484aadca7e728b777df,-609758178335434047,temple_EARTH_226,Assets/Sprites/Tilesets/5373_tilesheet_temple_EARTH.png
24a541f1954f9484aadca7e728b777df,-4405719728687186775,temple_EARTH_227,Assets/Sprites/Tilesets/5373_tilesheet_temple_EARTH.png
24a541f1954f9484aadca7e728b777df,6698147340294147897,temple_EARTH_228,Assets/Sprites/Tilesets/5373_tilesheet_temple_EARTH.png
24a541f1954f9484aadca7e728b777df,5365529030329516596,temple_EARTH_229,Assets/Sprites/Tilesets/5373_tilesheet_temple_EARTH.png
24a541f1954f9484aadca7e728b777df,8298471800516993061,temple_EARTH_230,Assets/Sprites/Tilesets/5373_tilesheet_temple_EARTH.png
24a541f1954f9484aadca7e728b777df,-7397664776066113000,temple_EARTH_231,Assets/Sprites/Tilesets/5373_tilesheet_temple_EARTH.png
24a541f1954f9484aadca7e728b777df,2482586323228808731,temple_EARTH_232,Assets/Sprites/Tilesets/5373_tilesheet_temple_EARTH.png
24a541f1954f9484aadca7e728b777df,1994940757356745112,temple_EARTH_233,Assets/Sprites/Tilesets/5373_tilesheet_temple_EARTH.png
24a541f1954f9484aadca7e728b777df,-1078203913016493803,temple_EARTH_234,Assets/Sprites/Tilesets/5373_tilesheet_temple_EARTH.png
24a541f1954f9484aadca7e728b777df,-6752338200585653871,temple_EARTH_235,Assets/Sprites/Tilesets/5373_tilesheet_temple_EARTH.png
24a541f1954f9484aadca7e728b777df,8127992217002793755,temple_EARTH_236,Assets/Sprites/Tilesets/5373_tilesheet_temple_EARTH.png
24a541f1954f9484aadca7e728b777df,-4101432685032244580,temple_EARTH_237,Assets/Sprites/Tilesets/5373_tilesheet_temple_EARTH.png
24a541f1954f9484aadca7e728b777df,8265415928279550358,temple_EARTH_238,Assets/Sprites/Tilesets/5373_tilesheet_temple_EARTH.png
24a541f1954f9484aadca7e728b777df,-6674396443900270943,temple_EARTH_239,Assets/Sprites/Tilesets/5373_tilesheet_temple_EARTH.png
24a541f1954f9484aadca7e728b777df,-5126770328913247271,temple_EARTH_310,Assets/Sprites/Tilesets/5373_tilesheet_temple_EARTH.png
24a541f1954f9484aadca7e728b777df,7946168081469297458,temple_EARTH_311,Assets/Sprites/Tilesets/5373_tilesheet_temple_EARTH.png
24a541f1954f9484aadca7e728b777df,2717723488615757018,temple_EARTH_320,Assets/Sprites/Tilesets/5373_tilesheet_temple_EARTH.png
24a541f1954f9484aadca7e728b777df,-5202534442311399235,temple_EARTH_321,Assets/Sprites/Tilesets/5373_tilesheet_temple_EARTH.png
24a541f1954f9484aadca7e728b777df,-201460538643699791,temple_EARTH_lava,Assets/Sprites/Tilesets/5373_tilesheet_temple_EARTH.png
24a541f1954f9484aadca7e728b777df,-4400644427685314254,temple_EARTH_water,Assets/Sprites/Tilesets/5373_tilesheet_temple_EARTH.png
24a541f1954f9484aadca7e728b777df,7055374874864954388,temple_EARTH_water_background,Assets/Sprites/Tilesets/5373_tilesheet_temple_EARTH.png
24a541f1954f9484aadca7e728b777df,8283533273962829627,temple_EARTH_water_backwall,Assets/Sprites/Tilesets/5373_tilesheet_temple_EARTH.png
24a541f1954f9484aadca7e728b777df,4392170440827130783,temple_EARTH_waterfall,Assets/Sprites/Tilesets/5373_tilesheet_temple_EARTH.png
f25f159d712145746b4a6d9ae6ad5d59,-8655818156195654838,temple_DARK_dead_10,Assets/Sprites/Tilesets/5374_tilesheet_temple_DARK_dead.png
f25f159d712145746b4a6d9ae6ad5d59,6346318911325233748,temple_DARK_dead_11,Assets/Sprites/Tilesets/5374_tilesheet_temple_DARK_dead.png
f25f159d712145746b4a6d9ae6ad5d59,1840059084634729652,temple_DARK_dead_12,Assets/Sprites/Tilesets/5374_tilesheet_temple_DARK_dead.png
f25f159d712145746b4a6d9ae6ad5d59,1127223760459724062,temple_DARK_dead_13,Assets/Sprites/Tilesets/5374_tilesheet_temple_DARK_dead.png
f25f159d712145746b4a6d9ae6ad5d59,2450565909728410856,temple_DARK_dead_14,Assets/Sprites/Tilesets/5374_tilesheet_temple_DARK_dead.png
f25f159d712145746b4a6d9ae6ad5d59,-3165705482850905674,temple_DARK_dead_15,Assets/Sprites/Tilesets/5374_tilesheet_temple_DARK_dead.png
f25f159d712145746b4a6d9ae6ad5d59,-5774996654182199871,temple_DARK_dead_16,Assets/Sprites/Tilesets/5374_tilesheet_temple_DARK_dead.png
f25f159d712145746b4a6d9ae6ad5d59,4443897450750874535,temple_DARK_dead_17,Assets/Sprites/Tilesets/5374_tilesheet_temple_DARK_dead.png
f25f159d712145746b4a6d9ae6ad5d59,5661049957185019681,temple_DARK_dead_18,Assets/Sprites/Tilesets/5374_tilesheet_temple_DARK_dead.png
f25f159d712145746b4a6d9ae6ad5d59,8474981341611232960,temple_DARK_dead_19,Assets/Sprites/Tilesets/5374_tilesheet_temple_DARK_dead.png
f25f159d712145746b4a6d9ae6ad5d59,6836142153017594085,temple_DARK_dead_20,Assets/Sprites/Tilesets/5374_tilesheet_temple_DARK_dead.png
f25f159d712145746b4a6d9ae6ad5d59,2185498278340178504,temple_DARK_dead_21,Assets/Sprites/Tilesets/5374_tilesheet_temple_DARK_dead.png
f25f159d712145746b4a6d9ae6ad5d59,430984766625829748,temple_DARK_dead_22,Assets/Sprites/Tilesets/5374_tilesheet_temple_DARK_dead.png
f25f159d712145746b4a6d9ae6ad5d59,-1317986280940093683,temple_DARK_dead_23,Assets/Sprites/Tilesets/5374_tilesheet_temple_DARK_dead.png
f25f159d712145746b4a6d9ae6ad5d59,-8326724806951850010,temple_DARK_dead_24,Assets/Sprites/Tilesets/5374_tilesheet_temple_DARK_dead.png
f25f159d712145746b4a6d9ae6ad5d59,8914089594741642868,temple_DARK_dead_25,Assets/Sprites/Tilesets/5374_tilesheet_temple_DARK_dead.png
f25f159d712145746b4a6d9ae6ad5d59,276181914589855336,temple_DARK_dead_26,Assets/Sprites/Tilesets/5374_tilesheet_temple_DARK_dead.png
f25f159d712145746b4a6d9ae6ad5d59,588497054336764479,temple_DARK_dead_27,Assets/Sprites/Tilesets/5374_tilesheet_temple_DARK_dead.png
f25f159d712145746b4a6d9ae6ad5d59,-540048619370252142,temple_DARK_dead_28,Assets/Sprites/Tilesets/5374_tilesheet_temple_DARK_dead.png
f25f159d712145746b4a6d9ae6ad5d59,-3511060238418154924,temple_DARK_dead_29,Assets/Sprites/Tilesets/5374_tilesheet_temple_DARK_dead.png
f25f159d712145746b4a6d9ae6ad5d59,-6691012767228139306,temple_DARK_dead_30,Assets/Sprites/Tilesets/5374_tilesheet_temple_DARK_dead.png
f25f159d712145746b4a6d9ae6ad5d59,8251907811329543855,temple_DARK_dead_31,Assets/Sprites/Tilesets/5374_tilesheet_temple_DARK_dead.png
f25f159d712145746b4a6d9ae6ad5d59,2692228934559545928,temple_DARK_dead_110,Assets/Sprites/Tilesets/5374_tilesheet_temple_DARK_dead.png
f25f159d712145746b4a6d9ae6ad5d59,8694305388649107506,temple_DARK_dead_111,Assets/Sprites/Tilesets/5374_tilesheet_temple_DARK_dead.png
f25f159d712145746b4a6d9ae6ad5d59,-6908713535308251356,temple_DARK_dead_112,Assets/Sprites/Tilesets/5374_tilesheet_temple_DARK_dead.png
f25f159d712145746b4a6d9ae6ad5d59,-4129235289053152723,temple_DARK_dead_113,Assets/Sprites/Tilesets/5374_tilesheet_temple_DARK_dead.png
f25f159d712145746b4a6d9ae6ad5d59,-5468382029055465884,temple_DARK_dead_114,Assets/Sprites/Tilesets/5374_tilesheet_temple_DARK_dead.png
f25f159d712145746b4a6d9ae6ad5d59,6734684633657039821,temple_DARK_dead_115,Assets/Sprites/Tilesets/5374_tilesheet_temple_DARK_dead.png
f25f159d712145746b4a6d9ae6ad5d59,-5903299138629098404,temple_DARK_dead_116,Assets/Sprites/Tilesets/5374_tilesheet_temple_DARK_dead.png
f25f159d712145746b4a6d9ae6ad5d59,-6398567975934360271,temple_DARK_dead_117,Assets/Sprites/Tilesets/5374_tilesheet_temple_DARK_dead.png
f25f159d712145746b4a6d9ae6ad5d59,-8957284035257282584,temple_DARK_dead_118,Assets/Sprites/Tilesets/5374_tilesheet_temple_DARK_dead.png
f25f159d712145746b4a6d9ae6ad5d59,-9138037040227770232,temple_DARK_dead_119,Assets/Sprites/Tilesets/5374_tilesheet_temple_DARK_dead.png
f25f159d712145746b4a6d9ae6ad5d59,6287607311731213131,temple_DARK_dead_120,Assets/Sprites/Tilesets/5374_tilesheet_temple_DARK_dead.png
f25f159d712145746b4a6d9ae6ad5d59,2425639911146021689,temple_DARK_dead_121,Assets/Sprites/Tilesets/5374_tilesheet_temple_DARK_dead.png
f25f159d712145746b4a6d9ae6ad5d59,7293906268319233776,temple_DARK_dead_122,Assets/Sprites/Tilesets/5374_tilesheet_temple_DARK_dead.png
f25f159d712145746b4a6d9ae6ad5d59,9174235224718242758,temple_DARK_dead_123,Assets/Sprites/Tilesets/5374_tilesheet_temple_DARK_dead.png
f25f159d712145746b4a6d9ae6ad5d59,6312037128003990989,temple_DARK_dead_124,Assets/Sprites/Tilesets/5374_tilesheet_temple_DARK_dead.png
f25f159d712145746b4a6d9ae6ad5d59,-3713311849071092161,temple_DARK_dead_125,Assets/Sprites/Tilesets/5374_tilesheet_temple_DARK_dead.png
f25f159d712145746b4a6d9ae6ad5d59,3685152125961464965,temple_DARK_dead_126,Assets/Sprites/Tilesets/5374_tilesheet_temple_DARK_dead.png
f25f159d712145746b4a6d9ae6ad5d59,3021946288986219864,temple_DARK_dead_127,Assets/Sprites/Tilesets/5374_tilesheet_temple_DARK_dead.png
f25f159d712145746b4a6d9ae6ad5d59,821699465916322869,temple_DARK_dead_128,Assets/Sprites/Tilesets/5374_tilesheet_temple_DARK_dead.png
f25f159d712145746b4a6d9ae6ad5d59,-8735441677112475752,temple_DARK_dead_129,Assets/Sprites/Tilesets/5374_tilesheet_temple_DARK_dead.png
f25f159d712145746b4a6d9ae6ad5d59,162189906751378928,temple_DARK_dead_130,Assets/Sprites/Tilesets/5374_tilesheet_temple_DARK_dead.png
f25f159d712145746b4a6d9ae6ad5d59,2551518094793869659,temple_DARK_dead_131,Assets/Sprites/Tilesets/5374_tilesheet_temple_DARK_dead.png
f25f159d712145746b4a6d9ae6ad5d59,7564170298869451445,temple_DARK_dead_132,Assets/Sprites/Tilesets/5374_tilesheet_temple_DARK_dead.png
f25f159d712145746b4a6d9ae6ad5d59,-5763829074529255567,temple_DARK_dead_133,Assets/Sprites/Tilesets/5374_tilesheet_temple_DARK_dead.png
f25f159d712145746b4a6d9ae6ad5d59,1524157299721021891,temple_DARK_dead_134,Assets/Sprites/Tilesets/5374_tilesheet_temple_DARK_dead.png
f25f159d712145746b4a6d9ae6ad5d59,-1583898042935591190,temple_DARK_dead_135,Assets/Sprites/Tilesets/5374_tilesheet_temple_DARK_dead.png
f25f159d712145746b4a6d9ae6ad5d59,-3505167688332446886,temple_DARK_dead_136,Assets/Sprites/Tilesets/5374_tilesheet_temple_DARK_dead.png
f25f159d712145746b4a6d9ae6ad5d59,-6066770748219408245,temple_DARK_dead_137,Assets/Sprites/Tilesets/5374_tilesheet_temple_DARK_dead.png
f25f159d712145746b4a6d9ae6ad5d59,6489610241198286182,temple_DARK_dead_138,Assets/Sprites/Tilesets/5374_tilesheet_temple_DARK_dead.png
f25f159d712145746b4a6d9ae6ad5d59,1641813613071775055,temple_DARK_dead_139,Assets/Sprites/Tilesets/5374_tilesheet_temple_DARK_dead.png
f25f159d712145746b4a6d9ae6ad5d59,7026842539221975203,temple_DARK_dead_140,Assets/Sprites/Tilesets/5374_tilesheet_temple_DARK_dead.png
f25f159d712145746b4a6d9ae6ad5d59,-3558287319723886022,temple_DARK_dead_141,Assets/Sprites/Tilesets/5374_tilesheet_temple_DARK_dead.png
f25f159d712145746b4a6d9ae6ad5d59,-8344083640052678453,temple_DARK_dead_142,Assets/Sprites/Tilesets/5374_tilesheet_temple_DARK_dead.png
f25f159d712145746b4a6d9ae6ad5d59,246296347441123025,temple_DARK_dead_143,Assets/Sprites/Tilesets/5374_tilesheet_temple_DARK_dead.png
f25f159d712145746b4a6d9ae6ad5d59,183212007095979961,temple_DARK_dead_144,Assets/Sprites/Tilesets/5374_tilesheet_temple_DARK_dead.png
f25f159d712145746b4a6d9ae6ad5d59,-2406893295983391241,temple_DARK_dead_145,Assets/Sprites/Tilesets/5374_tilesheet_temple_DARK_dead.png
f25f159d712145746b4a6d9ae6ad5d59,8680213767338256587,temple_DARK_dead_146,Assets/Sprites/Tilesets/5374_tilesheet_temple_DARK_dead.png
f25f159d712145746b4a6d9ae6ad5d59,-3839419028077224407,temple_DARK_dead_147,Assets/Sprites/Tilesets/5374_tilesheet_temple_DARK_dead.png
f25f159d712145746b4a6d9ae6ad5d59,-9186735260187993544,temple_DARK_dead_148,Assets/Sprites/Tilesets/5374_tilesheet_temple_DARK_dead.png
f25f159d712145746b4a6d9ae6ad5d59,-9016710347682217852,temple_DARK_dead_149,Assets/Sprites/Tilesets/5374_tilesheet_temple_DARK_dead.png
f25f159d712145746b4a6d9ae6ad5d59,-3144590571393297090,temple_DARK_dead_150,Assets/Sprites/Tilesets/5374_tilesheet_temple_DARK_dead.png
f25f159d712145746b4a6d9ae6ad5d59,-1869248515973406079,temple_DARK_dead_151,Assets/Sprites/Tilesets/5374_tilesheet_temple_DARK_dead.png
f25f159d712145746b4a6d9ae6ad5d59,1462365499702293984,temple_DARK_dead_152,Assets/Sprites/Tilesets/5374_tilesheet_temple_DARK_dead.png
f25f159d712145746b4a6d9ae6ad5d59,3117608474565576089,temple_DARK_dead_153,Assets/Sprites/Tilesets/5374_tilesheet_temple_DARK_dead.png
f25f159d712145746b4a6d9ae6ad5d59,4193222730039741841,temple_DARK_dead_154,Assets/Sprites/Tilesets/5374_tilesheet_temple_DARK_dead.png
f25f159d712145746b4a6d9ae6ad5d59,-952682199232832059,temple_DARK_dead_155,Assets/Sprites/Tilesets/5374_tilesheet_temple_DARK_dead.png
f25f159d712145746b4a6d9ae6ad5d59,-3213984598705551438,temple_DARK_dead_156,Assets/Sprites/Tilesets/5374_tilesheet_temple_DARK_dead.png
f25f159d712145746b4a6d9ae6ad5d59,-5307506109448168031,temple_DARK_dead_157,Assets/Sprites/Tilesets/5374_tilesheet_temple_DARK_dead.png
f25f159d712145746b4a6d9ae6ad5d59,6489871585197885851,temple_DARK_dead_158,Assets/Sprites/Tilesets/5374_tilesheet_temple_DARK_dead.png
f25f159d712145746b4a6d9ae6ad5d59,-5410082502029113031,temple_DARK_dead_159,Assets/Sprites/Tilesets/5374_tilesheet_temple_DARK_dead.png
f25f159d712145746b4a6d9ae6ad5d59,-8373222136145620632,temple_DARK_dead_160,Assets/Sprites/Tilesets/5374_tilesheet_temple_DARK_dead.png
f25f159d712145746b4a6d9ae6ad5d59,-2115457103611978337,temple_DARK_dead_161,Assets/Sprites/Tilesets/5374_tilesheet_temple_DARK_dead.png
f25f159d712145746b4a6d9ae6ad5d59,-7035195994024675113,temple_DARK_dead_162,Assets/Sprites/Tilesets/5374_tilesheet_temple_DARK_dead.png
f25f159d712145746b4a6d9ae6ad5d59,-5079105962311074511,temple_DARK_dead_163,Assets/Sprites/Tilesets/5374_tilesheet_temple_DARK_dead.png
f25f159d712145746b4a6d9ae6ad5d59,2733946097252187821,temple_DARK_dead_164,Assets/Sprites/Tilesets/5374_tilesheet_temple_DARK_dead.png
f25f159d712145746b4a6d9ae6ad5d59,7161397670792433542,temple_DARK_dead_165,Assets/Sprites/Tilesets/5374_tilesheet_temple_DARK_dead.png
f25f159d712145746b4a6d9ae6ad5d59,-6848136828857868286,temple_DARK_dead_166,Assets/Sprites/Tilesets/5374_tilesheet_temple_DARK_dead.png
f25f159d712145746b4a6d9ae6ad5d59,700863525252940799,temple_DARK_dead_167,Assets/Sprites/Tilesets/5374_tilesheet_temple_DARK_dead.png
f25f159d712145746b4a6d9ae6ad5d59,-3195476417298603316,temple_DARK_dead_168,Assets/Sprites/Tilesets/5374_tilesheet_temple_DARK_dead.png
f25f159d712145746b4a6d9ae6ad5d59,-7858491299808530786,temple_DARK_dead_169,Assets/Sprites/Tilesets/5374_tilesheet_temple_DARK_dead.png
f25f159d712145746b4a6d9ae6ad5d59,1701854330767516314,temple_DARK_dead_170,Assets/Sprites/Tilesets/5374_tilesheet_temple_DARK_dead.png
f25f159d712145746b4a6d9ae6ad5d59,5932739100274104364,temple_DARK_dead_171,Assets/Sprites/Tilesets/5374_tilesheet_temple_DARK_dead.png
f25f159d712145746b4a6d9ae6ad5d59,-6467276799757248785,temple_DARK_dead_172,Assets/Sprites/Tilesets/5374_tilesheet_temple_DARK_dead.png
f25f159d712145746b4a6d9ae6ad5d59,-1300805632072158905,temple_DARK_dead_173,Assets/Sprites/Tilesets/5374_tilesheet_temple_DARK_dead.png
f25f159d712145746b4a6d9ae6ad5d59,605696201848019545,temple_DARK_dead_174,Assets/Sprites/Tilesets/5374_tilesheet_temple_DARK_dead.png
f25f159d712145746b4a6d9ae6ad5d59,-1724086907042617910,temple_DARK_dead_175,Assets/Sprites/Tilesets/5374_tilesheet_temple_DARK_dead.png
f25f159d712145746b4a6d9ae6ad5d59,8475284525710512774,temple_DARK_dead_176,Assets/Sprites/Tilesets/5374_tilesheet_temple_DARK_dead.png
f25f159d712145746b4a6d9ae6ad5d59,-3822713577358298166,temple_DARK_dead_177,Assets/Sprites/Tilesets/5374_tilesheet_temple_DARK_dead.png
f25f159d712145746b4a6d9ae6ad5d59,1768339233626080706,temple_DARK_dead_178,Assets/Sprites/Tilesets/5374_tilesheet_temple_DARK_dead.png
f25f159d712145746b4a6d9ae6ad5d59,-6841722765060534419,temple_DARK_dead_179,Assets/Sprites/Tilesets/5374_tilesheet_temple_DARK_dead.png
f25f159d712145746b4a6d9ae6ad5d59,-3493160027052846601,temple_DARK_dead_180,Assets/Sprites/Tilesets/5374_tilesheet_temple_DARK_dead.png
f25f159d712145746b4a6d9ae6ad5d59,-554438106920706084,temple_DARK_dead_181,Assets/Sprites/Tilesets/5374_tilesheet_temple_DARK_dead.png
f25f159d712145746b4a6d9ae6ad5d59,-5341870609494625678,temple_DARK_dead_182,Assets/Sprites/Tilesets/5374_tilesheet_temple_DARK_dead.png
f25f159d712145746b4a6d9ae6ad5d59,-8905662136806812126,temple_DARK_dead_183,Assets/Sprites/Tilesets/5374_tilesheet_temple_DARK_dead.png
f25f159d712145746b4a6d9ae6ad5d59,5281638212969618885,temple_DARK_dead_184,Assets/Sprites/Tilesets/5374_tilesheet_temple_DARK_dead.png
f25f159d712145746b4a6d9ae6ad5d59,-3150301486310352595,temple_DARK_dead_185,Assets/Sprites/Tilesets/5374_tilesheet_temple_DARK_dead.png
f25f159d712145746b4a6d9ae6ad5d59,-733222574896515085,temple_DARK_dead_186,Assets/Sprites/Tilesets/5374_tilesheet_temple_DARK_dead.png
f25f159d712145746b4a6d9ae6ad5d59,-3204314713441666975,temple_DARK_dead_187,Assets/Sprites/Tilesets/5374_tilesheet_temple_DARK_dead.png
f25f159d712145746b4a6d9ae6ad5d59,-8295142853972654705,temple_DARK_dead_188,Assets/Sprites/Tilesets/5374_tilesheet_temple_DARK_dead.png
f25f159d712145746b4a6d9ae6ad5d59,-1977760837791518271,temple_DARK_dead_189,Assets/Sprites/Tilesets/5374_tilesheet_temple_DARK_dead.png
f25f159d712145746b4a6d9ae6ad5d59,3739629566794811945,temple_DARK_dead_210,Assets/Sprites/Tilesets/5374_tilesheet_temple_DARK_dead.png
f25f159d712145746b4a6d9ae6ad5d59,312411451082320881,temple_DARK_dead_211,Assets/Sprites/Tilesets/5374_tilesheet_temple_DARK_dead.png
f25f159d712145746b4a6d9ae6ad5d59,7200636335243528347,temple_DARK_dead_212,Assets/Sprites/Tilesets/5374_tilesheet_temple_DARK_dead.png
f25f159d712145746b4a6d9ae6ad5d59,-3977800204531077332,temple_DARK_dead_213,Assets/Sprites/Tilesets/5374_tilesheet_temple_DARK_dead.png
f25f159d712145746b4a6d9ae6ad5d59,9018316408388942899,temple_DARK_dead_214,Assets/Sprites/Tilesets/5374_tilesheet_temple_DARK_dead.png
f25f159d712145746b4a6d9ae6ad5d59,-2570949691034005900,temple_DARK_dead_215,Assets/Sprites/Tilesets/5374_tilesheet_temple_DARK_dead.png
f25f159d712145746b4a6d9ae6ad5d59,2791595852367629972,temple_DARK_dead_216,Assets/Sprites/Tilesets/5374_tilesheet_temple_DARK_dead.png
f25f159d712145746b4a6d9ae6ad5d59,7560987481910819968,temple_DARK_dead_217,Assets/Sprites/Tilesets/5374_tilesheet_temple_DARK_dead.png
f25f159d712145746b4a6d9ae6ad5d59,8628016325019199391,temple_DARK_dead_218,Assets/Sprites/Tilesets/5374_tilesheet_temple_DARK_dead.png
f25f159d712145746b4a6d9ae6ad5d59,2294871103751515929,temple_DARK_dead_219,Assets/Sprites/Tilesets/5374_tilesheet_temple_DARK_dead.png
f25f159d712145746b4a6d9ae6ad5d59,-6167804180273747926,temple_DARK_dead_220,Assets/Sprites/Tilesets/5374_tilesheet_temple_DARK_dead.png
f25f159d712145746b4a6d9ae6ad5d59,863553802706296020,temple_DARK_dead_221,Assets/Sprites/Tilesets/5374_tilesheet_temple_DARK_dead.png
f25f159d712145746b4a6d9ae6ad5d59,-4227776513080790873,temple_DARK_dead_222,Assets/Sprites/Tilesets/5374_tilesheet_temple_DARK_dead.png
f25f159d712145746b4a6d9ae6ad5d59,-1126271621817865780,temple_DARK_dead_223,Assets/Sprites/Tilesets/5374_tilesheet_temple_DARK_dead.png
f25f159d712145746b4a6d9ae6ad5d59,7115231666849958538,temple_DARK_dead_224,Assets/Sprites/Tilesets/5374_tilesheet_temple_DARK_dead.png
f25f159d712145746b4a6d9ae6ad5d59,-2376931319762873690,temple_DARK_dead_225,Assets/Sprites/Tilesets/5374_tilesheet_temple_DARK_dead.png
f25f159d712145746b4a6d9ae6ad5d59,-609758178335434047,temple_DARK_dead_226,Assets/Sprites/Tilesets/5374_tilesheet_temple_DARK_dead.png
f25f159d712145746b4a6d9ae6ad5d59,-4405719728687186775,temple_DARK_dead_227,Assets/Sprites/Tilesets/5374_tilesheet_temple_DARK_dead.png
f25f159d712145746b4a6d9ae6ad5d59,6698147340294147897,temple_DARK_dead_228,Assets/Sprites/Tilesets/5374_tilesheet_temple_DARK_dead.png
f25f159d712145746b4a6d9ae6ad5d59,5365529030329516596,temple_DARK_dead_229,Assets/Sprites/Tilesets/5374_tilesheet_temple_DARK_dead.png
f25f159d712145746b4a6d9ae6ad5d59,8298471800516993061,temple_DARK_dead_230,Assets/Sprites/Tilesets/5374_tilesheet_temple_DARK_dead.png
f25f159d712145746b4a6d9ae6ad5d59,-7397664776066113000,temple_DARK_dead_231,Assets/Sprites/Tilesets/5374_tilesheet_temple_DARK_dead.png
f25f159d712145746b4a6d9ae6ad5d59,2482586323228808731,temple_DARK_dead_232,Assets/Sprites/Tilesets/5374_tilesheet_temple_DARK_dead.png
f25f159d712145746b4a6d9ae6ad5d59,1994940757356745112,temple_DARK_dead_233,Assets/Sprites/Tilesets/5374_tilesheet_temple_DARK_dead.png
f25f159d712145746b4a6d9ae6ad5d59,-1078203913016493803,temple_DARK_dead_234,Assets/Sprites/Tilesets/5374_tilesheet_temple_DARK_dead.png
f25f159d712145746b4a6d9ae6ad5d59,-6752338200585653871,temple_DARK_dead_235,Assets/Sprites/Tilesets/5374_tilesheet_temple_DARK_dead.png
f25f159d712145746b4a6d9ae6ad5d59,8127992217002793755,temple_DARK_dead_236,Assets/Sprites/Tilesets/5374_tilesheet_temple_DARK_dead.png
f25f159d712145746b4a6d9ae6ad5d59,-4101432685032244580,temple_DARK_dead_237,Assets/Sprites/Tilesets/5374_tilesheet_temple_DARK_dead.png
f25f159d712145746b4a6d9ae6ad5d59,8265415928279550358,temple_DARK_dead_238,Assets/Sprites/Tilesets/5374_tilesheet_temple_DARK_dead.png
f25f159d712145746b4a6d9ae6ad5d59,-6674396443900270943,temple_DARK_dead_239,Assets/Sprites/Tilesets/5374_tilesheet_temple_DARK_dead.png
f25f159d712145746b4a6d9ae6ad5d59,-5126770328913247271,temple_DARK_dead_310,Assets/Sprites/Tilesets/5374_tilesheet_temple_DARK_dead.png
f25f159d712145746b4a6d9ae6ad5d59,7946168081469297458,temple_DARK_dead_311,Assets/Sprites/Tilesets/5374_tilesheet_temple_DARK_dead.png
f25f159d712145746b4a6d9ae6ad5d59,2717723488615757018,temple_DARK_dead_320,Assets/Sprites/Tilesets/5374_tilesheet_temple_DARK_dead.png
f25f159d712145746b4a6d9ae6ad5d59,-5202534442311399235,temple_DARK_dead_321,Assets/Sprites/Tilesets/5374_tilesheet_temple_DARK_dead.png
f25f159d712145746b4a6d9ae6ad5d59,-201460538643699791,temple_DARK_dead_lava,Assets/Sprites/Tilesets/5374_tilesheet_temple_DARK_dead.png
f25f159d712145746b4a6d9ae6ad5d59,-4400644427685314254,temple_DARK_dead_water,Assets/Sprites/Tilesets/5374_tilesheet_temple_DARK_dead.png
f25f159d712145746b4a6d9ae6ad5d59,7055374874864954388,temple_DARK_dead_water_background,Assets/Sprites/Tilesets/5374_tilesheet_temple_DARK_dead.png
f25f159d712145746b4a6d9ae6ad5d59,8283533273962829627,temple_DARK_dead_water_backwall,Assets/Sprites/Tilesets/5374_tilesheet_temple_DARK_dead.png
f25f159d712145746b4a6d9ae6ad5d59,4392170440827130783,temple_DARK_dead_waterfall,Assets/Sprites/Tilesets/5374_tilesheet_temple_DARK_dead.png
3b27d12bc6060e449827ddfdeee4f8a2,-8655818156195654838,temple_DARK_10,Assets/Sprites/Tilesets/5375_tilesheet_temple_DARK.png
3b27d12bc6060e449827ddfdeee4f8a2,6346318911325233748,temple_DARK_11,Assets/Sprites/Tilesets/5375_tilesheet_temple_DARK.png
3b27d12bc6060e449827ddfdeee4f8a2,1840059084634729652,temple_DARK_12,Assets/Sprites/Tilesets/5375_tilesheet_temple_DARK.png
3b27d12bc6060e449827ddfdeee4f8a2,1127223760459724062,temple_DARK_13,Assets/Sprites/Tilesets/5375_tilesheet_temple_DARK.png
3b27d12bc6060e449827ddfdeee4f8a2,2450565909728410856,temple_DARK_14,Assets/Sprites/Tilesets/5375_tilesheet_temple_DARK.png
3b27d12bc6060e449827ddfdeee4f8a2,-3165705482850905674,temple_DARK_15,Assets/Sprites/Tilesets/5375_tilesheet_temple_DARK.png
3b27d12bc6060e449827ddfdeee4f8a2,-5774996654182199871,temple_DARK_16,Assets/Sprites/Tilesets/5375_tilesheet_temple_DARK.png
3b27d12bc6060e449827ddfdeee4f8a2,4443897450750874535,temple_DARK_17,Assets/Sprites/Tilesets/5375_tilesheet_temple_DARK.png
3b27d12bc6060e449827ddfdeee4f8a2,5661049957185019681,temple_DARK_18,Assets/Sprites/Tilesets/5375_tilesheet_temple_DARK.png
3b27d12bc6060e449827ddfdeee4f8a2,8474981341611232960,temple_DARK_19,Assets/Sprites/Tilesets/5375_tilesheet_temple_DARK.png
3b27d12bc6060e449827ddfdeee4f8a2,6836142153017594085,temple_DARK_20,Assets/Sprites/Tilesets/5375_tilesheet_temple_DARK.png
3b27d12bc6060e449827ddfdeee4f8a2,2185498278340178504,temple_DARK_21,Assets/Sprites/Tilesets/5375_tilesheet_temple_DARK.png
3b27d12bc6060e449827ddfdeee4f8a2,430984766625829748,temple_DARK_22,Assets/Sprites/Tilesets/5375_tilesheet_temple_DARK.png
3b27d12bc6060e449827ddfdeee4f8a2,-1317986280940093683,temple_DARK_23,Assets/Sprites/Tilesets/5375_tilesheet_temple_DARK.png
3b27d12bc6060e449827ddfdeee4f8a2,-8326724806951850010,temple_DARK_24,Assets/Sprites/Tilesets/5375_tilesheet_temple_DARK.png
3b27d12bc6060e449827ddfdeee4f8a2,8914089594741642868,temple_DARK_25,Assets/Sprites/Tilesets/5375_tilesheet_temple_DARK.png
3b27d12bc6060e449827ddfdeee4f8a2,276181914589855336,temple_DARK_26,Assets/Sprites/Tilesets/5375_tilesheet_temple_DARK.png
3b27d12bc6060e449827ddfdeee4f8a2,588497054336764479,temple_DARK_27,Assets/Sprites/Tilesets/5375_tilesheet_temple_DARK.png
3b27d12bc6060e449827ddfdeee4f8a2,-540048619370252142,temple_DARK_28,Assets/Sprites/Tilesets/5375_tilesheet_temple_DARK.png
3b27d12bc6060e449827ddfdeee4f8a2,-3511060238418154924,temple_DARK_29,Assets/Sprites/Tilesets/5375_tilesheet_temple_DARK.png
3b27d12bc6060e449827ddfdeee4f8a2,-6691012767228139306,temple_DARK_30,Assets/Sprites/Tilesets/5375_tilesheet_temple_DARK.png
3b27d12bc6060e449827ddfdeee4f8a2,8251907811329543855,temple_DARK_31,Assets/Sprites/Tilesets/5375_tilesheet_temple_DARK.png
3b27d12bc6060e449827ddfdeee4f8a2,2692228934559545928,temple_DARK_110,Assets/Sprites/Tilesets/5375_tilesheet_temple_DARK.png
3b27d12bc6060e449827ddfdeee4f8a2,8694305388649107506,temple_DARK_111,Assets/Sprites/Tilesets/5375_tilesheet_temple_DARK.png
3b27d12bc6060e449827ddfdeee4f8a2,-6908713535308251356,temple_DARK_112,Assets/Sprites/Tilesets/5375_tilesheet_temple_DARK.png
3b27d12bc6060e449827ddfdeee4f8a2,-4129235289053152723,temple_DARK_113,Assets/Sprites/Tilesets/5375_tilesheet_temple_DARK.png
3b27d12bc6060e449827ddfdeee4f8a2,-5468382029055465884,temple_DARK_114,Assets/Sprites/Tilesets/5375_tilesheet_temple_DARK.png
3b27d12bc6060e449827ddfdeee4f8a2,6734684633657039821,temple_DARK_115,Assets/Sprites/Tilesets/5375_tilesheet_temple_DARK.png
3b27d12bc6060e449827ddfdeee4f8a2,-5903299138629098404,temple_DARK_116,Assets/Sprites/Tilesets/5375_tilesheet_temple_DARK.png
3b27d12bc6060e449827ddfdeee4f8a2,-6398567975934360271,temple_DARK_117,Assets/Sprites/Tilesets/5375_tilesheet_temple_DARK.png
3b27d12bc6060e449827ddfdeee4f8a2,-8957284035257282584,temple_DARK_118,Assets/Sprites/Tilesets/5375_tilesheet_temple_DARK.png
3b27d12bc6060e449827ddfdeee4f8a2,-9138037040227770232,temple_DARK_119,Assets/Sprites/Tilesets/5375_tilesheet_temple_DARK.png
3b27d12bc6060e449827ddfdeee4f8a2,6287607311731213131,temple_DARK_120,Assets/Sprites/Tilesets/5375_tilesheet_temple_DARK.png
3b27d12bc6060e449827ddfdeee4f8a2,2425639911146021689,temple_DARK_121,Assets/Sprites/Tilesets/5375_tilesheet_temple_DARK.png
3b27d12bc6060e449827ddfdeee4f8a2,7293906268319233776,temple_DARK_122,Assets/Sprites/Tilesets/5375_tilesheet_temple_DARK.png
3b27d12bc6060e449827ddfdeee4f8a2,9174235224718242758,temple_DARK_123,Assets/Sprites/Tilesets/5375_tilesheet_temple_DARK.png
3b27d12bc6060e449827ddfdeee4f8a2,6312037128003990989,temple_DARK_124,Assets/Sprites/Tilesets/5375_tilesheet_temple_DARK.png
3b27d12bc6060e449827ddfdeee4f8a2,-3713311849071092161,temple_DARK_125,Assets/Sprites/Tilesets/5375_tilesheet_temple_DARK.png
3b27d12bc6060e449827ddfdeee4f8a2,3685152125961464965,temple_DARK_126,Assets/Sprites/Tilesets/5375_tilesheet_temple_DARK.png
3b27d12bc6060e449827ddfdeee4f8a2,3021946288986219864,temple_DARK_127,Assets/Sprites/Tilesets/5375_tilesheet_temple_DARK.png
3b27d12bc6060e449827ddfdeee4f8a2,821699465916322869,temple_DARK_128,Assets/Sprites/Tilesets/5375_tilesheet_temple_DARK.png
3b27d12bc6060e449827ddfdeee4f8a2,-8735441677112475752,temple_DARK_129,Assets/Sprites/Tilesets/5375_tilesheet_temple_DARK.png
3b27d12bc6060e449827ddfdeee4f8a2,162189906751378928,temple_DARK_130,Assets/Sprites/Tilesets/5375_tilesheet_temple_DARK.png
3b27d12bc6060e449827ddfdeee4f8a2,2551518094793869659,temple_DARK_131,Assets/Sprites/Tilesets/5375_tilesheet_temple_DARK.png
3b27d12bc6060e449827ddfdeee4f8a2,7564170298869451445,temple_DARK_132,Assets/Sprites/Tilesets/5375_tilesheet_temple_DARK.png
3b27d12bc6060e449827ddfdeee4f8a2,-5763829074529255567,temple_DARK_133,Assets/Sprites/Tilesets/5375_tilesheet_temple_DARK.png
3b27d12bc6060e449827ddfdeee4f8a2,1524157299721021891,temple_DARK_134,Assets/Sprites/Tilesets/5375_tilesheet_temple_DARK.png
3b27d12bc6060e449827ddfdeee4f8a2,-1583898042935591190,temple_DARK_135,Assets/Sprites/Tilesets/5375_tilesheet_temple_DARK.png
3b27d12bc6060e449827ddfdeee4f8a2,-3505167688332446886,temple_DARK_136,Assets/Sprites/Tilesets/5375_tilesheet_temple_DARK.png
3b27d12bc6060e449827ddfdeee4f8a2,-6066770748219408245,temple_DARK_137,Assets/Sprites/Tilesets/5375_tilesheet_temple_DARK.png
3b27d12bc6060e449827ddfdeee4f8a2,6489610241198286182,temple_DARK_138,Assets/Sprites/Tilesets/5375_tilesheet_temple_DARK.png
3b27d12bc6060e449827ddfdeee4f8a2,1641813613071775055,temple_DARK_139,Assets/Sprites/Tilesets/5375_tilesheet_temple_DARK.png
3b27d12bc6060e449827ddfdeee4f8a2,7026842539221975203,temple_DARK_140,Assets/Sprites/Tilesets/5375_tilesheet_temple_DARK.png
3b27d12bc6060e449827ddfdeee4f8a2,-3558287319723886022,temple_DARK_141,Assets/Sprites/Tilesets/5375_tilesheet_temple_DARK.png
3b27d12bc6060e449827ddfdeee4f8a2,-8344083640052678453,temple_DARK_142,Assets/Sprites/Tilesets/5375_tilesheet_temple_DARK.png
3b27d12bc6060e449827ddfdeee4f8a2,246296347441123025,temple_DARK_143,Assets/Sprites/Tilesets/5375_tilesheet_temple_DARK.png
3b27d12bc6060e449827ddfdeee4f8a2,183212007095979961,temple_DARK_144,Assets/Sprites/Tilesets/5375_tilesheet_temple_DARK.png
3b27d12bc6060e449827ddfdeee4f8a2,-2406893295983391241,temple_DARK_145,Assets/Sprites/Tilesets/5375_tilesheet_temple_DARK.png
3b27d12bc6060e449827ddfdeee4f8a2,8680213767338256587,temple_DARK_146,Assets/Sprites/Tilesets/5375_tilesheet_temple_DARK.png
3b27d12bc6060e449827ddfdeee4f8a2,-3839419028077224407,temple_DARK_147,Assets/Sprites/Tilesets/5375_tilesheet_temple_DARK.png
3b27d12bc6060e449827ddfdeee4f8a2,-9186735260187993544,temple_DARK_148,Assets/Sprites/Tilesets/5375_tilesheet_temple_DARK.png
3b27d12bc6060e449827ddfdeee4f8a2,-9016710347682217852,temple_DARK_149,Assets/Sprites/Tilesets/5375_tilesheet_temple_DARK.png
3b27d12bc6060e449827ddfdeee4f8a2,-3144590571393297090,temple_DARK_150,Assets/Sprites/Tilesets/5375_tilesheet_temple_DARK.png
3b27d12bc6060e449827ddfdeee4f8a2,-1869248515973406079,temple_DARK_151,Assets/Sprites/Tilesets/5375_tilesheet_temple_DARK.png
3b27d12bc6060e449827ddfdeee4f8a2,1462365499702293984,temple_DARK_152,Assets/Sprites/Tilesets/5375_tilesheet_temple_DARK.png
3b27d12bc6060e449827ddfdeee4f8a2,3117608474565576089,temple_DARK_153,Assets/Sprites/Tilesets/5375_tilesheet_temple_DARK.png
3b27d12bc6060e449827ddfdeee4f8a2,4193222730039741841,temple_DARK_154,Assets/Sprites/Tilesets/5375_tilesheet_temple_DARK.png
3b27d12bc6060e449827ddfdeee4f8a2,-952682199232832059,temple_DARK_155,Assets/Sprites/Tilesets/5375_tilesheet_temple_DARK.png
3b27d12bc6060e449827ddfdeee4f8a2,-3213984598705551438,temple_DARK_156,Assets/Sprites/Tilesets/5375_tilesheet_temple_DARK.png
3b27d12bc6060e449827ddfdeee4f8a2,-5307506109448168031,temple_DARK_157,Assets/Sprites/Tilesets/5375_tilesheet_temple_DARK.png
3b27d12bc6060e449827ddfdeee4f8a2,6489871585197885851,temple_DARK_158,Assets/Sprites/Tilesets/5375_tilesheet_temple_DARK.png
3b27d12bc6060e449827ddfdeee4f8a2,-5410082502029113031,temple_DARK_159,Assets/Sprites/Tilesets/5375_tilesheet_temple_DARK.png
3b27d12bc6060e449827ddfdeee4f8a2,-8373222136145620632,temple_DARK_160,Assets/Sprites/Tilesets/5375_tilesheet_temple_DARK.png
3b27d12bc6060e449827ddfdeee4f8a2,-2115457103611978337,temple_DARK_161,Assets/Sprites/Tilesets/5375_tilesheet_temple_DARK.png
3b27d12bc6060e449827ddfdeee4f8a2,-7035195994024675113,temple_DARK_162,Assets/Sprites/Tilesets/5375_tilesheet_temple_DARK.png
3b27d12bc6060e449827ddfdeee4f8a2,-5079105962311074511,temple_DARK_163,Assets/Sprites/Tilesets/5375_tilesheet_temple_DARK.png
3b27d12bc6060e449827ddfdeee4f8a2,2733946097252187821,temple_DARK_164,Assets/Sprites/Tilesets/5375_tilesheet_temple_DARK.png
3b27d12bc6060e449827ddfdeee4f8a2,7161397670792433542,temple_DARK_165,Assets/Sprites/Tilesets/5375_tilesheet_temple_DARK.png
3b27d12bc6060e449827ddfdeee4f8a2,-6848136828857868286,temple_DARK_166,Assets/Sprites/Tilesets/5375_tilesheet_temple_DARK.png
3b27d12bc6060e449827ddfdeee4f8a2,700863525252940799,temple_DARK_167,Assets/Sprites/Tilesets/5375_tilesheet_temple_DARK.png
3b27d12bc6060e449827ddfdeee4f8a2,-3195476417298603316,temple_DARK_168,Assets/Sprites/Tilesets/5375_tilesheet_temple_DARK.png
3b27d12bc6060e449827ddfdeee4f8a2,-7858491299808530786,temple_DARK_169,Assets/Sprites/Tilesets/5375_tilesheet_temple_DARK.png
3b27d12bc6060e449827ddfdeee4f8a2,1701854330767516314,temple_DARK_170,Assets/Sprites/Tilesets/5375_tilesheet_temple_DARK.png
3b27d12bc6060e449827ddfdeee4f8a2,5932739100274104364,temple_DARK_171,Assets/Sprites/Tilesets/5375_tilesheet_temple_DARK.png
3b27d12bc6060e449827ddfdeee4f8a2,-6467276799757248785,temple_DARK_172,Assets/Sprites/Tilesets/5375_tilesheet_temple_DARK.png
3b27d12bc6060e449827ddfdeee4f8a2,-1300805632072158905,temple_DARK_173,Assets/Sprites/Tilesets/5375_tilesheet_temple_DARK.png
3b27d12bc6060e449827ddfdeee4f8a2,605696201848019545,temple_DARK_174,Assets/Sprites/Tilesets/5375_tilesheet_temple_DARK.png
3b27d12bc6060e449827ddfdeee4f8a2,-1724086907042617910,temple_DARK_175,Assets/Sprites/Tilesets/5375_tilesheet_temple_DARK.png
3b27d12bc6060e449827ddfdeee4f8a2,8475284525710512774,temple_DARK_176,Assets/Sprites/Tilesets/5375_tilesheet_temple_DARK.png
3b27d12bc6060e449827ddfdeee4f8a2,-3822713577358298166,temple_DARK_177,Assets/Sprites/Tilesets/5375_tilesheet_temple_DARK.png
3b27d12bc6060e449827ddfdeee4f8a2,1768339233626080706,temple_DARK_178,Assets/Sprites/Tilesets/5375_tilesheet_temple_DARK.png
3b27d12bc6060e449827ddfdeee4f8a2,-6841722765060534419,temple_DARK_179,Assets/Sprites/Tilesets/5375_tilesheet_temple_DARK.png
3b27d12bc6060e449827ddfdeee4f8a2,-3493160027052846601,temple_DARK_180,Assets/Sprites/Tilesets/5375_tilesheet_temple_DARK.png
3b27d12bc6060e449827ddfdeee4f8a2,-554438106920706084,temple_DARK_181,Assets/Sprites/Tilesets/5375_tilesheet_temple_DARK.png
3b27d12bc6060e449827ddfdeee4f8a2,-5341870609494625678,temple_DARK_182,Assets/Sprites/Tilesets/5375_tilesheet_temple_DARK.png
3b27d12bc6060e449827ddfdeee4f8a2,-8905662136806812126,temple_DARK_183,Assets/Sprites/Tilesets/5375_tilesheet_temple_DARK.png
3b27d12bc6060e449827ddfdeee4f8a2,5281638212969618885,temple_DARK_184,Assets/Sprites/Tilesets/5375_tilesheet_temple_DARK.png
3b27d12bc6060e449827ddfdeee4f8a2,-3150301486310352595,temple_DARK_185,Assets/Sprites/Tilesets/5375_tilesheet_temple_DARK.png
3b27d12bc6060e449827ddfdeee4f8a2,-733222574896515085,temple_DARK_186,Assets/Sprites/Tilesets/5375_tilesheet_temple_DARK.png
3b27d12bc6060e449827ddfdeee4f8a2,-3204314713441666975,temple_DARK_187,Assets/Sprites/Tilesets/5375_tilesheet_temple_DARK.png
3b27d12bc6060e449827ddfdeee4f8a2,-8295142853972654705,temple_DARK_188,Assets/Sprites/Tilesets/5375_tilesheet_temple_DARK.png
3b27d12bc6060e449827ddfdeee4f8a2,-1977760837791518271,temple_DARK_189,Assets/Sprites/Tilesets/5375_tilesheet_temple_DARK.png
3b27d12bc6060e449827ddfdeee4f8a2,3739629566794811945,temple_DARK_210,Assets/Sprites/Tilesets/5375_tilesheet_temple_DARK.png
3b27d12bc6060e449827ddfdeee4f8a2,312411451082320881,temple_DARK_211,Assets/Sprites/Tilesets/5375_tilesheet_temple_DARK.png
3b27d12bc6060e449827ddfdeee4f8a2,7200636335243528347,temple_DARK_212,Assets/Sprites/Tilesets/5375_tilesheet_temple_DARK.png
3b27d12bc6060e449827ddfdeee4f8a2,-3977800204531077332,temple_DARK_213,Assets/Sprites/Tilesets/5375_tilesheet_temple_DARK.png
3b27d12bc6060e449827ddfdeee4f8a2,9018316408388942899,temple_DARK_214,Assets/Sprites/Tilesets/5375_tilesheet_temple_DARK.png
3b27d12bc6060e449827ddfdeee4f8a2,-2570949691034005900,temple_DARK_215,Assets/Sprites/Tilesets/5375_tilesheet_temple_DARK.png
3b27d12bc6060e449827ddfdeee4f8a2,2791595852367629972,temple_DARK_216,Assets/Sprites/Tilesets/5375_tilesheet_temple_DARK.png
3b27d12bc6060e449827ddfdeee4f8a2,7560987481910819968,temple_DARK_217,Assets/Sprites/Tilesets/5375_tilesheet_temple_DARK.png
3b27d12bc6060e449827ddfdeee4f8a2,8628016325019199391,temple_DARK_218,Assets/Sprites/Tilesets/5375_tilesheet_temple_DARK.png
3b27d12bc6060e449827ddfdeee4f8a2,2294871103751515929,temple_DARK_219,Assets/Sprites/Tilesets/5375_tilesheet_temple_DARK.png
3b27d12bc6060e449827ddfdeee4f8a2,-6167804180273747926,temple_DARK_220,Assets/Sprites/Tilesets/5375_tilesheet_temple_DARK.png
3b27d12bc6060e449827ddfdeee4f8a2,863553802706296020,temple_DARK_221,Assets/Sprites/Tilesets/5375_tilesheet_temple_DARK.png
3b27d12bc6060e449827ddfdeee4f8a2,-4227776513080790873,temple_DARK_222,Assets/Sprites/Tilesets/5375_tilesheet_temple_DARK.png
3b27d12bc6060e449827ddfdeee4f8a2,-1126271621817865780,temple_DARK_223,Assets/Sprites/Tilesets/5375_tilesheet_temple_DARK.png
3b27d12bc6060e449827ddfdeee4f8a2,7115231666849958538,temple_DARK_224,Assets/Sprites/Tilesets/5375_tilesheet_temple_DARK.png
3b27d12bc6060e449827ddfdeee4f8a2,-2376931319762873690,temple_DARK_225,Assets/Sprites/Tilesets/5375_tilesheet_temple_DARK.png
3b27d12bc6060e449827ddfdeee4f8a2,-609758178335434047,temple_DARK_226,Assets/Sprites/Tilesets/5375_tilesheet_temple_DARK.png
3b27d12bc6060e449827ddfdeee4f8a2,-4405719728687186775,temple_DARK_227,Assets/Sprites/Tilesets/5375_tilesheet_temple_DARK.png
3b27d12bc6060e449827ddfdeee4f8a2,6698147340294147897,temple_DARK_228,Assets/Sprites/Tilesets/5375_tilesheet_temple_DARK.png
3b27d12bc6060e449827ddfdeee4f8a2,5365529030329516596,temple_DARK_229,Assets/Sprites/Tilesets/5375_tilesheet_temple_DARK.png
3b27d12bc6060e449827ddfdeee4f8a2,8298471800516993061,temple_DARK_230,Assets/Sprites/Tilesets/5375_tilesheet_temple_DARK.png
3b27d12bc6060e449827ddfdeee4f8a2,-7397664776066113000,temple_DARK_231,Assets/Sprites/Tilesets/5375_tilesheet_temple_DARK.png
3b27d12bc6060e449827ddfdeee4f8a2,2482586323228808731,temple_DARK_232,Assets/Sprites/Tilesets/5375_tilesheet_temple_DARK.png
3b27d12bc6060e449827ddfdeee4f8a2,1994940757356745112,temple_DARK_233,Assets/Sprites/Tilesets/5375_tilesheet_temple_DARK.png
3b27d12bc6060e449827ddfdeee4f8a2,-1078203913016493803,temple_DARK_234,Assets/Sprites/Tilesets/5375_tilesheet_temple_DARK.png
3b27d12bc6060e449827ddfdeee4f8a2,-6752338200585653871,temple_DARK_235,Assets/Sprites/Tilesets/5375_tilesheet_temple_DARK.png
3b27d12bc6060e449827ddfdeee4f8a2,8127992217002793755,temple_DARK_236,Assets/Sprites/Tilesets/5375_tilesheet_temple_DARK.png
3b27d12bc6060e449827ddfdeee4f8a2,-4101432685032244580,temple_DARK_237,Assets/Sprites/Tilesets/5375_tilesheet_temple_DARK.png
3b27d12bc6060e449827ddfdeee4f8a2,8265415928279550358,temple_DARK_238,Assets/Sprites/Tilesets/5375_tilesheet_temple_DARK.png
3b27d12bc6060e449827ddfdeee4f8a2,-6674396443900270943,temple_DARK_239,Assets/Sprites/Tilesets/5375_tilesheet_temple_DARK.png
3b27d12bc6060e449827ddfdeee4f8a2,-5126770328913247271,temple_DARK_310,Assets/Sprites/Tilesets/5375_tilesheet_temple_DARK.png
3b27d12bc6060e449827ddfdeee4f8a2,7946168081469297458,temple_DARK_311,Assets/Sprites/Tilesets/5375_tilesheet_temple_DARK.png
3b27d12bc6060e449827ddfdeee4f8a2,2717723488615757018,temple_DARK_320,Assets/Sprites/Tilesets/5375_tilesheet_temple_DARK.png
3b27d12bc6060e449827ddfdeee4f8a2,-5202534442311399235,temple_DARK_321,Assets/Sprites/Tilesets/5375_tilesheet_temple_DARK.png
3b27d12bc6060e449827ddfdeee4f8a2,-201460538643699791,temple_DARK_lava,Assets/Sprites/Tilesets/5375_tilesheet_temple_DARK.png
3b27d12bc6060e449827ddfdeee4f8a2,-4400644427685314254,temple_DARK_water,Assets/Sprites/Tilesets/5375_tilesheet_temple_DARK.png
3b27d12bc6060e449827ddfdeee4f8a2,7055374874864954388,temple_DARK_water_background,Assets/Sprites/Tilesets/5375_tilesheet_temple_DARK.png
3b27d12bc6060e449827ddfdeee4f8a2,8283533273962829627,temple_DARK_water_backwall,Assets/Sprites/Tilesets/5375_tilesheet_temple_DARK.png
3b27d12bc6060e449827ddfdeee4f8a2,4392170440827130783,temple_DARK_waterfall,Assets/Sprites/Tilesets/5375_tilesheet_temple_DARK.png
57a7cb65cfd64154c81813d10cba02c0,-8655818156195654838,suntemple_10,Assets/Sprites/Tilesets/5376_tilesheet_suntemple.png
57a7cb65cfd64154c81813d10cba02c0,6346318911325233748,suntemple_11,Assets/Sprites/Tilesets/5376_tilesheet_suntemple.png
57a7cb65cfd64154c81813d10cba02c0,1840059084634729652,suntemple_12,Assets/Sprites/Tilesets/5376_tilesheet_suntemple.png
57a7cb65cfd64154c81813d10cba02c0,1127223760459724062,suntemple_13,Assets/Sprites/Tilesets/5376_tilesheet_suntemple.png
57a7cb65cfd64154c81813d10cba02c0,2450565909728410856,suntemple_14,Assets/Sprites/Tilesets/5376_tilesheet_suntemple.png
57a7cb65cfd64154c81813d10cba02c0,-3165705482850905674,suntemple_15,Assets/Sprites/Tilesets/5376_tilesheet_suntemple.png
57a7cb65cfd64154c81813d10cba02c0,-5774996654182199871,suntemple_16,Assets/Sprites/Tilesets/5376_tilesheet_suntemple.png
57a7cb65cfd64154c81813d10cba02c0,4443897450750874535,suntemple_17,Assets/Sprites/Tilesets/5376_tilesheet_suntemple.png
57a7cb65cfd64154c81813d10cba02c0,5661049957185019681,suntemple_18,Assets/Sprites/Tilesets/5376_tilesheet_suntemple.png
57a7cb65cfd64154c81813d10cba02c0,8474981341611232960,suntemple_19,Assets/Sprites/Tilesets/5376_tilesheet_suntemple.png
57a7cb65cfd64154c81813d10cba02c0,6836142153017594085,suntemple_20,Assets/Sprites/Tilesets/5376_tilesheet_suntemple.png
57a7cb65cfd64154c81813d10cba02c0,2185498278340178504,suntemple_21,Assets/Sprites/Tilesets/5376_tilesheet_suntemple.png
57a7cb65cfd64154c81813d10cba02c0,430984766625829748,suntemple_22,Assets/Sprites/Tilesets/5376_tilesheet_suntemple.png
57a7cb65cfd64154c81813d10cba02c0,-1317986280940093683,suntemple_23,Assets/Sprites/Tilesets/5376_tilesheet_suntemple.png
57a7cb65cfd64154c81813d10cba02c0,-8326724806951850010,suntemple_24,Assets/Sprites/Tilesets/5376_tilesheet_suntemple.png
57a7cb65cfd64154c81813d10cba02c0,8914089594741642868,suntemple_25,Assets/Sprites/Tilesets/5376_tilesheet_suntemple.png
57a7cb65cfd64154c81813d10cba02c0,276181914589855336,suntemple_26,Assets/Sprites/Tilesets/5376_tilesheet_suntemple.png
57a7cb65cfd64154c81813d10cba02c0,588497054336764479,suntemple_27,Assets/Sprites/Tilesets/5376_tilesheet_suntemple.png
57a7cb65cfd64154c81813d10cba02c0,-540048619370252142,suntemple_28,Assets/Sprites/Tilesets/5376_tilesheet_suntemple.png
57a7cb65cfd64154c81813d10cba02c0,-3511060238418154924,suntemple_29,Assets/Sprites/Tilesets/5376_tilesheet_suntemple.png
57a7cb65cfd64154c81813d10cba02c0,-6691012767228139306,suntemple_30,Assets/Sprites/Tilesets/5376_tilesheet_suntemple.png
57a7cb65cfd64154c81813d10cba02c0,8251907811329543855,suntemple_31,Assets/Sprites/Tilesets/5376_tilesheet_suntemple.png
57a7cb65cfd64154c81813d10cba02c0,-8946788012438720712,suntemple_32,Assets/Sprites/Tilesets/5376_tilesheet_suntemple.png
57a7cb65cfd64154c81813d10cba02c0,-3538851436377425636,suntemple_33,Assets/Sprites/Tilesets/5376_tilesheet_suntemple.png
57a7cb65cfd64154c81813d10cba02c0,5837620518785745679,suntemple_34,Assets/Sprites/Tilesets/5376_tilesheet_suntemple.png
57a7cb65cfd64154c81813d10cba02c0,735763825654373507,suntemple_35,Assets/Sprites/Tilesets/5376_tilesheet_suntemple.png
57a7cb65cfd64154c81813d10cba02c0,-6766607325196344940,suntemple_36,Assets/Sprites/Tilesets/5376_tilesheet_suntemple.png
57a7cb65cfd64154c81813d10cba02c0,7123294266852565953,suntemple_37,Assets/Sprites/Tilesets/5376_tilesheet_suntemple.png
57a7cb65cfd64154c81813d10cba02c0,1812952166184403864,suntemple_38,Assets/Sprites/Tilesets/5376_tilesheet_suntemple.png
57a7cb65cfd64154c81813d10cba02c0,765628930423093814,suntemple_39,Assets/Sprites/Tilesets/5376_tilesheet_suntemple.png
57a7cb65cfd64154c81813d10cba02c0,2692228934559545928,suntemple_110,Assets/Sprites/Tilesets/5376_tilesheet_suntemple.png
57a7cb65cfd64154c81813d10cba02c0,8694305388649107506,suntemple_111,Assets/Sprites/Tilesets/5376_tilesheet_suntemple.png
57a7cb65cfd64154c81813d10cba02c0,-6908713535308251356,suntemple_112,Assets/Sprites/Tilesets/5376_tilesheet_suntemple.png
57a7cb65cfd64154c81813d10cba02c0,-4129235289053152723,suntemple_113,Assets/Sprites/Tilesets/5376_tilesheet_suntemple.png
57a7cb65cfd64154c81813d10cba02c0,-5468382029055465884,suntemple_114,Assets/Sprites/Tilesets/5376_tilesheet_suntemple.png
57a7cb65cfd64154c81813d10cba02c0,6734684633657039821,suntemple_115,Assets/Sprites/Tilesets/5376_tilesheet_suntemple.png
57a7cb65cfd64154c81813d10cba02c0,-5903299138629098404,suntemple_116,Assets/Sprites/Tilesets/5376_tilesheet_suntemple.png
57a7cb65cfd64154c81813d10cba02c0,-6398567975934360271,suntemple_117,Assets/Sprites/Tilesets/5376_tilesheet_suntemple.png
57a7cb65cfd64154c81813d10cba02c0,-8957284035257282584,suntemple_118,Assets/Sprites/Tilesets/5376_tilesheet_suntemple.png
57a7cb65cfd64154c81813d10cba02c0,-9138037040227770232,suntemple_119,Assets/Sprites/Tilesets/5376_tilesheet_suntemple.png
57a7cb65cfd64154c81813d10cba02c0,6287607311731213131,suntemple_120,Assets/Sprites/Tilesets/5376_tilesheet_suntemple.png
57a7cb65cfd64154c81813d10cba02c0,2425639911146021689,suntemple_121,Assets/Sprites/Tilesets/5376_tilesheet_suntemple.png
57a7cb65cfd64154c81813d10cba02c0,7293906268319233776,suntemple_122,Assets/Sprites/Tilesets/5376_tilesheet_suntemple.png
57a7cb65cfd64154c81813d10cba02c0,9174235224718242758,suntemple_123,Assets/Sprites/Tilesets/5376_tilesheet_suntemple.png
57a7cb65cfd64154c81813d10cba02c0,6312037128003990989,suntemple_124,Assets/Sprites/Tilesets/5376_tilesheet_suntemple.png
57a7cb65cfd64154c81813d10cba02c0,-3713311849071092161,suntemple_125,Assets/Sprites/Tilesets/5376_tilesheet_suntemple.png
57a7cb65cfd64154c81813d10cba02c0,3685152125961464965,suntemple_126,Assets/Sprites/Tilesets/5376_tilesheet_suntemple.png
57a7cb65cfd64154c81813d10cba02c0,3021946288986219864,suntemple_127,Assets/Sprites/Tilesets/5376_tilesheet_suntemple.png
57a7cb65cfd64154c81813d10cba02c0,821699465916322869,suntemple_128,Assets/Sprites/Tilesets/5376_tilesheet_suntemple.png
57a7cb65cfd64154c81813d10cba02c0,-8735441677112475752,suntemple_129,Assets/Sprites/Tilesets/5376_tilesheet_suntemple.png
57a7cb65cfd64154c81813d10cba02c0,162189906751378928,suntemple_130,Assets/Sprites/Tilesets/5376_tilesheet_suntemple.png
57a7cb65cfd64154c81813d10cba02c0,2551518094793869659,suntemple_131,Assets/Sprites/Tilesets/5376_tilesheet_suntemple.png
57a7cb65cfd64154c81813d10cba02c0,7564170298869451445,suntemple_132,Assets/Sprites/Tilesets/5376_tilesheet_suntemple.png
57a7cb65cfd64154c81813d10cba02c0,-5763829074529255567,suntemple_133,Assets/Sprites/Tilesets/5376_tilesheet_suntemple.png
57a7cb65cfd64154c81813d10cba02c0,1524157299721021891,suntemple_134,Assets/Sprites/Tilesets/5376_tilesheet_suntemple.png
57a7cb65cfd64154c81813d10cba02c0,-1583898042935591190,suntemple_135,Assets/Sprites/Tilesets/5376_tilesheet_suntemple.png
57a7cb65cfd64154c81813d10cba02c0,-3505167688332446886,suntemple_136,Assets/Sprites/Tilesets/5376_tilesheet_suntemple.png
57a7cb65cfd64154c81813d10cba02c0,-6066770748219408245,suntemple_137,Assets/Sprites/Tilesets/5376_tilesheet_suntemple.png
57a7cb65cfd64154c81813d10cba02c0,6489610241198286182,suntemple_138,Assets/Sprites/Tilesets/5376_tilesheet_suntemple.png
57a7cb65cfd64154c81813d10cba02c0,1641813613071775055,suntemple_139,Assets/Sprites/Tilesets/5376_tilesheet_suntemple.png
57a7cb65cfd64154c81813d10cba02c0,7026842539221975203,suntemple_140,Assets/Sprites/Tilesets/5376_tilesheet_suntemple.png
57a7cb65cfd64154c81813d10cba02c0,-3558287319723886022,suntemple_141,Assets/Sprites/Tilesets/5376_tilesheet_suntemple.png
57a7cb65cfd64154c81813d10cba02c0,-8344083640052678453,suntemple_142,Assets/Sprites/Tilesets/5376_tilesheet_suntemple.png
57a7cb65cfd64154c81813d10cba02c0,246296347441123025,suntemple_143,Assets/Sprites/Tilesets/5376_tilesheet_suntemple.png
57a7cb65cfd64154c81813d10cba02c0,183212007095979961,suntemple_144,Assets/Sprites/Tilesets/5376_tilesheet_suntemple.png
57a7cb65cfd64154c81813d10cba02c0,-2406893295983391241,suntemple_145,Assets/Sprites/Tilesets/5376_tilesheet_suntemple.png
57a7cb65cfd64154c81813d10cba02c0,8680213767338256587,suntemple_146,Assets/Sprites/Tilesets/5376_tilesheet_suntemple.png
57a7cb65cfd64154c81813d10cba02c0,-3839419028077224407,suntemple_147,Assets/Sprites/Tilesets/5376_tilesheet_suntemple.png
57a7cb65cfd64154c81813d10cba02c0,-9186735260187993544,suntemple_148,Assets/Sprites/Tilesets/5376_tilesheet_suntemple.png
57a7cb65cfd64154c81813d10cba02c0,-9016710347682217852,suntemple_149,Assets/Sprites/Tilesets/5376_tilesheet_suntemple.png
57a7cb65cfd64154c81813d10cba02c0,3739629566794811945,suntemple_210,Assets/Sprites/Tilesets/5376_tilesheet_suntemple.png
57a7cb65cfd64154c81813d10cba02c0,312411451082320881,suntemple_211,Assets/Sprites/Tilesets/5376_tilesheet_suntemple.png
57a7cb65cfd64154c81813d10cba02c0,7200636335243528347,suntemple_212,Assets/Sprites/Tilesets/5376_tilesheet_suntemple.png
57a7cb65cfd64154c81813d10cba02c0,-3977800204531077332,suntemple_213,Assets/Sprites/Tilesets/5376_tilesheet_suntemple.png
57a7cb65cfd64154c81813d10cba02c0,9018316408388942899,suntemple_214,Assets/Sprites/Tilesets/5376_tilesheet_suntemple.png
57a7cb65cfd64154c81813d10cba02c0,-2570949691034005900,suntemple_215,Assets/Sprites/Tilesets/5376_tilesheet_suntemple.png
57a7cb65cfd64154c81813d10cba02c0,2791595852367629972,suntemple_216,Assets/Sprites/Tilesets/5376_tilesheet_suntemple.png
57a7cb65cfd64154c81813d10cba02c0,7560987481910819968,suntemple_217,Assets/Sprites/Tilesets/5376_tilesheet_suntemple.png
57a7cb65cfd64154c81813d10cba02c0,8628016325019199391,suntemple_218,Assets/Sprites/Tilesets/5376_tilesheet_suntemple.png
57a7cb65cfd64154c81813d10cba02c0,2294871103751515929,suntemple_219,Assets/Sprites/Tilesets/5376_tilesheet_suntemple.png
57a7cb65cfd64154c81813d10cba02c0,-201460538643699791,suntemple_lava,Assets/Sprites/Tilesets/5376_tilesheet_suntemple.png
57a7cb65cfd64154c81813d10cba02c0,-4400644427685314254,suntemple_water,Assets/Sprites/Tilesets/5376_tilesheet_suntemple.png
57a7cb65cfd64154c81813d10cba02c0,7055374874864954388,suntemple_water_background,Assets/Sprites/Tilesets/5376_tilesheet_suntemple.png
57a7cb65cfd64154c81813d10cba02c0,8283533273962829627,suntemple_water_backwall,Assets/Sprites/Tilesets/5376_tilesheet_suntemple.png
57a7cb65cfd64154c81813d10cba02c0,4392170440827130783,suntemple_waterfall,Assets/Sprites/Tilesets/5376_tilesheet_suntemple.png
ef6e22046d536ed43b77ff003899f224,-8655818156195654838,sewer_10,Assets/Sprites/Tilesets/5377_tilesheet_sewer.png
ef6e22046d536ed43b77ff003899f224,6346318911325233748,sewer_11,Assets/Sprites/Tilesets/5377_tilesheet_sewer.png
ef6e22046d536ed43b77ff003899f224,1840059084634729652,sewer_12,Assets/Sprites/Tilesets/5377_tilesheet_sewer.png
ef6e22046d536ed43b77ff003899f224,1127223760459724062,sewer_13,Assets/Sprites/Tilesets/5377_tilesheet_sewer.png
ef6e22046d536ed43b77ff003899f224,2450565909728410856,sewer_14,Assets/Sprites/Tilesets/5377_tilesheet_sewer.png
ef6e22046d536ed43b77ff003899f224,-3165705482850905674,sewer_15,Assets/Sprites/Tilesets/5377_tilesheet_sewer.png
ef6e22046d536ed43b77ff003899f224,-5774996654182199871,sewer_16,Assets/Sprites/Tilesets/5377_tilesheet_sewer.png
ef6e22046d536ed43b77ff003899f224,4443897450750874535,sewer_17,Assets/Sprites/Tilesets/5377_tilesheet_sewer.png
ef6e22046d536ed43b77ff003899f224,5661049957185019681,sewer_18,Assets/Sprites/Tilesets/5377_tilesheet_sewer.png
ef6e22046d536ed43b77ff003899f224,8474981341611232960,sewer_19,Assets/Sprites/Tilesets/5377_tilesheet_sewer.png
ef6e22046d536ed43b77ff003899f224,6836142153017594085,sewer_20,Assets/Sprites/Tilesets/5377_tilesheet_sewer.png
ef6e22046d536ed43b77ff003899f224,2185498278340178504,sewer_21,Assets/Sprites/Tilesets/5377_tilesheet_sewer.png
ef6e22046d536ed43b77ff003899f224,430984766625829748,sewer_22,Assets/Sprites/Tilesets/5377_tilesheet_sewer.png
ef6e22046d536ed43b77ff003899f224,2692228934559545928,sewer_110,Assets/Sprites/Tilesets/5377_tilesheet_sewer.png
ef6e22046d536ed43b77ff003899f224,8694305388649107506,sewer_111,Assets/Sprites/Tilesets/5377_tilesheet_sewer.png
ef6e22046d536ed43b77ff003899f224,-6908713535308251356,sewer_112,Assets/Sprites/Tilesets/5377_tilesheet_sewer.png
ef6e22046d536ed43b77ff003899f224,-4129235289053152723,sewer_113,Assets/Sprites/Tilesets/5377_tilesheet_sewer.png
ef6e22046d536ed43b77ff003899f224,-5468382029055465884,sewer_114,Assets/Sprites/Tilesets/5377_tilesheet_sewer.png
ef6e22046d536ed43b77ff003899f224,6734684633657039821,sewer_115,Assets/Sprites/Tilesets/5377_tilesheet_sewer.png
ef6e22046d536ed43b77ff003899f224,-5903299138629098404,sewer_116,Assets/Sprites/Tilesets/5377_tilesheet_sewer.png
ef6e22046d536ed43b77ff003899f224,-6398567975934360271,sewer_117,Assets/Sprites/Tilesets/5377_tilesheet_sewer.png
ef6e22046d536ed43b77ff003899f224,-8957284035257282584,sewer_118,Assets/Sprites/Tilesets/5377_tilesheet_sewer.png
ef6e22046d536ed43b77ff003899f224,-9138037040227770232,sewer_119,Assets/Sprites/Tilesets/5377_tilesheet_sewer.png
ef6e22046d536ed43b77ff003899f224,-4400644427685314254,sewer_water,Assets/Sprites/Tilesets/5377_tilesheet_sewer.png
ef6e22046d536ed43b77ff003899f224,7055374874864954388,sewer_water_background,Assets/Sprites/Tilesets/5377_tilesheet_sewer.png
ef6e22046d536ed43b77ff003899f224,8283533273962829627,sewer_water_backwall,Assets/Sprites/Tilesets/5377_tilesheet_sewer.png
2c7ed206a29e14f48ab5c33683b5d191,-8655818156195654838,saucer2_10,Assets/Sprites/Tilesets/5378_tilesheet_saucer2.png
2c7ed206a29e14f48ab5c33683b5d191,6346318911325233748,saucer2_11,Assets/Sprites/Tilesets/5378_tilesheet_saucer2.png
2c7ed206a29e14f48ab5c33683b5d191,1840059084634729652,saucer2_12,Assets/Sprites/Tilesets/5378_tilesheet_saucer2.png
2c7ed206a29e14f48ab5c33683b5d191,1127223760459724062,saucer2_13,Assets/Sprites/Tilesets/5378_tilesheet_saucer2.png
2c7ed206a29e14f48ab5c33683b5d191,2450565909728410856,saucer2_14,Assets/Sprites/Tilesets/5378_tilesheet_saucer2.png
2c7ed206a29e14f48ab5c33683b5d191,-3165705482850905674,saucer2_15,Assets/Sprites/Tilesets/5378_tilesheet_saucer2.png
2c7ed206a29e14f48ab5c33683b5d191,-5774996654182199871,saucer2_16,Assets/Sprites/Tilesets/5378_tilesheet_saucer2.png
2c7ed206a29e14f48ab5c33683b5d191,4443897450750874535,saucer2_17,Assets/Sprites/Tilesets/5378_tilesheet_saucer2.png
2c7ed206a29e14f48ab5c33683b5d191,5661049957185019681,saucer2_18,Assets/Sprites/Tilesets/5378_tilesheet_saucer2.png
2c7ed206a29e14f48ab5c33683b5d191,8474981341611232960,saucer2_19,Assets/Sprites/Tilesets/5378_tilesheet_saucer2.png
2c7ed206a29e14f48ab5c33683b5d191,6836142153017594085,saucer2_20,Assets/Sprites/Tilesets/5378_tilesheet_saucer2.png
2c7ed206a29e14f48ab5c33683b5d191,2185498278340178504,saucer2_21,Assets/Sprites/Tilesets/5378_tilesheet_saucer2.png
2c7ed206a29e14f48ab5c33683b5d191,430984766625829748,saucer2_22,Assets/Sprites/Tilesets/5378_tilesheet_saucer2.png
2c7ed206a29e14f48ab5c33683b5d191,-1317986280940093683,saucer2_23,Assets/Sprites/Tilesets/5378_tilesheet_saucer2.png
2c7ed206a29e14f48ab5c33683b5d191,-8326724806951850010,saucer2_24,Assets/Sprites/Tilesets/5378_tilesheet_saucer2.png
2c7ed206a29e14f48ab5c33683b5d191,8914089594741642868,saucer2_25,Assets/Sprites/Tilesets/5378_tilesheet_saucer2.png
2c7ed206a29e14f48ab5c33683b5d191,276181914589855336,saucer2_26,Assets/Sprites/Tilesets/5378_tilesheet_saucer2.png
2c7ed206a29e14f48ab5c33683b5d191,588497054336764479,saucer2_27,Assets/Sprites/Tilesets/5378_tilesheet_saucer2.png
2c7ed206a29e14f48ab5c33683b5d191,-540048619370252142,saucer2_28,Assets/Sprites/Tilesets/5378_tilesheet_saucer2.png
2c7ed206a29e14f48ab5c33683b5d191,-3511060238418154924,saucer2_29,Assets/Sprites/Tilesets/5378_tilesheet_saucer2.png
2c7ed206a29e14f48ab5c33683b5d191,-6691012767228139306,saucer2_30,Assets/Sprites/Tilesets/5378_tilesheet_saucer2.png
2c7ed206a29e14f48ab5c33683b5d191,8251907811329543855,saucer2_31,Assets/Sprites/Tilesets/5378_tilesheet_saucer2.png
2c7ed206a29e14f48ab5c33683b5d191,-8946788012438720712,saucer2_32,Assets/Sprites/Tilesets/5378_tilesheet_saucer2.png
2c7ed206a29e14f48ab5c33683b5d191,2692228934559545928,saucer2_110,Assets/Sprites/Tilesets/5378_tilesheet_saucer2.png
2c7ed206a29e14f48ab5c33683b5d191,8694305388649107506,saucer2_111,Assets/Sprites/Tilesets/5378_tilesheet_saucer2.png
2c7ed206a29e14f48ab5c33683b5d191,-6908713535308251356,saucer2_112,Assets/Sprites/Tilesets/5378_tilesheet_saucer2.png
2c7ed206a29e14f48ab5c33683b5d191,-4129235289053152723,saucer2_113,Assets/Sprites/Tilesets/5378_tilesheet_saucer2.png
2c7ed206a29e14f48ab5c33683b5d191,-5468382029055465884,saucer2_114,Assets/Sprites/Tilesets/5378_tilesheet_saucer2.png
2c7ed206a29e14f48ab5c33683b5d191,6734684633657039821,saucer2_115,Assets/Sprites/Tilesets/5378_tilesheet_saucer2.png
2c7ed206a29e14f48ab5c33683b5d191,-5903299138629098404,saucer2_116,Assets/Sprites/Tilesets/5378_tilesheet_saucer2.png
2c7ed206a29e14f48ab5c33683b5d191,-6398567975934360271,saucer2_117,Assets/Sprites/Tilesets/5378_tilesheet_saucer2.png
2c7ed206a29e14f48ab5c33683b5d191,-8957284035257282584,saucer2_118,Assets/Sprites/Tilesets/5378_tilesheet_saucer2.png
2c7ed206a29e14f48ab5c33683b5d191,-9138037040227770232,saucer2_119,Assets/Sprites/Tilesets/5378_tilesheet_saucer2.png
2c7ed206a29e14f48ab5c33683b5d191,6287607311731213131,saucer2_120,Assets/Sprites/Tilesets/5378_tilesheet_saucer2.png
2c7ed206a29e14f48ab5c33683b5d191,2425639911146021689,saucer2_121,Assets/Sprites/Tilesets/5378_tilesheet_saucer2.png
2c7ed206a29e14f48ab5c33683b5d191,7293906268319233776,saucer2_122,Assets/Sprites/Tilesets/5378_tilesheet_saucer2.png
2c7ed206a29e14f48ab5c33683b5d191,9174235224718242758,saucer2_123,Assets/Sprites/Tilesets/5378_tilesheet_saucer2.png
2c7ed206a29e14f48ab5c33683b5d191,6312037128003990989,saucer2_124,Assets/Sprites/Tilesets/5378_tilesheet_saucer2.png
2c7ed206a29e14f48ab5c33683b5d191,-3713311849071092161,saucer2_125,Assets/Sprites/Tilesets/5378_tilesheet_saucer2.png
2c7ed206a29e14f48ab5c33683b5d191,3685152125961464965,saucer2_126,Assets/Sprites/Tilesets/5378_tilesheet_saucer2.png
2c7ed206a29e14f48ab5c33683b5d191,3021946288986219864,saucer2_127,Assets/Sprites/Tilesets/5378_tilesheet_saucer2.png
2c7ed206a29e14f48ab5c33683b5d191,821699465916322869,saucer2_128,Assets/Sprites/Tilesets/5378_tilesheet_saucer2.png
2c7ed206a29e14f48ab5c33683b5d191,-8735441677112475752,saucer2_129,Assets/Sprites/Tilesets/5378_tilesheet_saucer2.png
2c7ed206a29e14f48ab5c33683b5d191,162189906751378928,saucer2_130,Assets/Sprites/Tilesets/5378_tilesheet_saucer2.png
2c7ed206a29e14f48ab5c33683b5d191,2551518094793869659,saucer2_131,Assets/Sprites/Tilesets/5378_tilesheet_saucer2.png
2c7ed206a29e14f48ab5c33683b5d191,7564170298869451445,saucer2_132,Assets/Sprites/Tilesets/5378_tilesheet_saucer2.png
2c7ed206a29e14f48ab5c33683b5d191,-5763829074529255567,saucer2_133,Assets/Sprites/Tilesets/5378_tilesheet_saucer2.png
2c7ed206a29e14f48ab5c33683b5d191,1524157299721021891,saucer2_134,Assets/Sprites/Tilesets/5378_tilesheet_saucer2.png
2c7ed206a29e14f48ab5c33683b5d191,-1583898042935591190,saucer2_135,Assets/Sprites/Tilesets/5378_tilesheet_saucer2.png
2c7ed206a29e14f48ab5c33683b5d191,-3505167688332446886,saucer2_136,Assets/Sprites/Tilesets/5378_tilesheet_saucer2.png
2c7ed206a29e14f48ab5c33683b5d191,-6066770748219408245,saucer2_137,Assets/Sprites/Tilesets/5378_tilesheet_saucer2.png
2c7ed206a29e14f48ab5c33683b5d191,6489610241198286182,saucer2_138,Assets/Sprites/Tilesets/5378_tilesheet_saucer2.png
2c7ed206a29e14f48ab5c33683b5d191,1641813613071775055,saucer2_139,Assets/Sprites/Tilesets/5378_tilesheet_saucer2.png
2c7ed206a29e14f48ab5c33683b5d191,7026842539221975203,saucer2_140,Assets/Sprites/Tilesets/5378_tilesheet_saucer2.png
2c7ed206a29e14f48ab5c33683b5d191,-3558287319723886022,saucer2_141,Assets/Sprites/Tilesets/5378_tilesheet_saucer2.png
2c7ed206a29e14f48ab5c33683b5d191,-8344083640052678453,saucer2_142,Assets/Sprites/Tilesets/5378_tilesheet_saucer2.png
2c7ed206a29e14f48ab5c33683b5d191,246296347441123025,saucer2_143,Assets/Sprites/Tilesets/5378_tilesheet_saucer2.png
2c7ed206a29e14f48ab5c33683b5d191,183212007095979961,saucer2_144,Assets/Sprites/Tilesets/5378_tilesheet_saucer2.png
2c7ed206a29e14f48ab5c33683b5d191,-2406893295983391241,saucer2_145,Assets/Sprites/Tilesets/5378_tilesheet_saucer2.png
2c7ed206a29e14f48ab5c33683b5d191,8680213767338256587,saucer2_146,Assets/Sprites/Tilesets/5378_tilesheet_saucer2.png
2c7ed206a29e14f48ab5c33683b5d191,-3839419028077224407,saucer2_147,Assets/Sprites/Tilesets/5378_tilesheet_saucer2.png
2c7ed206a29e14f48ab5c33683b5d191,-9186735260187993544,saucer2_148,Assets/Sprites/Tilesets/5378_tilesheet_saucer2.png
2c7ed206a29e14f48ab5c33683b5d191,-9016710347682217852,saucer2_149,Assets/Sprites/Tilesets/5378_tilesheet_saucer2.png
2c7ed206a29e14f48ab5c33683b5d191,-3144590571393297090,saucer2_150,Assets/Sprites/Tilesets/5378_tilesheet_saucer2.png
2c7ed206a29e14f48ab5c33683b5d191,-1869248515973406079,saucer2_151,Assets/Sprites/Tilesets/5378_tilesheet_saucer2.png
2c7ed206a29e14f48ab5c33683b5d191,1462365499702293984,saucer2_152,Assets/Sprites/Tilesets/5378_tilesheet_saucer2.png
2c7ed206a29e14f48ab5c33683b5d191,3117608474565576089,saucer2_153,Assets/Sprites/Tilesets/5378_tilesheet_saucer2.png
2c7ed206a29e14f48ab5c33683b5d191,4193222730039741841,saucer2_154,Assets/Sprites/Tilesets/5378_tilesheet_saucer2.png
2c7ed206a29e14f48ab5c33683b5d191,-952682199232832059,saucer2_155,Assets/Sprites/Tilesets/5378_tilesheet_saucer2.png
2c7ed206a29e14f48ab5c33683b5d191,-3213984598705551438,saucer2_156,Assets/Sprites/Tilesets/5378_tilesheet_saucer2.png
2c7ed206a29e14f48ab5c33683b5d191,-5307506109448168031,saucer2_157,Assets/Sprites/Tilesets/5378_tilesheet_saucer2.png
2c7ed206a29e14f48ab5c33683b5d191,6489871585197885851,saucer2_158,Assets/Sprites/Tilesets/5378_tilesheet_saucer2.png
2c7ed206a29e14f48ab5c33683b5d191,-5410082502029113031,saucer2_159,Assets/Sprites/Tilesets/5378_tilesheet_saucer2.png
2c7ed206a29e14f48ab5c33683b5d191,3739629566794811945,saucer2_210,Assets/Sprites/Tilesets/5378_tilesheet_saucer2.png
2c7ed206a29e14f48ab5c33683b5d191,312411451082320881,saucer2_211,Assets/Sprites/Tilesets/5378_tilesheet_saucer2.png
2c7ed206a29e14f48ab5c33683b5d191,7200636335243528347,saucer2_212,Assets/Sprites/Tilesets/5378_tilesheet_saucer2.png
2c7ed206a29e14f48ab5c33683b5d191,-3977800204531077332,saucer2_213,Assets/Sprites/Tilesets/5378_tilesheet_saucer2.png
2c7ed206a29e14f48ab5c33683b5d191,9018316408388942899,saucer2_214,Assets/Sprites/Tilesets/5378_tilesheet_saucer2.png
2c7ed206a29e14f48ab5c33683b5d191,-2570949691034005900,saucer2_215,Assets/Sprites/Tilesets/5378_tilesheet_saucer2.png
2c7ed206a29e14f48ab5c33683b5d191,2791595852367629972,saucer2_216,Assets/Sprites/Tilesets/5378_tilesheet_saucer2.png
2c7ed206a29e14f48ab5c33683b5d191,7560987481910819968,saucer2_217,Assets/Sprites/Tilesets/5378_tilesheet_saucer2.png
2c7ed206a29e14f48ab5c33683b5d191,8628016325019199391,saucer2_218,Assets/Sprites/Tilesets/5378_tilesheet_saucer2.png
2c7ed206a29e14f48ab5c33683b5d191,2294871103751515929,saucer2_219,Assets/Sprites/Tilesets/5378_tilesheet_saucer2.png
2c7ed206a29e14f48ab5c33683b5d191,-6167804180273747926,saucer2_220,Assets/Sprites/Tilesets/5378_tilesheet_saucer2.png
2c7ed206a29e14f48ab5c33683b5d191,863553802706296020,saucer2_221,Assets/Sprites/Tilesets/5378_tilesheet_saucer2.png
2c7ed206a29e14f48ab5c33683b5d191,-4227776513080790873,saucer2_222,Assets/Sprites/Tilesets/5378_tilesheet_saucer2.png
2c7ed206a29e14f48ab5c33683b5d191,-1126271621817865780,saucer2_223,Assets/Sprites/Tilesets/5378_tilesheet_saucer2.png
2c7ed206a29e14f48ab5c33683b5d191,7115231666849958538,saucer2_224,Assets/Sprites/Tilesets/5378_tilesheet_saucer2.png
2c7ed206a29e14f48ab5c33683b5d191,-2376931319762873690,saucer2_225,Assets/Sprites/Tilesets/5378_tilesheet_saucer2.png
2c7ed206a29e14f48ab5c33683b5d191,-609758178335434047,saucer2_226,Assets/Sprites/Tilesets/5378_tilesheet_saucer2.png
2c7ed206a29e14f48ab5c33683b5d191,-4405719728687186775,saucer2_227,Assets/Sprites/Tilesets/5378_tilesheet_saucer2.png
2c7ed206a29e14f48ab5c33683b5d191,6698147340294147897,saucer2_228,Assets/Sprites/Tilesets/5378_tilesheet_saucer2.png
2c7ed206a29e14f48ab5c33683b5d191,5365529030329516596,saucer2_229,Assets/Sprites/Tilesets/5378_tilesheet_saucer2.png
2c7ed206a29e14f48ab5c33683b5d191,-5126770328913247271,saucer2_310,Assets/Sprites/Tilesets/5378_tilesheet_saucer2.png
2c7ed206a29e14f48ab5c33683b5d191,7946168081469297458,saucer2_311,Assets/Sprites/Tilesets/5378_tilesheet_saucer2.png
2c7ed206a29e14f48ab5c33683b5d191,2527338040782231141,saucer2_312,Assets/Sprites/Tilesets/5378_tilesheet_saucer2.png
2c7ed206a29e14f48ab5c33683b5d191,-201460538643699791,saucer2_lava,Assets/Sprites/Tilesets/5378_tilesheet_saucer2.png
2c7ed206a29e14f48ab5c33683b5d191,-4400644427685314254,saucer2_water,Assets/Sprites/Tilesets/5378_tilesheet_saucer2.png
2c7ed206a29e14f48ab5c33683b5d191,7055374874864954388,saucer2_water_background,Assets/Sprites/Tilesets/5378_tilesheet_saucer2.png
2c7ed206a29e14f48ab5c33683b5d191,8283533273962829627,saucer2_water_backwall,Assets/Sprites/Tilesets/5378_tilesheet_saucer2.png
2c7ed206a29e14f48ab5c33683b5d191,4392170440827130783,saucer2_waterfall,Assets/Sprites/Tilesets/5378_tilesheet_saucer2.png
510d967c43c2f664a9188e35d2ef7acc,-8655818156195654838,saucer_10,Assets/Sprites/Tilesets/5379_tilesheet_saucer.png
510d967c43c2f664a9188e35d2ef7acc,6346318911325233748,saucer_11,Assets/Sprites/Tilesets/5379_tilesheet_saucer.png
510d967c43c2f664a9188e35d2ef7acc,1840059084634729652,saucer_12,Assets/Sprites/Tilesets/5379_tilesheet_saucer.png
510d967c43c2f664a9188e35d2ef7acc,1127223760459724062,saucer_13,Assets/Sprites/Tilesets/5379_tilesheet_saucer.png
510d967c43c2f664a9188e35d2ef7acc,2450565909728410856,saucer_14,Assets/Sprites/Tilesets/5379_tilesheet_saucer.png
510d967c43c2f664a9188e35d2ef7acc,-3165705482850905674,saucer_15,Assets/Sprites/Tilesets/5379_tilesheet_saucer.png
510d967c43c2f664a9188e35d2ef7acc,-5774996654182199871,saucer_16,Assets/Sprites/Tilesets/5379_tilesheet_saucer.png
510d967c43c2f664a9188e35d2ef7acc,4443897450750874535,saucer_17,Assets/Sprites/Tilesets/5379_tilesheet_saucer.png
510d967c43c2f664a9188e35d2ef7acc,5661049957185019681,saucer_18,Assets/Sprites/Tilesets/5379_tilesheet_saucer.png
510d967c43c2f664a9188e35d2ef7acc,8474981341611232960,saucer_19,Assets/Sprites/Tilesets/5379_tilesheet_saucer.png
510d967c43c2f664a9188e35d2ef7acc,6836142153017594085,saucer_20,Assets/Sprites/Tilesets/5379_tilesheet_saucer.png
510d967c43c2f664a9188e35d2ef7acc,2692228934559545928,saucer_110,Assets/Sprites/Tilesets/5379_tilesheet_saucer.png
510d967c43c2f664a9188e35d2ef7acc,8694305388649107506,saucer_111,Assets/Sprites/Tilesets/5379_tilesheet_saucer.png
510d967c43c2f664a9188e35d2ef7acc,-6908713535308251356,saucer_112,Assets/Sprites/Tilesets/5379_tilesheet_saucer.png
510d967c43c2f664a9188e35d2ef7acc,-4129235289053152723,saucer_113,Assets/Sprites/Tilesets/5379_tilesheet_saucer.png
510d967c43c2f664a9188e35d2ef7acc,-5468382029055465884,saucer_114,Assets/Sprites/Tilesets/5379_tilesheet_saucer.png
510d967c43c2f664a9188e35d2ef7acc,6734684633657039821,saucer_115,Assets/Sprites/Tilesets/5379_tilesheet_saucer.png
510d967c43c2f664a9188e35d2ef7acc,-5903299138629098404,saucer_116,Assets/Sprites/Tilesets/5379_tilesheet_saucer.png
510d967c43c2f664a9188e35d2ef7acc,-6398567975934360271,saucer_117,Assets/Sprites/Tilesets/5379_tilesheet_saucer.png
510d967c43c2f664a9188e35d2ef7acc,-8957284035257282584,saucer_118,Assets/Sprites/Tilesets/5379_tilesheet_saucer.png
510d967c43c2f664a9188e35d2ef7acc,-9138037040227770232,saucer_119,Assets/Sprites/Tilesets/5379_tilesheet_saucer.png
510d967c43c2f664a9188e35d2ef7acc,6287607311731213131,saucer_120,Assets/Sprites/Tilesets/5379_tilesheet_saucer.png
510d967c43c2f664a9188e35d2ef7acc,2425639911146021689,saucer_121,Assets/Sprites/Tilesets/5379_tilesheet_saucer.png
510d967c43c2f664a9188e35d2ef7acc,7293906268319233776,saucer_122,Assets/Sprites/Tilesets/5379_tilesheet_saucer.png
510d967c43c2f664a9188e35d2ef7acc,9174235224718242758,saucer_123,Assets/Sprites/Tilesets/5379_tilesheet_saucer.png
510d967c43c2f664a9188e35d2ef7acc,6312037128003990989,saucer_124,Assets/Sprites/Tilesets/5379_tilesheet_saucer.png
510d967c43c2f664a9188e35d2ef7acc,-3713311849071092161,saucer_125,Assets/Sprites/Tilesets/5379_tilesheet_saucer.png
510d967c43c2f664a9188e35d2ef7acc,3685152125961464965,saucer_126,Assets/Sprites/Tilesets/5379_tilesheet_saucer.png
510d967c43c2f664a9188e35d2ef7acc,3021946288986219864,saucer_127,Assets/Sprites/Tilesets/5379_tilesheet_saucer.png
510d967c43c2f664a9188e35d2ef7acc,821699465916322869,saucer_128,Assets/Sprites/Tilesets/5379_tilesheet_saucer.png
510d967c43c2f664a9188e35d2ef7acc,-8735441677112475752,saucer_129,Assets/Sprites/Tilesets/5379_tilesheet_saucer.png
510d967c43c2f664a9188e35d2ef7acc,162189906751378928,saucer_130,Assets/Sprites/Tilesets/5379_tilesheet_saucer.png
510d967c43c2f664a9188e35d2ef7acc,2551518094793869659,saucer_131,Assets/Sprites/Tilesets/5379_tilesheet_saucer.png
510d967c43c2f664a9188e35d2ef7acc,7564170298869451445,saucer_132,Assets/Sprites/Tilesets/5379_tilesheet_saucer.png
510d967c43c2f664a9188e35d2ef7acc,-5763829074529255567,saucer_133,Assets/Sprites/Tilesets/5379_tilesheet_saucer.png
510d967c43c2f664a9188e35d2ef7acc,1524157299721021891,saucer_134,Assets/Sprites/Tilesets/5379_tilesheet_saucer.png
510d967c43c2f664a9188e35d2ef7acc,-1583898042935591190,saucer_135,Assets/Sprites/Tilesets/5379_tilesheet_saucer.png
510d967c43c2f664a9188e35d2ef7acc,-3505167688332446886,saucer_136,Assets/Sprites/Tilesets/5379_tilesheet_saucer.png
510d967c43c2f664a9188e35d2ef7acc,-6066770748219408245,saucer_137,Assets/Sprites/Tilesets/5379_tilesheet_saucer.png
510d967c43c2f664a9188e35d2ef7acc,6489610241198286182,saucer_138,Assets/Sprites/Tilesets/5379_tilesheet_saucer.png
510d967c43c2f664a9188e35d2ef7acc,1641813613071775055,saucer_139,Assets/Sprites/Tilesets/5379_tilesheet_saucer.png
510d967c43c2f664a9188e35d2ef7acc,7026842539221975203,saucer_140,Assets/Sprites/Tilesets/5379_tilesheet_saucer.png
510d967c43c2f664a9188e35d2ef7acc,-3558287319723886022,saucer_141,Assets/Sprites/Tilesets/5379_tilesheet_saucer.png
510d967c43c2f664a9188e35d2ef7acc,-8344083640052678453,saucer_142,Assets/Sprites/Tilesets/5379_tilesheet_saucer.png
510d967c43c2f664a9188e35d2ef7acc,246296347441123025,saucer_143,Assets/Sprites/Tilesets/5379_tilesheet_saucer.png
510d967c43c2f664a9188e35d2ef7acc,183212007095979961,saucer_144,Assets/Sprites/Tilesets/5379_tilesheet_saucer.png
510d967c43c2f664a9188e35d2ef7acc,-2406893295983391241,saucer_145,Assets/Sprites/Tilesets/5379_tilesheet_saucer.png
510d967c43c2f664a9188e35d2ef7acc,8680213767338256587,saucer_146,Assets/Sprites/Tilesets/5379_tilesheet_saucer.png
510d967c43c2f664a9188e35d2ef7acc,-3839419028077224407,saucer_147,Assets/Sprites/Tilesets/5379_tilesheet_saucer.png
510d967c43c2f664a9188e35d2ef7acc,-9186735260187993544,saucer_148,Assets/Sprites/Tilesets/5379_tilesheet_saucer.png
510d967c43c2f664a9188e35d2ef7acc,-9016710347682217852,saucer_149,Assets/Sprites/Tilesets/5379_tilesheet_saucer.png
510d967c43c2f664a9188e35d2ef7acc,-3144590571393297090,saucer_150,Assets/Sprites/Tilesets/5379_tilesheet_saucer.png
510d967c43c2f664a9188e35d2ef7acc,-1869248515973406079,saucer_151,Assets/Sprites/Tilesets/5379_tilesheet_saucer.png
510d967c43c2f664a9188e35d2ef7acc,1462365499702293984,saucer_152,Assets/Sprites/Tilesets/5379_tilesheet_saucer.png
510d967c43c2f664a9188e35d2ef7acc,3117608474565576089,saucer_153,Assets/Sprites/Tilesets/5379_tilesheet_saucer.png
510d967c43c2f664a9188e35d2ef7acc,4193222730039741841,saucer_154,Assets/Sprites/Tilesets/5379_tilesheet_saucer.png
510d967c43c2f664a9188e35d2ef7acc,-952682199232832059,saucer_155,Assets/Sprites/Tilesets/5379_tilesheet_saucer.png
510d967c43c2f664a9188e35d2ef7acc,-3213984598705551438,saucer_156,Assets/Sprites/Tilesets/5379_tilesheet_saucer.png
510d967c43c2f664a9188e35d2ef7acc,-5307506109448168031,saucer_157,Assets/Sprites/Tilesets/5379_tilesheet_saucer.png
510d967c43c2f664a9188e35d2ef7acc,6489871585197885851,saucer_158,Assets/Sprites/Tilesets/5379_tilesheet_saucer.png
510d967c43c2f664a9188e35d2ef7acc,-5410082502029113031,saucer_159,Assets/Sprites/Tilesets/5379_tilesheet_saucer.png
510d967c43c2f664a9188e35d2ef7acc,-8373222136145620632,saucer_160,Assets/Sprites/Tilesets/5379_tilesheet_saucer.png
510d967c43c2f664a9188e35d2ef7acc,-2115457103611978337,saucer_161,Assets/Sprites/Tilesets/5379_tilesheet_saucer.png
510d967c43c2f664a9188e35d2ef7acc,-7035195994024675113,saucer_162,Assets/Sprites/Tilesets/5379_tilesheet_saucer.png
510d967c43c2f664a9188e35d2ef7acc,-5079105962311074511,saucer_163,Assets/Sprites/Tilesets/5379_tilesheet_saucer.png
510d967c43c2f664a9188e35d2ef7acc,2733946097252187821,saucer_164,Assets/Sprites/Tilesets/5379_tilesheet_saucer.png
510d967c43c2f664a9188e35d2ef7acc,7161397670792433542,saucer_165,Assets/Sprites/Tilesets/5379_tilesheet_saucer.png
510d967c43c2f664a9188e35d2ef7acc,-6848136828857868286,saucer_166,Assets/Sprites/Tilesets/5379_tilesheet_saucer.png
510d967c43c2f664a9188e35d2ef7acc,700863525252940799,saucer_167,Assets/Sprites/Tilesets/5379_tilesheet_saucer.png
510d967c43c2f664a9188e35d2ef7acc,-3195476417298603316,saucer_168,Assets/Sprites/Tilesets/5379_tilesheet_saucer.png
510d967c43c2f664a9188e35d2ef7acc,-7858491299808530786,saucer_169,Assets/Sprites/Tilesets/5379_tilesheet_saucer.png
510d967c43c2f664a9188e35d2ef7acc,1701854330767516314,saucer_170,Assets/Sprites/Tilesets/5379_tilesheet_saucer.png
510d967c43c2f664a9188e35d2ef7acc,5932739100274104364,saucer_171,Assets/Sprites/Tilesets/5379_tilesheet_saucer.png
510d967c43c2f664a9188e35d2ef7acc,-6467276799757248785,saucer_172,Assets/Sprites/Tilesets/5379_tilesheet_saucer.png
510d967c43c2f664a9188e35d2ef7acc,-1300805632072158905,saucer_173,Assets/Sprites/Tilesets/5379_tilesheet_saucer.png
510d967c43c2f664a9188e35d2ef7acc,605696201848019545,saucer_174,Assets/Sprites/Tilesets/5379_tilesheet_saucer.png
510d967c43c2f664a9188e35d2ef7acc,-1724086907042617910,saucer_175,Assets/Sprites/Tilesets/5379_tilesheet_saucer.png
510d967c43c2f664a9188e35d2ef7acc,8475284525710512774,saucer_176,Assets/Sprites/Tilesets/5379_tilesheet_saucer.png
510d967c43c2f664a9188e35d2ef7acc,-3822713577358298166,saucer_177,Assets/Sprites/Tilesets/5379_tilesheet_saucer.png
510d967c43c2f664a9188e35d2ef7acc,1768339233626080706,saucer_178,Assets/Sprites/Tilesets/5379_tilesheet_saucer.png
510d967c43c2f664a9188e35d2ef7acc,-6841722765060534419,saucer_179,Assets/Sprites/Tilesets/5379_tilesheet_saucer.png
510d967c43c2f664a9188e35d2ef7acc,-3493160027052846601,saucer_180,Assets/Sprites/Tilesets/5379_tilesheet_saucer.png
510d967c43c2f664a9188e35d2ef7acc,-554438106920706084,saucer_181,Assets/Sprites/Tilesets/5379_tilesheet_saucer.png
510d967c43c2f664a9188e35d2ef7acc,-5341870609494625678,saucer_182,Assets/Sprites/Tilesets/5379_tilesheet_saucer.png
510d967c43c2f664a9188e35d2ef7acc,-8905662136806812126,saucer_183,Assets/Sprites/Tilesets/5379_tilesheet_saucer.png
510d967c43c2f664a9188e35d2ef7acc,5281638212969618885,saucer_184,Assets/Sprites/Tilesets/5379_tilesheet_saucer.png
510d967c43c2f664a9188e35d2ef7acc,-3150301486310352595,saucer_185,Assets/Sprites/Tilesets/5379_tilesheet_saucer.png
510d967c43c2f664a9188e35d2ef7acc,-733222574896515085,saucer_186,Assets/Sprites/Tilesets/5379_tilesheet_saucer.png
510d967c43c2f664a9188e35d2ef7acc,-3204314713441666975,saucer_187,Assets/Sprites/Tilesets/5379_tilesheet_saucer.png
510d967c43c2f664a9188e35d2ef7acc,-8295142853972654705,saucer_188,Assets/Sprites/Tilesets/5379_tilesheet_saucer.png
510d967c43c2f664a9188e35d2ef7acc,-1977760837791518271,saucer_189,Assets/Sprites/Tilesets/5379_tilesheet_saucer.png
510d967c43c2f664a9188e35d2ef7acc,3739629566794811945,saucer_210,Assets/Sprites/Tilesets/5379_tilesheet_saucer.png
510d967c43c2f664a9188e35d2ef7acc,-6167804180273747926,saucer_220,Assets/Sprites/Tilesets/5379_tilesheet_saucer.png
510d967c43c2f664a9188e35d2ef7acc,8298471800516993061,saucer_230,Assets/Sprites/Tilesets/5379_tilesheet_saucer.png
510d967c43c2f664a9188e35d2ef7acc,-4400644427685314254,saucer_water,Assets/Sprites/Tilesets/5379_tilesheet_saucer.png
9bd262dcc11d77543b302f50c155c7d0,-8655818156195654838,sandcave_interior_10,Assets/Sprites/Tilesets/5380_tilesheet_sandcave_interior.png
9bd262dcc11d77543b302f50c155c7d0,6346318911325233748,sandcave_interior_11,Assets/Sprites/Tilesets/5380_tilesheet_sandcave_interior.png
9bd262dcc11d77543b302f50c155c7d0,1840059084634729652,sandcave_interior_12,Assets/Sprites/Tilesets/5380_tilesheet_sandcave_interior.png
9bd262dcc11d77543b302f50c155c7d0,1127223760459724062,sandcave_interior_13,Assets/Sprites/Tilesets/5380_tilesheet_sandcave_interior.png
9bd262dcc11d77543b302f50c155c7d0,2450565909728410856,sandcave_interior_14,Assets/Sprites/Tilesets/5380_tilesheet_sandcave_interior.png
9bd262dcc11d77543b302f50c155c7d0,-3165705482850905674,sandcave_interior_15,Assets/Sprites/Tilesets/5380_tilesheet_sandcave_interior.png
9bd262dcc11d77543b302f50c155c7d0,-5774996654182199871,sandcave_interior_16,Assets/Sprites/Tilesets/5380_tilesheet_sandcave_interior.png
9bd262dcc11d77543b302f50c155c7d0,4443897450750874535,sandcave_interior_17,Assets/Sprites/Tilesets/5380_tilesheet_sandcave_interior.png
9bd262dcc11d77543b302f50c155c7d0,5661049957185019681,sandcave_interior_18,Assets/Sprites/Tilesets/5380_tilesheet_sandcave_interior.png
9bd262dcc11d77543b302f50c155c7d0,8474981341611232960,sandcave_interior_19,Assets/Sprites/Tilesets/5380_tilesheet_sandcave_interior.png
9bd262dcc11d77543b302f50c155c7d0,6836142153017594085,sandcave_interior_20,Assets/Sprites/Tilesets/5380_tilesheet_sandcave_interior.png
9bd262dcc11d77543b302f50c155c7d0,2185498278340178504,sandcave_interior_21,Assets/Sprites/Tilesets/5380_tilesheet_sandcave_interior.png
9bd262dcc11d77543b302f50c155c7d0,430984766625829748,sandcave_interior_22,Assets/Sprites/Tilesets/5380_tilesheet_sandcave_interior.png
9bd262dcc11d77543b302f50c155c7d0,-1317986280940093683,sandcave_interior_23,Assets/Sprites/Tilesets/5380_tilesheet_sandcave_interior.png
9bd262dcc11d77543b302f50c155c7d0,-8326724806951850010,sandcave_interior_24,Assets/Sprites/Tilesets/5380_tilesheet_sandcave_interior.png
9bd262dcc11d77543b302f50c155c7d0,8914089594741642868,sandcave_interior_25,Assets/Sprites/Tilesets/5380_tilesheet_sandcave_interior.png
9bd262dcc11d77543b302f50c155c7d0,276181914589855336,sandcave_interior_26,Assets/Sprites/Tilesets/5380_tilesheet_sandcave_interior.png
9bd262dcc11d77543b302f50c155c7d0,588497054336764479,sandcave_interior_27,Assets/Sprites/Tilesets/5380_tilesheet_sandcave_interior.png
9bd262dcc11d77543b302f50c155c7d0,-540048619370252142,sandcave_interior_28,Assets/Sprites/Tilesets/5380_tilesheet_sandcave_interior.png
9bd262dcc11d77543b302f50c155c7d0,-3511060238418154924,sandcave_interior_29,Assets/Sprites/Tilesets/5380_tilesheet_sandcave_interior.png
9bd262dcc11d77543b302f50c155c7d0,-6691012767228139306,sandcave_interior_30,Assets/Sprites/Tilesets/5380_tilesheet_sandcave_interior.png
9bd262dcc11d77543b302f50c155c7d0,8251907811329543855,sandcave_interior_31,Assets/Sprites/Tilesets/5380_tilesheet_sandcave_interior.png
9bd262dcc11d77543b302f50c155c7d0,-8946788012438720712,sandcave_interior_32,Assets/Sprites/Tilesets/5380_tilesheet_sandcave_interior.png
9bd262dcc11d77543b302f50c155c7d0,-3538851436377425636,sandcave_interior_33,Assets/Sprites/Tilesets/5380_tilesheet_sandcave_interior.png
9bd262dcc11d77543b302f50c155c7d0,2692228934559545928,sandcave_interior_110,Assets/Sprites/Tilesets/5380_tilesheet_sandcave_interior.png
9bd262dcc11d77543b302f50c155c7d0,8694305388649107506,sandcave_interior_111,Assets/Sprites/Tilesets/5380_tilesheet_sandcave_interior.png
9bd262dcc11d77543b302f50c155c7d0,-6908713535308251356,sandcave_interior_112,Assets/Sprites/Tilesets/5380_tilesheet_sandcave_interior.png
9bd262dcc11d77543b302f50c155c7d0,-4129235289053152723,sandcave_interior_113,Assets/Sprites/Tilesets/5380_tilesheet_sandcave_interior.png
9bd262dcc11d77543b302f50c155c7d0,-5468382029055465884,sandcave_interior_114,Assets/Sprites/Tilesets/5380_tilesheet_sandcave_interior.png
9bd262dcc11d77543b302f50c155c7d0,6734684633657039821,sandcave_interior_115,Assets/Sprites/Tilesets/5380_tilesheet_sandcave_interior.png
9bd262dcc11d77543b302f50c155c7d0,-5903299138629098404,sandcave_interior_116,Assets/Sprites/Tilesets/5380_tilesheet_sandcave_interior.png
9bd262dcc11d77543b302f50c155c7d0,-6398567975934360271,sandcave_interior_117,Assets/Sprites/Tilesets/5380_tilesheet_sandcave_interior.png
9bd262dcc11d77543b302f50c155c7d0,-8957284035257282584,sandcave_interior_118,Assets/Sprites/Tilesets/5380_tilesheet_sandcave_interior.png
9bd262dcc11d77543b302f50c155c7d0,-9138037040227770232,sandcave_interior_119,Assets/Sprites/Tilesets/5380_tilesheet_sandcave_interior.png
9bd262dcc11d77543b302f50c155c7d0,6287607311731213131,sandcave_interior_120,Assets/Sprites/Tilesets/5380_tilesheet_sandcave_interior.png
9bd262dcc11d77543b302f50c155c7d0,2425639911146021689,sandcave_interior_121,Assets/Sprites/Tilesets/5380_tilesheet_sandcave_interior.png
9bd262dcc11d77543b302f50c155c7d0,7293906268319233776,sandcave_interior_122,Assets/Sprites/Tilesets/5380_tilesheet_sandcave_interior.png
9bd262dcc11d77543b302f50c155c7d0,9174235224718242758,sandcave_interior_123,Assets/Sprites/Tilesets/5380_tilesheet_sandcave_interior.png
9bd262dcc11d77543b302f50c155c7d0,6312037128003990989,sandcave_interior_124,Assets/Sprites/Tilesets/5380_tilesheet_sandcave_interior.png
9bd262dcc11d77543b302f50c155c7d0,-3713311849071092161,sandcave_interior_125,Assets/Sprites/Tilesets/5380_tilesheet_sandcave_interior.png
9bd262dcc11d77543b302f50c155c7d0,3685152125961464965,sandcave_interior_126,Assets/Sprites/Tilesets/5380_tilesheet_sandcave_interior.png
9bd262dcc11d77543b302f50c155c7d0,3021946288986219864,sandcave_interior_127,Assets/Sprites/Tilesets/5380_tilesheet_sandcave_interior.png
9bd262dcc11d77543b302f50c155c7d0,821699465916322869,sandcave_interior_128,Assets/Sprites/Tilesets/5380_tilesheet_sandcave_interior.png
9bd262dcc11d77543b302f50c155c7d0,-8735441677112475752,sandcave_interior_129,Assets/Sprites/Tilesets/5380_tilesheet_sandcave_interior.png
9bd262dcc11d77543b302f50c155c7d0,-201460538643699791,sandcave_interior_lava,Assets/Sprites/Tilesets/5380_tilesheet_sandcave_interior.png
9bd262dcc11d77543b302f50c155c7d0,-4400644427685314254,sandcave_interior_water,Assets/Sprites/Tilesets/5380_tilesheet_sandcave_interior.png
9bd262dcc11d77543b302f50c155c7d0,7055374874864954388,sandcave_interior_water_background,Assets/Sprites/Tilesets/5380_tilesheet_sandcave_interior.png
9bd262dcc11d77543b302f50c155c7d0,8283533273962829627,sandcave_interior_water_backwall,Assets/Sprites/Tilesets/5380_tilesheet_sandcave_interior.png
9bd262dcc11d77543b302f50c155c7d0,4392170440827130783,sandcave_interior_waterfall,Assets/Sprites/Tilesets/5380_tilesheet_sandcave_interior.png
ca623a6c49e7a1046bd03f8199d27314,-8655818156195654838,rural_10,Assets/Sprites/Tilesets/5381_tilesheet_rural.png
ca623a6c49e7a1046bd03f8199d27314,6346318911325233748,rural_11,Assets/Sprites/Tilesets/5381_tilesheet_rural.png
ca623a6c49e7a1046bd03f8199d27314,1840059084634729652,rural_12,Assets/Sprites/Tilesets/5381_tilesheet_rural.png
ca623a6c49e7a1046bd03f8199d27314,1127223760459724062,rural_13,Assets/Sprites/Tilesets/5381_tilesheet_rural.png
ca623a6c49e7a1046bd03f8199d27314,2450565909728410856,rural_14,Assets/Sprites/Tilesets/5381_tilesheet_rural.png
ca623a6c49e7a1046bd03f8199d27314,-3165705482850905674,rural_15,Assets/Sprites/Tilesets/5381_tilesheet_rural.png
ca623a6c49e7a1046bd03f8199d27314,-5774996654182199871,rural_16,Assets/Sprites/Tilesets/5381_tilesheet_rural.png
ca623a6c49e7a1046bd03f8199d27314,4443897450750874535,rural_17,Assets/Sprites/Tilesets/5381_tilesheet_rural.png
ca623a6c49e7a1046bd03f8199d27314,5661049957185019681,rural_18,Assets/Sprites/Tilesets/5381_tilesheet_rural.png
ca623a6c49e7a1046bd03f8199d27314,8474981341611232960,rural_19,Assets/Sprites/Tilesets/5381_tilesheet_rural.png
ca623a6c49e7a1046bd03f8199d27314,6836142153017594085,rural_20,Assets/Sprites/Tilesets/5381_tilesheet_rural.png
ca623a6c49e7a1046bd03f8199d27314,2185498278340178504,rural_21,Assets/Sprites/Tilesets/5381_tilesheet_rural.png
ca623a6c49e7a1046bd03f8199d27314,430984766625829748,rural_22,Assets/Sprites/Tilesets/5381_tilesheet_rural.png
ca623a6c49e7a1046bd03f8199d27314,-1317986280940093683,rural_23,Assets/Sprites/Tilesets/5381_tilesheet_rural.png
ca623a6c49e7a1046bd03f8199d27314,-8326724806951850010,rural_24,Assets/Sprites/Tilesets/5381_tilesheet_rural.png
ca623a6c49e7a1046bd03f8199d27314,8914089594741642868,rural_25,Assets/Sprites/Tilesets/5381_tilesheet_rural.png
ca623a6c49e7a1046bd03f8199d27314,276181914589855336,rural_26,Assets/Sprites/Tilesets/5381_tilesheet_rural.png
ca623a6c49e7a1046bd03f8199d27314,588497054336764479,rural_27,Assets/Sprites/Tilesets/5381_tilesheet_rural.png
ca623a6c49e7a1046bd03f8199d27314,-540048619370252142,rural_28,Assets/Sprites/Tilesets/5381_tilesheet_rural.png
ca623a6c49e7a1046bd03f8199d27314,-3511060238418154924,rural_29,Assets/Sprites/Tilesets/5381_tilesheet_rural.png
ca623a6c49e7a1046bd03f8199d27314,-6691012767228139306,rural_30,Assets/Sprites/Tilesets/5381_tilesheet_rural.png
ca623a6c49e7a1046bd03f8199d27314,8251907811329543855,rural_31,Assets/Sprites/Tilesets/5381_tilesheet_rural.png
ca623a6c49e7a1046bd03f8199d27314,-8946788012438720712,rural_32,Assets/Sprites/Tilesets/5381_tilesheet_rural.png
ca623a6c49e7a1046bd03f8199d27314,-3538851436377425636,rural_33,Assets/Sprites/Tilesets/5381_tilesheet_rural.png
ca623a6c49e7a1046bd03f8199d27314,5837620518785745679,rural_34,Assets/Sprites/Tilesets/5381_tilesheet_rural.png
ca623a6c49e7a1046bd03f8199d27314,735763825654373507,rural_35,Assets/Sprites/Tilesets/5381_tilesheet_rural.png
ca623a6c49e7a1046bd03f8199d27314,-6766607325196344940,rural_36,Assets/Sprites/Tilesets/5381_tilesheet_rural.png
ca623a6c49e7a1046bd03f8199d27314,7123294266852565953,rural_37,Assets/Sprites/Tilesets/5381_tilesheet_rural.png
ca623a6c49e7a1046bd03f8199d27314,1812952166184403864,rural_38,Assets/Sprites/Tilesets/5381_tilesheet_rural.png
ca623a6c49e7a1046bd03f8199d27314,765628930423093814,rural_39,Assets/Sprites/Tilesets/5381_tilesheet_rural.png
ca623a6c49e7a1046bd03f8199d27314,2692228934559545928,rural_110,Assets/Sprites/Tilesets/5381_tilesheet_rural.png
ca623a6c49e7a1046bd03f8199d27314,8694305388649107506,rural_111,Assets/Sprites/Tilesets/5381_tilesheet_rural.png
ca623a6c49e7a1046bd03f8199d27314,-6908713535308251356,rural_112,Assets/Sprites/Tilesets/5381_tilesheet_rural.png
ca623a6c49e7a1046bd03f8199d27314,-4129235289053152723,rural_113,Assets/Sprites/Tilesets/5381_tilesheet_rural.png
ca623a6c49e7a1046bd03f8199d27314,-5468382029055465884,rural_114,Assets/Sprites/Tilesets/5381_tilesheet_rural.png
ca623a6c49e7a1046bd03f8199d27314,6734684633657039821,rural_115,Assets/Sprites/Tilesets/5381_tilesheet_rural.png
ca623a6c49e7a1046bd03f8199d27314,-5903299138629098404,rural_116,Assets/Sprites/Tilesets/5381_tilesheet_rural.png
ca623a6c49e7a1046bd03f8199d27314,-6398567975934360271,rural_117,Assets/Sprites/Tilesets/5381_tilesheet_rural.png
ca623a6c49e7a1046bd03f8199d27314,-8957284035257282584,rural_118,Assets/Sprites/Tilesets/5381_tilesheet_rural.png
ca623a6c49e7a1046bd03f8199d27314,-9138037040227770232,rural_119,Assets/Sprites/Tilesets/5381_tilesheet_rural.png
ca623a6c49e7a1046bd03f8199d27314,6287607311731213131,rural_120,Assets/Sprites/Tilesets/5381_tilesheet_rural.png
ca623a6c49e7a1046bd03f8199d27314,2425639911146021689,rural_121,Assets/Sprites/Tilesets/5381_tilesheet_rural.png
ca623a6c49e7a1046bd03f8199d27314,7293906268319233776,rural_122,Assets/Sprites/Tilesets/5381_tilesheet_rural.png
ca623a6c49e7a1046bd03f8199d27314,9174235224718242758,rural_123,Assets/Sprites/Tilesets/5381_tilesheet_rural.png
ca623a6c49e7a1046bd03f8199d27314,6312037128003990989,rural_124,Assets/Sprites/Tilesets/5381_tilesheet_rural.png
ca623a6c49e7a1046bd03f8199d27314,-3713311849071092161,rural_125,Assets/Sprites/Tilesets/5381_tilesheet_rural.png
ca623a6c49e7a1046bd03f8199d27314,3685152125961464965,rural_126,Assets/Sprites/Tilesets/5381_tilesheet_rural.png
ca623a6c49e7a1046bd03f8199d27314,3021946288986219864,rural_127,Assets/Sprites/Tilesets/5381_tilesheet_rural.png
ca623a6c49e7a1046bd03f8199d27314,821699465916322869,rural_128,Assets/Sprites/Tilesets/5381_tilesheet_rural.png
ca623a6c49e7a1046bd03f8199d27314,-8735441677112475752,rural_129,Assets/Sprites/Tilesets/5381_tilesheet_rural.png
ca623a6c49e7a1046bd03f8199d27314,162189906751378928,rural_130,Assets/Sprites/Tilesets/5381_tilesheet_rural.png
ca623a6c49e7a1046bd03f8199d27314,2551518094793869659,rural_131,Assets/Sprites/Tilesets/5381_tilesheet_rural.png
ca623a6c49e7a1046bd03f8199d27314,7564170298869451445,rural_132,Assets/Sprites/Tilesets/5381_tilesheet_rural.png
ca623a6c49e7a1046bd03f8199d27314,-5763829074529255567,rural_133,Assets/Sprites/Tilesets/5381_tilesheet_rural.png
ca623a6c49e7a1046bd03f8199d27314,1524157299721021891,rural_134,Assets/Sprites/Tilesets/5381_tilesheet_rural.png
ca623a6c49e7a1046bd03f8199d27314,-1583898042935591190,rural_135,Assets/Sprites/Tilesets/5381_tilesheet_rural.png
ca623a6c49e7a1046bd03f8199d27314,-3505167688332446886,rural_136,Assets/Sprites/Tilesets/5381_tilesheet_rural.png
ca623a6c49e7a1046bd03f8199d27314,-6066770748219408245,rural_137,Assets/Sprites/Tilesets/5381_tilesheet_rural.png
ca623a6c49e7a1046bd03f8199d27314,6489610241198286182,rural_138,Assets/Sprites/Tilesets/5381_tilesheet_rural.png
ca623a6c49e7a1046bd03f8199d27314,1641813613071775055,rural_139,Assets/Sprites/Tilesets/5381_tilesheet_rural.png
ca623a6c49e7a1046bd03f8199d27314,7026842539221975203,rural_140,Assets/Sprites/Tilesets/5381_tilesheet_rural.png
ca623a6c49e7a1046bd03f8199d27314,-3558287319723886022,rural_141,Assets/Sprites/Tilesets/5381_tilesheet_rural.png
ca623a6c49e7a1046bd03f8199d27314,-8344083640052678453,rural_142,Assets/Sprites/Tilesets/5381_tilesheet_rural.png
ca623a6c49e7a1046bd03f8199d27314,246296347441123025,rural_143,Assets/Sprites/Tilesets/5381_tilesheet_rural.png
ca623a6c49e7a1046bd03f8199d27314,183212007095979961,rural_144,Assets/Sprites/Tilesets/5381_tilesheet_rural.png
ca623a6c49e7a1046bd03f8199d27314,-2406893295983391241,rural_145,Assets/Sprites/Tilesets/5381_tilesheet_rural.png
ca623a6c49e7a1046bd03f8199d27314,8680213767338256587,rural_146,Assets/Sprites/Tilesets/5381_tilesheet_rural.png
ca623a6c49e7a1046bd03f8199d27314,-3839419028077224407,rural_147,Assets/Sprites/Tilesets/5381_tilesheet_rural.png
ca623a6c49e7a1046bd03f8199d27314,-9186735260187993544,rural_148,Assets/Sprites/Tilesets/5381_tilesheet_rural.png
ca623a6c49e7a1046bd03f8199d27314,-9016710347682217852,rural_149,Assets/Sprites/Tilesets/5381_tilesheet_rural.png
ca623a6c49e7a1046bd03f8199d27314,-3144590571393297090,rural_150,Assets/Sprites/Tilesets/5381_tilesheet_rural.png
ca623a6c49e7a1046bd03f8199d27314,-1869248515973406079,rural_151,Assets/Sprites/Tilesets/5381_tilesheet_rural.png
ca623a6c49e7a1046bd03f8199d27314,1462365499702293984,rural_152,Assets/Sprites/Tilesets/5381_tilesheet_rural.png
ca623a6c49e7a1046bd03f8199d27314,3117608474565576089,rural_153,Assets/Sprites/Tilesets/5381_tilesheet_rural.png
ca623a6c49e7a1046bd03f8199d27314,4193222730039741841,rural_154,Assets/Sprites/Tilesets/5381_tilesheet_rural.png
ca623a6c49e7a1046bd03f8199d27314,-952682199232832059,rural_155,Assets/Sprites/Tilesets/5381_tilesheet_rural.png
ca623a6c49e7a1046bd03f8199d27314,-3213984598705551438,rural_156,Assets/Sprites/Tilesets/5381_tilesheet_rural.png
ca623a6c49e7a1046bd03f8199d27314,-5307506109448168031,rural_157,Assets/Sprites/Tilesets/5381_tilesheet_rural.png
ca623a6c49e7a1046bd03f8199d27314,6489871585197885851,rural_158,Assets/Sprites/Tilesets/5381_tilesheet_rural.png
ca623a6c49e7a1046bd03f8199d27314,-5410082502029113031,rural_159,Assets/Sprites/Tilesets/5381_tilesheet_rural.png
ca623a6c49e7a1046bd03f8199d27314,-8373222136145620632,rural_160,Assets/Sprites/Tilesets/5381_tilesheet_rural.png
ca623a6c49e7a1046bd03f8199d27314,-2115457103611978337,rural_161,Assets/Sprites/Tilesets/5381_tilesheet_rural.png
ca623a6c49e7a1046bd03f8199d27314,-7035195994024675113,rural_162,Assets/Sprites/Tilesets/5381_tilesheet_rural.png
ca623a6c49e7a1046bd03f8199d27314,-5079105962311074511,rural_163,Assets/Sprites/Tilesets/5381_tilesheet_rural.png
ca623a6c49e7a1046bd03f8199d27314,2733946097252187821,rural_164,Assets/Sprites/Tilesets/5381_tilesheet_rural.png
ca623a6c49e7a1046bd03f8199d27314,7161397670792433542,rural_165,Assets/Sprites/Tilesets/5381_tilesheet_rural.png
ca623a6c49e7a1046bd03f8199d27314,-6848136828857868286,rural_166,Assets/Sprites/Tilesets/5381_tilesheet_rural.png
ca623a6c49e7a1046bd03f8199d27314,700863525252940799,rural_167,Assets/Sprites/Tilesets/5381_tilesheet_rural.png
ca623a6c49e7a1046bd03f8199d27314,-3195476417298603316,rural_168,Assets/Sprites/Tilesets/5381_tilesheet_rural.png
ca623a6c49e7a1046bd03f8199d27314,-7858491299808530786,rural_169,Assets/Sprites/Tilesets/5381_tilesheet_rural.png
ca623a6c49e7a1046bd03f8199d27314,1701854330767516314,rural_170,Assets/Sprites/Tilesets/5381_tilesheet_rural.png
ca623a6c49e7a1046bd03f8199d27314,5932739100274104364,rural_171,Assets/Sprites/Tilesets/5381_tilesheet_rural.png
ca623a6c49e7a1046bd03f8199d27314,-6467276799757248785,rural_172,Assets/Sprites/Tilesets/5381_tilesheet_rural.png
ca623a6c49e7a1046bd03f8199d27314,-1300805632072158905,rural_173,Assets/Sprites/Tilesets/5381_tilesheet_rural.png
ca623a6c49e7a1046bd03f8199d27314,605696201848019545,rural_174,Assets/Sprites/Tilesets/5381_tilesheet_rural.png
ca623a6c49e7a1046bd03f8199d27314,-1724086907042617910,rural_175,Assets/Sprites/Tilesets/5381_tilesheet_rural.png
ca623a6c49e7a1046bd03f8199d27314,8475284525710512774,rural_176,Assets/Sprites/Tilesets/5381_tilesheet_rural.png
ca623a6c49e7a1046bd03f8199d27314,-3822713577358298166,rural_177,Assets/Sprites/Tilesets/5381_tilesheet_rural.png
ca623a6c49e7a1046bd03f8199d27314,1768339233626080706,rural_178,Assets/Sprites/Tilesets/5381_tilesheet_rural.png
ca623a6c49e7a1046bd03f8199d27314,-6841722765060534419,rural_179,Assets/Sprites/Tilesets/5381_tilesheet_rural.png
ca623a6c49e7a1046bd03f8199d27314,-3493160027052846601,rural_180,Assets/Sprites/Tilesets/5381_tilesheet_rural.png
ca623a6c49e7a1046bd03f8199d27314,-554438106920706084,rural_181,Assets/Sprites/Tilesets/5381_tilesheet_rural.png
ca623a6c49e7a1046bd03f8199d27314,-5341870609494625678,rural_182,Assets/Sprites/Tilesets/5381_tilesheet_rural.png
ca623a6c49e7a1046bd03f8199d27314,-8905662136806812126,rural_183,Assets/Sprites/Tilesets/5381_tilesheet_rural.png
ca623a6c49e7a1046bd03f8199d27314,5281638212969618885,rural_184,Assets/Sprites/Tilesets/5381_tilesheet_rural.png
ca623a6c49e7a1046bd03f8199d27314,-3150301486310352595,rural_185,Assets/Sprites/Tilesets/5381_tilesheet_rural.png
ca623a6c49e7a1046bd03f8199d27314,-733222574896515085,rural_186,Assets/Sprites/Tilesets/5381_tilesheet_rural.png
ca623a6c49e7a1046bd03f8199d27314,-3204314713441666975,rural_187,Assets/Sprites/Tilesets/5381_tilesheet_rural.png
ca623a6c49e7a1046bd03f8199d27314,-8295142853972654705,rural_188,Assets/Sprites/Tilesets/5381_tilesheet_rural.png
ca623a6c49e7a1046bd03f8199d27314,-1977760837791518271,rural_189,Assets/Sprites/Tilesets/5381_tilesheet_rural.png
ca623a6c49e7a1046bd03f8199d27314,4226848489356718782,rural_190,Assets/Sprites/Tilesets/5381_tilesheet_rural.png
ca623a6c49e7a1046bd03f8199d27314,-8236584472190259415,rural_191,Assets/Sprites/Tilesets/5381_tilesheet_rural.png
ca623a6c49e7a1046bd03f8199d27314,-8992005622729389307,rural_192,Assets/Sprites/Tilesets/5381_tilesheet_rural.png
ca623a6c49e7a1046bd03f8199d27314,9185226273848547440,rural_193,Assets/Sprites/Tilesets/5381_tilesheet_rural.png
ca623a6c49e7a1046bd03f8199d27314,-7367521910513102346,rural_194,Assets/Sprites/Tilesets/5381_tilesheet_rural.png
ca623a6c49e7a1046bd03f8199d27314,4652559125209467337,rural_195,Assets/Sprites/Tilesets/5381_tilesheet_rural.png
ca623a6c49e7a1046bd03f8199d27314,-2461449556822371205,rural_196,Assets/Sprites/Tilesets/5381_tilesheet_rural.png
ca623a6c49e7a1046bd03f8199d27314,2881414327404933116,rural_197,Assets/Sprites/Tilesets/5381_tilesheet_rural.png
ca623a6c49e7a1046bd03f8199d27314,-2807883170600298723,rural_198,Assets/Sprites/Tilesets/5381_tilesheet_rural.png
ca623a6c49e7a1046bd03f8199d27314,-1124929230099341800,rural_199,Assets/Sprites/Tilesets/5381_tilesheet_rural.png
ca623a6c49e7a1046bd03f8199d27314,3739629566794811945,rural_210,Assets/Sprites/Tilesets/5381_tilesheet_rural.png
ca623a6c49e7a1046bd03f8199d27314,312411451082320881,rural_211,Assets/Sprites/Tilesets/5381_tilesheet_rural.png
ca623a6c49e7a1046bd03f8199d27314,7200636335243528347,rural_212,Assets/Sprites/Tilesets/5381_tilesheet_rural.png
ca623a6c49e7a1046bd03f8199d27314,-3977800204531077332,rural_213,Assets/Sprites/Tilesets/5381_tilesheet_rural.png
ca623a6c49e7a1046bd03f8199d27314,9018316408388942899,rural_214,Assets/Sprites/Tilesets/5381_tilesheet_rural.png
ca623a6c49e7a1046bd03f8199d27314,-2570949691034005900,rural_215,Assets/Sprites/Tilesets/5381_tilesheet_rural.png
ca623a6c49e7a1046bd03f8199d27314,2791595852367629972,rural_216,Assets/Sprites/Tilesets/5381_tilesheet_rural.png
ca623a6c49e7a1046bd03f8199d27314,7560987481910819968,rural_217,Assets/Sprites/Tilesets/5381_tilesheet_rural.png
ca623a6c49e7a1046bd03f8199d27314,8628016325019199391,rural_218,Assets/Sprites/Tilesets/5381_tilesheet_rural.png
ca623a6c49e7a1046bd03f8199d27314,2294871103751515929,rural_219,Assets/Sprites/Tilesets/5381_tilesheet_rural.png
ca623a6c49e7a1046bd03f8199d27314,-6167804180273747926,rural_220,Assets/Sprites/Tilesets/5381_tilesheet_rural.png
ca623a6c49e7a1046bd03f8199d27314,863553802706296020,rural_221,Assets/Sprites/Tilesets/5381_tilesheet_rural.png
ca623a6c49e7a1046bd03f8199d27314,-4227776513080790873,rural_222,Assets/Sprites/Tilesets/5381_tilesheet_rural.png
ca623a6c49e7a1046bd03f8199d27314,-1126271621817865780,rural_223,Assets/Sprites/Tilesets/5381_tilesheet_rural.png
ca623a6c49e7a1046bd03f8199d27314,7115231666849958538,rural_224,Assets/Sprites/Tilesets/5381_tilesheet_rural.png
ca623a6c49e7a1046bd03f8199d27314,-2376931319762873690,rural_225,Assets/Sprites/Tilesets/5381_tilesheet_rural.png
ca623a6c49e7a1046bd03f8199d27314,-609758178335434047,rural_226,Assets/Sprites/Tilesets/5381_tilesheet_rural.png
ca623a6c49e7a1046bd03f8199d27314,-4405719728687186775,rural_227,Assets/Sprites/Tilesets/5381_tilesheet_rural.png
ca623a6c49e7a1046bd03f8199d27314,6698147340294147897,rural_228,Assets/Sprites/Tilesets/5381_tilesheet_rural.png
ca623a6c49e7a1046bd03f8199d27314,5365529030329516596,rural_229,Assets/Sprites/Tilesets/5381_tilesheet_rural.png
ca623a6c49e7a1046bd03f8199d27314,8298471800516993061,rural_230,Assets/Sprites/Tilesets/5381_tilesheet_rural.png
ca623a6c49e7a1046bd03f8199d27314,-7397664776066113000,rural_231,Assets/Sprites/Tilesets/5381_tilesheet_rural.png
ca623a6c49e7a1046bd03f8199d27314,2482586323228808731,rural_232,Assets/Sprites/Tilesets/5381_tilesheet_rural.png
ca623a6c49e7a1046bd03f8199d27314,1994940757356745112,rural_233,Assets/Sprites/Tilesets/5381_tilesheet_rural.png
ca623a6c49e7a1046bd03f8199d27314,-1078203913016493803,rural_234,Assets/Sprites/Tilesets/5381_tilesheet_rural.png
ca623a6c49e7a1046bd03f8199d27314,-6752338200585653871,rural_235,Assets/Sprites/Tilesets/5381_tilesheet_rural.png
ca623a6c49e7a1046bd03f8199d27314,8127992217002793755,rural_236,Assets/Sprites/Tilesets/5381_tilesheet_rural.png
ca623a6c49e7a1046bd03f8199d27314,-4101432685032244580,rural_237,Assets/Sprites/Tilesets/5381_tilesheet_rural.png
ca623a6c49e7a1046bd03f8199d27314,8265415928279550358,rural_238,Assets/Sprites/Tilesets/5381_tilesheet_rural.png
ca623a6c49e7a1046bd03f8199d27314,-6674396443900270943,rural_239,Assets/Sprites/Tilesets/5381_tilesheet_rural.png
ca623a6c49e7a1046bd03f8199d27314,1080804530591515564,rural_240,Assets/Sprites/Tilesets/5381_tilesheet_rural.png
ca623a6c49e7a1046bd03f8199d27314,-506354789666657039,rural_241,Assets/Sprites/Tilesets/5381_tilesheet_rural.png
ca623a6c49e7a1046bd03f8199d27314,2673319297951487583,rural_242,Assets/Sprites/Tilesets/5381_tilesheet_rural.png
ca623a6c49e7a1046bd03f8199d27314,-9008657601438776649,rural_243,Assets/Sprites/Tilesets/5381_tilesheet_rural.png
ca623a6c49e7a1046bd03f8199d27314,2147599006017125171,rural_244,Assets/Sprites/Tilesets/5381_tilesheet_rural.png
ca623a6c49e7a1046bd03f8199d27314,8244018970315126061,rural_245,Assets/Sprites/Tilesets/5381_tilesheet_rural.png
ca623a6c49e7a1046bd03f8199d27314,5361997221339473481,rural_246,Assets/Sprites/Tilesets/5381_tilesheet_rural.png
ca623a6c49e7a1046bd03f8199d27314,4325820406135612389,rural_247,Assets/Sprites/Tilesets/5381_tilesheet_rural.png
ca623a6c49e7a1046bd03f8199d27314,-7925412122032304329,rural_248,Assets/Sprites/Tilesets/5381_tilesheet_rural.png
ca623a6c49e7a1046bd03f8199d27314,8322959718669543486,rural_249,Assets/Sprites/Tilesets/5381_tilesheet_rural.png
ca623a6c49e7a1046bd03f8199d27314,-5126770328913247271,rural_310,Assets/Sprites/Tilesets/5381_tilesheet_rural.png
ca623a6c49e7a1046bd03f8199d27314,7946168081469297458,rural_311,Assets/Sprites/Tilesets/5381_tilesheet_rural.png
ca623a6c49e7a1046bd03f8199d27314,2527338040782231141,rural_312,Assets/Sprites/Tilesets/5381_tilesheet_rural.png
ca623a6c49e7a1046bd03f8199d27314,-8435350848283442103,rural_313,Assets/Sprites/Tilesets/5381_tilesheet_rural.png
ca623a6c49e7a1046bd03f8199d27314,4282322130146762943,rural_314,Assets/Sprites/Tilesets/5381_tilesheet_rural.png
ca623a6c49e7a1046bd03f8199d27314,3682794847301178665,rural_315,Assets/Sprites/Tilesets/5381_tilesheet_rural.png
ca623a6c49e7a1046bd03f8199d27314,1659778227345637010,rural_316,Assets/Sprites/Tilesets/5381_tilesheet_rural.png
ca623a6c49e7a1046bd03f8199d27314,-7080128163828701033,rural_317,Assets/Sprites/Tilesets/5381_tilesheet_rural.png
ca623a6c49e7a1046bd03f8199d27314,9125346741212962701,rural_318,Assets/Sprites/Tilesets/5381_tilesheet_rural.png
ca623a6c49e7a1046bd03f8199d27314,5290670118394407882,rural_319,Assets/Sprites/Tilesets/5381_tilesheet_rural.png
ca623a6c49e7a1046bd03f8199d27314,2717723488615757018,rural_320,Assets/Sprites/Tilesets/5381_tilesheet_rural.png
ca623a6c49e7a1046bd03f8199d27314,-5202534442311399235,rural_321,Assets/Sprites/Tilesets/5381_tilesheet_rural.png
ca623a6c49e7a1046bd03f8199d27314,7003119491202799949,rural_322,Assets/Sprites/Tilesets/5381_tilesheet_rural.png
ca623a6c49e7a1046bd03f8199d27314,-1516101246683267341,rural_323,Assets/Sprites/Tilesets/5381_tilesheet_rural.png
ca623a6c49e7a1046bd03f8199d27314,4262453134342189748,rural_324,Assets/Sprites/Tilesets/5381_tilesheet_rural.png
ca623a6c49e7a1046bd03f8199d27314,6228360690865079267,rural_325,Assets/Sprites/Tilesets/5381_tilesheet_rural.png
ca623a6c49e7a1046bd03f8199d27314,9160419723727516329,rural_326,Assets/Sprites/Tilesets/5381_tilesheet_rural.png
ca623a6c49e7a1046bd03f8199d27314,-5622098513726520222,rural_327,Assets/Sprites/Tilesets/5381_tilesheet_rural.png
ca623a6c49e7a1046bd03f8199d27314,-5773599922294629756,rural_328,Assets/Sprites/Tilesets/5381_tilesheet_rural.png
ca623a6c49e7a1046bd03f8199d27314,-4491712781077807811,rural_329,Assets/Sprites/Tilesets/5381_tilesheet_rural.png
ca623a6c49e7a1046bd03f8199d27314,-7569774998583758339,rural_1100,Assets/Sprites/Tilesets/5381_tilesheet_rural.png
ca623a6c49e7a1046bd03f8199d27314,5724964047476610699,rural_1101,Assets/Sprites/Tilesets/5381_tilesheet_rural.png
ca623a6c49e7a1046bd03f8199d27314,-8176903463482961363,rural_1102,Assets/Sprites/Tilesets/5381_tilesheet_rural.png
ca623a6c49e7a1046bd03f8199d27314,772099505048300058,rural_1103,Assets/Sprites/Tilesets/5381_tilesheet_rural.png
ca623a6c49e7a1046bd03f8199d27314,-1546089664426798931,rural_1104,Assets/Sprites/Tilesets/5381_tilesheet_rural.png
ca623a6c49e7a1046bd03f8199d27314,3057489228873141528,rural_1105,Assets/Sprites/Tilesets/5381_tilesheet_rural.png
ca623a6c49e7a1046bd03f8199d27314,-489555711401333540,rural_1106,Assets/Sprites/Tilesets/5381_tilesheet_rural.png
ca623a6c49e7a1046bd03f8199d27314,5291237931218343278,rural_1107,Assets/Sprites/Tilesets/5381_tilesheet_rural.png
ca623a6c49e7a1046bd03f8199d27314,-2420368013389638570,rural_1108,Assets/Sprites/Tilesets/5381_tilesheet_rural.png
ca623a6c49e7a1046bd03f8199d27314,-6574934626188038903,rural_1109,Assets/Sprites/Tilesets/5381_tilesheet_rural.png
ca623a6c49e7a1046bd03f8199d27314,-201460538643699791,rural_lava,Assets/Sprites/Tilesets/5381_tilesheet_rural.png
ca623a6c49e7a1046bd03f8199d27314,-4400644427685314254,rural_water,Assets/Sprites/Tilesets/5381_tilesheet_rural.png
ca623a6c49e7a1046bd03f8199d27314,7055374874864954388,rural_water_background,Assets/Sprites/Tilesets/5381_tilesheet_rural.png
ca623a6c49e7a1046bd03f8199d27314,8283533273962829627,rural_water_backwall,Assets/Sprites/Tilesets/5381_tilesheet_rural.png
ca623a6c49e7a1046bd03f8199d27314,4392170440827130783,rural_waterfall,Assets/Sprites/Tilesets/5381_tilesheet_rural.png
45317f3b956440e4d8e7f89a3a06ee8d,-8655818156195654838,monastery_lost_10,Assets/Sprites/Tilesets/5382_tilesheet_monastery_lost.png
45317f3b956440e4d8e7f89a3a06ee8d,6346318911325233748,monastery_lost_11,Assets/Sprites/Tilesets/5382_tilesheet_monastery_lost.png
45317f3b956440e4d8e7f89a3a06ee8d,1840059084634729652,monastery_lost_12,Assets/Sprites/Tilesets/5382_tilesheet_monastery_lost.png
45317f3b956440e4d8e7f89a3a06ee8d,1127223760459724062,monastery_lost_13,Assets/Sprites/Tilesets/5382_tilesheet_monastery_lost.png
45317f3b956440e4d8e7f89a3a06ee8d,2450565909728410856,monastery_lost_14,Assets/Sprites/Tilesets/5382_tilesheet_monastery_lost.png
45317f3b956440e4d8e7f89a3a06ee8d,-3165705482850905674,monastery_lost_15,Assets/Sprites/Tilesets/5382_tilesheet_monastery_lost.png
45317f3b956440e4d8e7f89a3a06ee8d,-5774996654182199871,monastery_lost_16,Assets/Sprites/Tilesets/5382_tilesheet_monastery_lost.png
45317f3b956440e4d8e7f89a3a06ee8d,4443897450750874535,monastery_lost_17,Assets/Sprites/Tilesets/5382_tilesheet_monastery_lost.png
45317f3b956440e4d8e7f89a3a06ee8d,5661049957185019681,monastery_lost_18,Assets/Sprites/Tilesets/5382_tilesheet_monastery_lost.png
45317f3b956440e4d8e7f89a3a06ee8d,8474981341611232960,monastery_lost_19,Assets/Sprites/Tilesets/5382_tilesheet_monastery_lost.png
45317f3b956440e4d8e7f89a3a06ee8d,6836142153017594085,monastery_lost_20,Assets/Sprites/Tilesets/5382_tilesheet_monastery_lost.png
45317f3b956440e4d8e7f89a3a06ee8d,2185498278340178504,monastery_lost_21,Assets/Sprites/Tilesets/5382_tilesheet_monastery_lost.png
45317f3b956440e4d8e7f89a3a06ee8d,430984766625829748,monastery_lost_22,Assets/Sprites/Tilesets/5382_tilesheet_monastery_lost.png
45317f3b956440e4d8e7f89a3a06ee8d,-1317986280940093683,monastery_lost_23,Assets/Sprites/Tilesets/5382_tilesheet_monastery_lost.png
45317f3b956440e4d8e7f89a3a06ee8d,-8326724806951850010,monastery_lost_24,Assets/Sprites/Tilesets/5382_tilesheet_monastery_lost.png
45317f3b956440e4d8e7f89a3a06ee8d,8914089594741642868,monastery_lost_25,Assets/Sprites/Tilesets/5382_tilesheet_monastery_lost.png
45317f3b956440e4d8e7f89a3a06ee8d,276181914589855336,monastery_lost_26,Assets/Sprites/Tilesets/5382_tilesheet_monastery_lost.png
45317f3b956440e4d8e7f89a3a06ee8d,588497054336764479,monastery_lost_27,Assets/Sprites/Tilesets/5382_tilesheet_monastery_lost.png
45317f3b956440e4d8e7f89a3a06ee8d,-540048619370252142,monastery_lost_28,Assets/Sprites/Tilesets/5382_tilesheet_monastery_lost.png
45317f3b956440e4d8e7f89a3a06ee8d,-3511060238418154924,monastery_lost_29,Assets/Sprites/Tilesets/5382_tilesheet_monastery_lost.png
45317f3b956440e4d8e7f89a3a06ee8d,-6691012767228139306,monastery_lost_30,Assets/Sprites/Tilesets/5382_tilesheet_monastery_lost.png
45317f3b956440e4d8e7f89a3a06ee8d,8251907811329543855,monastery_lost_31,Assets/Sprites/Tilesets/5382_tilesheet_monastery_lost.png
45317f3b956440e4d8e7f89a3a06ee8d,-8946788012438720712,monastery_lost_32,Assets/Sprites/Tilesets/5382_tilesheet_monastery_lost.png
45317f3b956440e4d8e7f89a3a06ee8d,-3538851436377425636,monastery_lost_33,Assets/Sprites/Tilesets/5382_tilesheet_monastery_lost.png
45317f3b956440e4d8e7f89a3a06ee8d,5837620518785745679,monastery_lost_34,Assets/Sprites/Tilesets/5382_tilesheet_monastery_lost.png
45317f3b956440e4d8e7f89a3a06ee8d,735763825654373507,monastery_lost_35,Assets/Sprites/Tilesets/5382_tilesheet_monastery_lost.png
45317f3b956440e4d8e7f89a3a06ee8d,-6766607325196344940,monastery_lost_36,Assets/Sprites/Tilesets/5382_tilesheet_monastery_lost.png
45317f3b956440e4d8e7f89a3a06ee8d,7123294266852565953,monastery_lost_37,Assets/Sprites/Tilesets/5382_tilesheet_monastery_lost.png
45317f3b956440e4d8e7f89a3a06ee8d,1812952166184403864,monastery_lost_38,Assets/Sprites/Tilesets/5382_tilesheet_monastery_lost.png
45317f3b956440e4d8e7f89a3a06ee8d,765628930423093814,monastery_lost_39,Assets/Sprites/Tilesets/5382_tilesheet_monastery_lost.png
45317f3b956440e4d8e7f89a3a06ee8d,2692228934559545928,monastery_lost_110,Assets/Sprites/Tilesets/5382_tilesheet_monastery_lost.png
45317f3b956440e4d8e7f89a3a06ee8d,8694305388649107506,monastery_lost_111,Assets/Sprites/Tilesets/5382_tilesheet_monastery_lost.png
45317f3b956440e4d8e7f89a3a06ee8d,-6908713535308251356,monastery_lost_112,Assets/Sprites/Tilesets/5382_tilesheet_monastery_lost.png
45317f3b956440e4d8e7f89a3a06ee8d,-4129235289053152723,monastery_lost_113,Assets/Sprites/Tilesets/5382_tilesheet_monastery_lost.png
45317f3b956440e4d8e7f89a3a06ee8d,-5468382029055465884,monastery_lost_114,Assets/Sprites/Tilesets/5382_tilesheet_monastery_lost.png
45317f3b956440e4d8e7f89a3a06ee8d,6734684633657039821,monastery_lost_115,Assets/Sprites/Tilesets/5382_tilesheet_monastery_lost.png
45317f3b956440e4d8e7f89a3a06ee8d,-5903299138629098404,monastery_lost_116,Assets/Sprites/Tilesets/5382_tilesheet_monastery_lost.png
45317f3b956440e4d8e7f89a3a06ee8d,-6398567975934360271,monastery_lost_117,Assets/Sprites/Tilesets/5382_tilesheet_monastery_lost.png
45317f3b956440e4d8e7f89a3a06ee8d,-8957284035257282584,monastery_lost_118,Assets/Sprites/Tilesets/5382_tilesheet_monastery_lost.png
45317f3b956440e4d8e7f89a3a06ee8d,-9138037040227770232,monastery_lost_119,Assets/Sprites/Tilesets/5382_tilesheet_monastery_lost.png
45317f3b956440e4d8e7f89a3a06ee8d,6287607311731213131,monastery_lost_120,Assets/Sprites/Tilesets/5382_tilesheet_monastery_lost.png
45317f3b956440e4d8e7f89a3a06ee8d,2425639911146021689,monastery_lost_121,Assets/Sprites/Tilesets/5382_tilesheet_monastery_lost.png
45317f3b956440e4d8e7f89a3a06ee8d,7293906268319233776,monastery_lost_122,Assets/Sprites/Tilesets/5382_tilesheet_monastery_lost.png
45317f3b956440e4d8e7f89a3a06ee8d,9174235224718242758,monastery_lost_123,Assets/Sprites/Tilesets/5382_tilesheet_monastery_lost.png
45317f3b956440e4d8e7f89a3a06ee8d,6312037128003990989,monastery_lost_124,Assets/Sprites/Tilesets/5382_tilesheet_monastery_lost.png
45317f3b956440e4d8e7f89a3a06ee8d,-3713311849071092161,monastery_lost_125,Assets/Sprites/Tilesets/5382_tilesheet_monastery_lost.png
45317f3b956440e4d8e7f89a3a06ee8d,3685152125961464965,monastery_lost_126,Assets/Sprites/Tilesets/5382_tilesheet_monastery_lost.png
45317f3b956440e4d8e7f89a3a06ee8d,3021946288986219864,monastery_lost_127,Assets/Sprites/Tilesets/5382_tilesheet_monastery_lost.png
45317f3b956440e4d8e7f89a3a06ee8d,821699465916322869,monastery_lost_128,Assets/Sprites/Tilesets/5382_tilesheet_monastery_lost.png
45317f3b956440e4d8e7f89a3a06ee8d,-8735441677112475752,monastery_lost_129,Assets/Sprites/Tilesets/5382_tilesheet_monastery_lost.png
45317f3b956440e4d8e7f89a3a06ee8d,-201460538643699791,monastery_lost_lava,Assets/Sprites/Tilesets/5382_tilesheet_monastery_lost.png
45317f3b956440e4d8e7f89a3a06ee8d,-4400644427685314254,monastery_lost_water,Assets/Sprites/Tilesets/5382_tilesheet_monastery_lost.png
45317f3b956440e4d8e7f89a3a06ee8d,7055374874864954388,monastery_lost_water_background,Assets/Sprites/Tilesets/5382_tilesheet_monastery_lost.png
45317f3b956440e4d8e7f89a3a06ee8d,8283533273962829627,monastery_lost_water_backwall,Assets/Sprites/Tilesets/5382_tilesheet_monastery_lost.png
45317f3b956440e4d8e7f89a3a06ee8d,4392170440827130783,monastery_lost_waterfall,Assets/Sprites/Tilesets/5382_tilesheet_monastery_lost.png
9f72df1c07b8f1b429c407f4c4c20bf1,-8655818156195654838,monastery_10,Assets/Sprites/Tilesets/5383_tilesheet_monastery.png
9f72df1c07b8f1b429c407f4c4c20bf1,6346318911325233748,monastery_11,Assets/Sprites/Tilesets/5383_tilesheet_monastery.png
9f72df1c07b8f1b429c407f4c4c20bf1,1840059084634729652,monastery_12,Assets/Sprites/Tilesets/5383_tilesheet_monastery.png
9f72df1c07b8f1b429c407f4c4c20bf1,1127223760459724062,monastery_13,Assets/Sprites/Tilesets/5383_tilesheet_monastery.png
9f72df1c07b8f1b429c407f4c4c20bf1,2450565909728410856,monastery_14,Assets/Sprites/Tilesets/5383_tilesheet_monastery.png
9f72df1c07b8f1b429c407f4c4c20bf1,-3165705482850905674,monastery_15,Assets/Sprites/Tilesets/5383_tilesheet_monastery.png
9f72df1c07b8f1b429c407f4c4c20bf1,-5774996654182199871,monastery_16,Assets/Sprites/Tilesets/5383_tilesheet_monastery.png
9f72df1c07b8f1b429c407f4c4c20bf1,4443897450750874535,monastery_17,Assets/Sprites/Tilesets/5383_tilesheet_monastery.png
9f72df1c07b8f1b429c407f4c4c20bf1,5661049957185019681,monastery_18,Assets/Sprites/Tilesets/5383_tilesheet_monastery.png
9f72df1c07b8f1b429c407f4c4c20bf1,8474981341611232960,monastery_19,Assets/Sprites/Tilesets/5383_tilesheet_monastery.png
9f72df1c07b8f1b429c407f4c4c20bf1,6836142153017594085,monastery_20,Assets/Sprites/Tilesets/5383_tilesheet_monastery.png
9f72df1c07b8f1b429c407f4c4c20bf1,2185498278340178504,monastery_21,Assets/Sprites/Tilesets/5383_tilesheet_monastery.png
9f72df1c07b8f1b429c407f4c4c20bf1,430984766625829748,monastery_22,Assets/Sprites/Tilesets/5383_tilesheet_monastery.png
9f72df1c07b8f1b429c407f4c4c20bf1,-1317986280940093683,monastery_23,Assets/Sprites/Tilesets/5383_tilesheet_monastery.png
9f72df1c07b8f1b429c407f4c4c20bf1,-8326724806951850010,monastery_24,Assets/Sprites/Tilesets/5383_tilesheet_monastery.png
9f72df1c07b8f1b429c407f4c4c20bf1,8914089594741642868,monastery_25,Assets/Sprites/Tilesets/5383_tilesheet_monastery.png
9f72df1c07b8f1b429c407f4c4c20bf1,276181914589855336,monastery_26,Assets/Sprites/Tilesets/5383_tilesheet_monastery.png
9f72df1c07b8f1b429c407f4c4c20bf1,588497054336764479,monastery_27,Assets/Sprites/Tilesets/5383_tilesheet_monastery.png
9f72df1c07b8f1b429c407f4c4c20bf1,-540048619370252142,monastery_28,Assets/Sprites/Tilesets/5383_tilesheet_monastery.png
9f72df1c07b8f1b429c407f4c4c20bf1,-3511060238418154924,monastery_29,Assets/Sprites/Tilesets/5383_tilesheet_monastery.png
9f72df1c07b8f1b429c407f4c4c20bf1,-6691012767228139306,monastery_30,Assets/Sprites/Tilesets/5383_tilesheet_monastery.png
9f72df1c07b8f1b429c407f4c4c20bf1,8251907811329543855,monastery_31,Assets/Sprites/Tilesets/5383_tilesheet_monastery.png
9f72df1c07b8f1b429c407f4c4c20bf1,-8946788012438720712,monastery_32,Assets/Sprites/Tilesets/5383_tilesheet_monastery.png
9f72df1c07b8f1b429c407f4c4c20bf1,-3538851436377425636,monastery_33,Assets/Sprites/Tilesets/5383_tilesheet_monastery.png
9f72df1c07b8f1b429c407f4c4c20bf1,5837620518785745679,monastery_34,Assets/Sprites/Tilesets/5383_tilesheet_monastery.png
9f72df1c07b8f1b429c407f4c4c20bf1,735763825654373507,monastery_35,Assets/Sprites/Tilesets/5383_tilesheet_monastery.png
9f72df1c07b8f1b429c407f4c4c20bf1,-6766607325196344940,monastery_36,Assets/Sprites/Tilesets/5383_tilesheet_monastery.png
9f72df1c07b8f1b429c407f4c4c20bf1,7123294266852565953,monastery_37,Assets/Sprites/Tilesets/5383_tilesheet_monastery.png
9f72df1c07b8f1b429c407f4c4c20bf1,1812952166184403864,monastery_38,Assets/Sprites/Tilesets/5383_tilesheet_monastery.png
9f72df1c07b8f1b429c407f4c4c20bf1,765628930423093814,monastery_39,Assets/Sprites/Tilesets/5383_tilesheet_monastery.png
9f72df1c07b8f1b429c407f4c4c20bf1,2692228934559545928,monastery_110,Assets/Sprites/Tilesets/5383_tilesheet_monastery.png
9f72df1c07b8f1b429c407f4c4c20bf1,8694305388649107506,monastery_111,Assets/Sprites/Tilesets/5383_tilesheet_monastery.png
9f72df1c07b8f1b429c407f4c4c20bf1,-6908713535308251356,monastery_112,Assets/Sprites/Tilesets/5383_tilesheet_monastery.png
9f72df1c07b8f1b429c407f4c4c20bf1,-4129235289053152723,monastery_113,Assets/Sprites/Tilesets/5383_tilesheet_monastery.png
9f72df1c07b8f1b429c407f4c4c20bf1,-5468382029055465884,monastery_114,Assets/Sprites/Tilesets/5383_tilesheet_monastery.png
9f72df1c07b8f1b429c407f4c4c20bf1,6734684633657039821,monastery_115,Assets/Sprites/Tilesets/5383_tilesheet_monastery.png
9f72df1c07b8f1b429c407f4c4c20bf1,-5903299138629098404,monastery_116,Assets/Sprites/Tilesets/5383_tilesheet_monastery.png
9f72df1c07b8f1b429c407f4c4c20bf1,-6398567975934360271,monastery_117,Assets/Sprites/Tilesets/5383_tilesheet_monastery.png
9f72df1c07b8f1b429c407f4c4c20bf1,-8957284035257282584,monastery_118,Assets/Sprites/Tilesets/5383_tilesheet_monastery.png
9f72df1c07b8f1b429c407f4c4c20bf1,-9138037040227770232,monastery_119,Assets/Sprites/Tilesets/5383_tilesheet_monastery.png
9f72df1c07b8f1b429c407f4c4c20bf1,6287607311731213131,monastery_120,Assets/Sprites/Tilesets/5383_tilesheet_monastery.png
9f72df1c07b8f1b429c407f4c4c20bf1,2425639911146021689,monastery_121,Assets/Sprites/Tilesets/5383_tilesheet_monastery.png
9f72df1c07b8f1b429c407f4c4c20bf1,7293906268319233776,monastery_122,Assets/Sprites/Tilesets/5383_tilesheet_monastery.png
9f72df1c07b8f1b429c407f4c4c20bf1,9174235224718242758,monastery_123,Assets/Sprites/Tilesets/5383_tilesheet_monastery.png
9f72df1c07b8f1b429c407f4c4c20bf1,6312037128003990989,monastery_124,Assets/Sprites/Tilesets/5383_tilesheet_monastery.png
9f72df1c07b8f1b429c407f4c4c20bf1,-3713311849071092161,monastery_125,Assets/Sprites/Tilesets/5383_tilesheet_monastery.png
9f72df1c07b8f1b429c407f4c4c20bf1,3685152125961464965,monastery_126,Assets/Sprites/Tilesets/5383_tilesheet_monastery.png
9f72df1c07b8f1b429c407f4c4c20bf1,3021946288986219864,monastery_127,Assets/Sprites/Tilesets/5383_tilesheet_monastery.png
9f72df1c07b8f1b429c407f4c4c20bf1,821699465916322869,monastery_128,Assets/Sprites/Tilesets/5383_tilesheet_monastery.png
9f72df1c07b8f1b429c407f4c4c20bf1,-8735441677112475752,monastery_129,Assets/Sprites/Tilesets/5383_tilesheet_monastery.png
9f72df1c07b8f1b429c407f4c4c20bf1,-201460538643699791,monastery_lava,Assets/Sprites/Tilesets/5383_tilesheet_monastery.png
9f72df1c07b8f1b429c407f4c4c20bf1,-4400644427685314254,monastery_water,Assets/Sprites/Tilesets/5383_tilesheet_monastery.png
9f72df1c07b8f1b429c407f4c4c20bf1,7055374874864954388,monastery_water_background,Assets/Sprites/Tilesets/5383_tilesheet_monastery.png
9f72df1c07b8f1b429c407f4c4c20bf1,8283533273962829627,monastery_water_backwall,Assets/Sprites/Tilesets/5383_tilesheet_monastery.png
9f72df1c07b8f1b429c407f4c4c20bf1,4392170440827130783,monastery_waterfall,Assets/Sprites/Tilesets/5383_tilesheet_monastery.png
8309f368b13219e4185bb75605ff99a1,-8655818156195654838,lifewood_dream_10,Assets/Sprites/Tilesets/5384_tilesheet_lifewood_dream.png
8309f368b13219e4185bb75605ff99a1,6346318911325233748,lifewood_dream_11,Assets/Sprites/Tilesets/5384_tilesheet_lifewood_dream.png
8309f368b13219e4185bb75605ff99a1,1840059084634729652,lifewood_dream_12,Assets/Sprites/Tilesets/5384_tilesheet_lifewood_dream.png
8309f368b13219e4185bb75605ff99a1,1127223760459724062,lifewood_dream_13,Assets/Sprites/Tilesets/5384_tilesheet_lifewood_dream.png
8309f368b13219e4185bb75605ff99a1,2450565909728410856,lifewood_dream_14,Assets/Sprites/Tilesets/5384_tilesheet_lifewood_dream.png
8309f368b13219e4185bb75605ff99a1,-3165705482850905674,lifewood_dream_15,Assets/Sprites/Tilesets/5384_tilesheet_lifewood_dream.png
8309f368b13219e4185bb75605ff99a1,-5774996654182199871,lifewood_dream_16,Assets/Sprites/Tilesets/5384_tilesheet_lifewood_dream.png
8309f368b13219e4185bb75605ff99a1,4443897450750874535,lifewood_dream_17,Assets/Sprites/Tilesets/5384_tilesheet_lifewood_dream.png
8309f368b13219e4185bb75605ff99a1,5661049957185019681,lifewood_dream_18,Assets/Sprites/Tilesets/5384_tilesheet_lifewood_dream.png
8309f368b13219e4185bb75605ff99a1,8474981341611232960,lifewood_dream_19,Assets/Sprites/Tilesets/5384_tilesheet_lifewood_dream.png
8309f368b13219e4185bb75605ff99a1,6836142153017594085,lifewood_dream_20,Assets/Sprites/Tilesets/5384_tilesheet_lifewood_dream.png
8309f368b13219e4185bb75605ff99a1,2185498278340178504,lifewood_dream_21,Assets/Sprites/Tilesets/5384_tilesheet_lifewood_dream.png
8309f368b13219e4185bb75605ff99a1,430984766625829748,lifewood_dream_22,Assets/Sprites/Tilesets/5384_tilesheet_lifewood_dream.png
8309f368b13219e4185bb75605ff99a1,-1317986280940093683,lifewood_dream_23,Assets/Sprites/Tilesets/5384_tilesheet_lifewood_dream.png
8309f368b13219e4185bb75605ff99a1,-8326724806951850010,lifewood_dream_24,Assets/Sprites/Tilesets/5384_tilesheet_lifewood_dream.png
8309f368b13219e4185bb75605ff99a1,8914089594741642868,lifewood_dream_25,Assets/Sprites/Tilesets/5384_tilesheet_lifewood_dream.png
8309f368b13219e4185bb75605ff99a1,276181914589855336,lifewood_dream_26,Assets/Sprites/Tilesets/5384_tilesheet_lifewood_dream.png
8309f368b13219e4185bb75605ff99a1,588497054336764479,lifewood_dream_27,Assets/Sprites/Tilesets/5384_tilesheet_lifewood_dream.png
8309f368b13219e4185bb75605ff99a1,-540048619370252142,lifewood_dream_28,Assets/Sprites/Tilesets/5384_tilesheet_lifewood_dream.png
8309f368b13219e4185bb75605ff99a1,-3511060238418154924,lifewood_dream_29,Assets/Sprites/Tilesets/5384_tilesheet_lifewood_dream.png
8309f368b13219e4185bb75605ff99a1,-6691012767228139306,lifewood_dream_30,Assets/Sprites/Tilesets/5384_tilesheet_lifewood_dream.png
8309f368b13219e4185bb75605ff99a1,8251907811329543855,lifewood_dream_31,Assets/Sprites/Tilesets/5384_tilesheet_lifewood_dream.png
8309f368b13219e4185bb75605ff99a1,-8946788012438720712,lifewood_dream_32,Assets/Sprites/Tilesets/5384_tilesheet_lifewood_dream.png
8309f368b13219e4185bb75605ff99a1,-3538851436377425636,lifewood_dream_33,Assets/Sprites/Tilesets/5384_tilesheet_lifewood_dream.png
8309f368b13219e4185bb75605ff99a1,5837620518785745679,lifewood_dream_34,Assets/Sprites/Tilesets/5384_tilesheet_lifewood_dream.png
8309f368b13219e4185bb75605ff99a1,735763825654373507,lifewood_dream_35,Assets/Sprites/Tilesets/5384_tilesheet_lifewood_dream.png
8309f368b13219e4185bb75605ff99a1,-6766607325196344940,lifewood_dream_36,Assets/Sprites/Tilesets/5384_tilesheet_lifewood_dream.png
8309f368b13219e4185bb75605ff99a1,7123294266852565953,lifewood_dream_37,Assets/Sprites/Tilesets/5384_tilesheet_lifewood_dream.png
8309f368b13219e4185bb75605ff99a1,1812952166184403864,lifewood_dream_38,Assets/Sprites/Tilesets/5384_tilesheet_lifewood_dream.png
8309f368b13219e4185bb75605ff99a1,765628930423093814,lifewood_dream_39,Assets/Sprites/Tilesets/5384_tilesheet_lifewood_dream.png
8309f368b13219e4185bb75605ff99a1,2692228934559545928,lifewood_dream_110,Assets/Sprites/Tilesets/5384_tilesheet_lifewood_dream.png
8309f368b13219e4185bb75605ff99a1,8694305388649107506,lifewood_dream_111,Assets/Sprites/Tilesets/5384_tilesheet_lifewood_dream.png
8309f368b13219e4185bb75605ff99a1,-6908713535308251356,lifewood_dream_112,Assets/Sprites/Tilesets/5384_tilesheet_lifewood_dream.png
8309f368b13219e4185bb75605ff99a1,-4129235289053152723,lifewood_dream_113,Assets/Sprites/Tilesets/5384_tilesheet_lifewood_dream.png
8309f368b13219e4185bb75605ff99a1,-5468382029055465884,lifewood_dream_114,Assets/Sprites/Tilesets/5384_tilesheet_lifewood_dream.png
8309f368b13219e4185bb75605ff99a1,6734684633657039821,lifewood_dream_115,Assets/Sprites/Tilesets/5384_tilesheet_lifewood_dream.png
8309f368b13219e4185bb75605ff99a1,-5903299138629098404,lifewood_dream_116,Assets/Sprites/Tilesets/5384_tilesheet_lifewood_dream.png
8309f368b13219e4185bb75605ff99a1,-6398567975934360271,lifewood_dream_117,Assets/Sprites/Tilesets/5384_tilesheet_lifewood_dream.png
8309f368b13219e4185bb75605ff99a1,-8957284035257282584,lifewood_dream_118,Assets/Sprites/Tilesets/5384_tilesheet_lifewood_dream.png
8309f368b13219e4185bb75605ff99a1,-9138037040227770232,lifewood_dream_119,Assets/Sprites/Tilesets/5384_tilesheet_lifewood_dream.png
8309f368b13219e4185bb75605ff99a1,6287607311731213131,lifewood_dream_120,Assets/Sprites/Tilesets/5384_tilesheet_lifewood_dream.png
8309f368b13219e4185bb75605ff99a1,2425639911146021689,lifewood_dream_121,Assets/Sprites/Tilesets/5384_tilesheet_lifewood_dream.png
8309f368b13219e4185bb75605ff99a1,7293906268319233776,lifewood_dream_122,Assets/Sprites/Tilesets/5384_tilesheet_lifewood_dream.png
8309f368b13219e4185bb75605ff99a1,9174235224718242758,lifewood_dream_123,Assets/Sprites/Tilesets/5384_tilesheet_lifewood_dream.png
8309f368b13219e4185bb75605ff99a1,6312037128003990989,lifewood_dream_124,Assets/Sprites/Tilesets/5384_tilesheet_lifewood_dream.png
8309f368b13219e4185bb75605ff99a1,-3713311849071092161,lifewood_dream_125,Assets/Sprites/Tilesets/5384_tilesheet_lifewood_dream.png
8309f368b13219e4185bb75605ff99a1,3685152125961464965,lifewood_dream_126,Assets/Sprites/Tilesets/5384_tilesheet_lifewood_dream.png
8309f368b13219e4185bb75605ff99a1,3021946288986219864,lifewood_dream_127,Assets/Sprites/Tilesets/5384_tilesheet_lifewood_dream.png
8309f368b13219e4185bb75605ff99a1,821699465916322869,lifewood_dream_128,Assets/Sprites/Tilesets/5384_tilesheet_lifewood_dream.png
8309f368b13219e4185bb75605ff99a1,-8735441677112475752,lifewood_dream_129,Assets/Sprites/Tilesets/5384_tilesheet_lifewood_dream.png
8309f368b13219e4185bb75605ff99a1,162189906751378928,lifewood_dream_130,Assets/Sprites/Tilesets/5384_tilesheet_lifewood_dream.png
8309f368b13219e4185bb75605ff99a1,2551518094793869659,lifewood_dream_131,Assets/Sprites/Tilesets/5384_tilesheet_lifewood_dream.png
8309f368b13219e4185bb75605ff99a1,7564170298869451445,lifewood_dream_132,Assets/Sprites/Tilesets/5384_tilesheet_lifewood_dream.png
8309f368b13219e4185bb75605ff99a1,-5763829074529255567,lifewood_dream_133,Assets/Sprites/Tilesets/5384_tilesheet_lifewood_dream.png
8309f368b13219e4185bb75605ff99a1,1524157299721021891,lifewood_dream_134,Assets/Sprites/Tilesets/5384_tilesheet_lifewood_dream.png
8309f368b13219e4185bb75605ff99a1,-1583898042935591190,lifewood_dream_135,Assets/Sprites/Tilesets/5384_tilesheet_lifewood_dream.png
8309f368b13219e4185bb75605ff99a1,-3505167688332446886,lifewood_dream_136,Assets/Sprites/Tilesets/5384_tilesheet_lifewood_dream.png
8309f368b13219e4185bb75605ff99a1,-6066770748219408245,lifewood_dream_137,Assets/Sprites/Tilesets/5384_tilesheet_lifewood_dream.png
8309f368b13219e4185bb75605ff99a1,6489610241198286182,lifewood_dream_138,Assets/Sprites/Tilesets/5384_tilesheet_lifewood_dream.png
8309f368b13219e4185bb75605ff99a1,1641813613071775055,lifewood_dream_139,Assets/Sprites/Tilesets/5384_tilesheet_lifewood_dream.png
8309f368b13219e4185bb75605ff99a1,7026842539221975203,lifewood_dream_140,Assets/Sprites/Tilesets/5384_tilesheet_lifewood_dream.png
8309f368b13219e4185bb75605ff99a1,-3558287319723886022,lifewood_dream_141,Assets/Sprites/Tilesets/5384_tilesheet_lifewood_dream.png
8309f368b13219e4185bb75605ff99a1,-8344083640052678453,lifewood_dream_142,Assets/Sprites/Tilesets/5384_tilesheet_lifewood_dream.png
8309f368b13219e4185bb75605ff99a1,246296347441123025,lifewood_dream_143,Assets/Sprites/Tilesets/5384_tilesheet_lifewood_dream.png
8309f368b13219e4185bb75605ff99a1,183212007095979961,lifewood_dream_144,Assets/Sprites/Tilesets/5384_tilesheet_lifewood_dream.png
8309f368b13219e4185bb75605ff99a1,-2406893295983391241,lifewood_dream_145,Assets/Sprites/Tilesets/5384_tilesheet_lifewood_dream.png
8309f368b13219e4185bb75605ff99a1,8680213767338256587,lifewood_dream_146,Assets/Sprites/Tilesets/5384_tilesheet_lifewood_dream.png
8309f368b13219e4185bb75605ff99a1,-3839419028077224407,lifewood_dream_147,Assets/Sprites/Tilesets/5384_tilesheet_lifewood_dream.png
8309f368b13219e4185bb75605ff99a1,-9186735260187993544,lifewood_dream_148,Assets/Sprites/Tilesets/5384_tilesheet_lifewood_dream.png
8309f368b13219e4185bb75605ff99a1,-9016710347682217852,lifewood_dream_149,Assets/Sprites/Tilesets/5384_tilesheet_lifewood_dream.png
8309f368b13219e4185bb75605ff99a1,-3144590571393297090,lifewood_dream_150,Assets/Sprites/Tilesets/5384_tilesheet_lifewood_dream.png
8309f368b13219e4185bb75605ff99a1,-1869248515973406079,lifewood_dream_151,Assets/Sprites/Tilesets/5384_tilesheet_lifewood_dream.png
8309f368b13219e4185bb75605ff99a1,1462365499702293984,lifewood_dream_152,Assets/Sprites/Tilesets/5384_tilesheet_lifewood_dream.png
8309f368b13219e4185bb75605ff99a1,3117608474565576089,lifewood_dream_153,Assets/Sprites/Tilesets/5384_tilesheet_lifewood_dream.png
8309f368b13219e4185bb75605ff99a1,4193222730039741841,lifewood_dream_154,Assets/Sprites/Tilesets/5384_tilesheet_lifewood_dream.png
8309f368b13219e4185bb75605ff99a1,-952682199232832059,lifewood_dream_155,Assets/Sprites/Tilesets/5384_tilesheet_lifewood_dream.png
8309f368b13219e4185bb75605ff99a1,-3213984598705551438,lifewood_dream_156,Assets/Sprites/Tilesets/5384_tilesheet_lifewood_dream.png
8309f368b13219e4185bb75605ff99a1,-5307506109448168031,lifewood_dream_157,Assets/Sprites/Tilesets/5384_tilesheet_lifewood_dream.png
8309f368b13219e4185bb75605ff99a1,6489871585197885851,lifewood_dream_158,Assets/Sprites/Tilesets/5384_tilesheet_lifewood_dream.png
8309f368b13219e4185bb75605ff99a1,-5410082502029113031,lifewood_dream_159,Assets/Sprites/Tilesets/5384_tilesheet_lifewood_dream.png
8309f368b13219e4185bb75605ff99a1,-8373222136145620632,lifewood_dream_160,Assets/Sprites/Tilesets/5384_tilesheet_lifewood_dream.png
8309f368b13219e4185bb75605ff99a1,-2115457103611978337,lifewood_dream_161,Assets/Sprites/Tilesets/5384_tilesheet_lifewood_dream.png
8309f368b13219e4185bb75605ff99a1,-7035195994024675113,lifewood_dream_162,Assets/Sprites/Tilesets/5384_tilesheet_lifewood_dream.png
8309f368b13219e4185bb75605ff99a1,-5079105962311074511,lifewood_dream_163,Assets/Sprites/Tilesets/5384_tilesheet_lifewood_dream.png
8309f368b13219e4185bb75605ff99a1,2733946097252187821,lifewood_dream_164,Assets/Sprites/Tilesets/5384_tilesheet_lifewood_dream.png
8309f368b13219e4185bb75605ff99a1,7161397670792433542,lifewood_dream_165,Assets/Sprites/Tilesets/5384_tilesheet_lifewood_dream.png
8309f368b13219e4185bb75605ff99a1,-6848136828857868286,lifewood_dream_166,Assets/Sprites/Tilesets/5384_tilesheet_lifewood_dream.png
8309f368b13219e4185bb75605ff99a1,700863525252940799,lifewood_dream_167,Assets/Sprites/Tilesets/5384_tilesheet_lifewood_dream.png
8309f368b13219e4185bb75605ff99a1,-3195476417298603316,lifewood_dream_168,Assets/Sprites/Tilesets/5384_tilesheet_lifewood_dream.png
8309f368b13219e4185bb75605ff99a1,-7858491299808530786,lifewood_dream_169,Assets/Sprites/Tilesets/5384_tilesheet_lifewood_dream.png
8309f368b13219e4185bb75605ff99a1,1701854330767516314,lifewood_dream_170,Assets/Sprites/Tilesets/5384_tilesheet_lifewood_dream.png
8309f368b13219e4185bb75605ff99a1,5932739100274104364,lifewood_dream_171,Assets/Sprites/Tilesets/5384_tilesheet_lifewood_dream.png
8309f368b13219e4185bb75605ff99a1,-6467276799757248785,lifewood_dream_172,Assets/Sprites/Tilesets/5384_tilesheet_lifewood_dream.png
8309f368b13219e4185bb75605ff99a1,-1300805632072158905,lifewood_dream_173,Assets/Sprites/Tilesets/5384_tilesheet_lifewood_dream.png
8309f368b13219e4185bb75605ff99a1,605696201848019545,lifewood_dream_174,Assets/Sprites/Tilesets/5384_tilesheet_lifewood_dream.png
8309f368b13219e4185bb75605ff99a1,-1724086907042617910,lifewood_dream_175,Assets/Sprites/Tilesets/5384_tilesheet_lifewood_dream.png
8309f368b13219e4185bb75605ff99a1,8475284525710512774,lifewood_dream_176,Assets/Sprites/Tilesets/5384_tilesheet_lifewood_dream.png
8309f368b13219e4185bb75605ff99a1,-3822713577358298166,lifewood_dream_177,Assets/Sprites/Tilesets/5384_tilesheet_lifewood_dream.png
8309f368b13219e4185bb75605ff99a1,1768339233626080706,lifewood_dream_178,Assets/Sprites/Tilesets/5384_tilesheet_lifewood_dream.png
8309f368b13219e4185bb75605ff99a1,-6841722765060534419,lifewood_dream_179,Assets/Sprites/Tilesets/5384_tilesheet_lifewood_dream.png
8309f368b13219e4185bb75605ff99a1,-3493160027052846601,lifewood_dream_180,Assets/Sprites/Tilesets/5384_tilesheet_lifewood_dream.png
8309f368b13219e4185bb75605ff99a1,-554438106920706084,lifewood_dream_181,Assets/Sprites/Tilesets/5384_tilesheet_lifewood_dream.png
8309f368b13219e4185bb75605ff99a1,-5341870609494625678,lifewood_dream_182,Assets/Sprites/Tilesets/5384_tilesheet_lifewood_dream.png
8309f368b13219e4185bb75605ff99a1,-8905662136806812126,lifewood_dream_183,Assets/Sprites/Tilesets/5384_tilesheet_lifewood_dream.png
8309f368b13219e4185bb75605ff99a1,5281638212969618885,lifewood_dream_184,Assets/Sprites/Tilesets/5384_tilesheet_lifewood_dream.png
8309f368b13219e4185bb75605ff99a1,-3150301486310352595,lifewood_dream_185,Assets/Sprites/Tilesets/5384_tilesheet_lifewood_dream.png
8309f368b13219e4185bb75605ff99a1,-733222574896515085,lifewood_dream_186,Assets/Sprites/Tilesets/5384_tilesheet_lifewood_dream.png
8309f368b13219e4185bb75605ff99a1,-3204314713441666975,lifewood_dream_187,Assets/Sprites/Tilesets/5384_tilesheet_lifewood_dream.png
8309f368b13219e4185bb75605ff99a1,-8295142853972654705,lifewood_dream_188,Assets/Sprites/Tilesets/5384_tilesheet_lifewood_dream.png
8309f368b13219e4185bb75605ff99a1,-1977760837791518271,lifewood_dream_189,Assets/Sprites/Tilesets/5384_tilesheet_lifewood_dream.png
8309f368b13219e4185bb75605ff99a1,4226848489356718782,lifewood_dream_190,Assets/Sprites/Tilesets/5384_tilesheet_lifewood_dream.png
8309f368b13219e4185bb75605ff99a1,-8236584472190259415,lifewood_dream_191,Assets/Sprites/Tilesets/5384_tilesheet_lifewood_dream.png
8309f368b13219e4185bb75605ff99a1,-8992005622729389307,lifewood_dream_192,Assets/Sprites/Tilesets/5384_tilesheet_lifewood_dream.png
8309f368b13219e4185bb75605ff99a1,9185226273848547440,lifewood_dream_193,Assets/Sprites/Tilesets/5384_tilesheet_lifewood_dream.png
8309f368b13219e4185bb75605ff99a1,-7367521910513102346,lifewood_dream_194,Assets/Sprites/Tilesets/5384_tilesheet_lifewood_dream.png
8309f368b13219e4185bb75605ff99a1,4652559125209467337,lifewood_dream_195,Assets/Sprites/Tilesets/5384_tilesheet_lifewood_dream.png
8309f368b13219e4185bb75605ff99a1,-2461449556822371205,lifewood_dream_196,Assets/Sprites/Tilesets/5384_tilesheet_lifewood_dream.png
8309f368b13219e4185bb75605ff99a1,2881414327404933116,lifewood_dream_197,Assets/Sprites/Tilesets/5384_tilesheet_lifewood_dream.png
8309f368b13219e4185bb75605ff99a1,-2807883170600298723,lifewood_dream_198,Assets/Sprites/Tilesets/5384_tilesheet_lifewood_dream.png
8309f368b13219e4185bb75605ff99a1,-1124929230099341800,lifewood_dream_199,Assets/Sprites/Tilesets/5384_tilesheet_lifewood_dream.png
8309f368b13219e4185bb75605ff99a1,3739629566794811945,lifewood_dream_210,Assets/Sprites/Tilesets/5384_tilesheet_lifewood_dream.png
8309f368b13219e4185bb75605ff99a1,312411451082320881,lifewood_dream_211,Assets/Sprites/Tilesets/5384_tilesheet_lifewood_dream.png
8309f368b13219e4185bb75605ff99a1,7200636335243528347,lifewood_dream_212,Assets/Sprites/Tilesets/5384_tilesheet_lifewood_dream.png
8309f368b13219e4185bb75605ff99a1,-3977800204531077332,lifewood_dream_213,Assets/Sprites/Tilesets/5384_tilesheet_lifewood_dream.png
8309f368b13219e4185bb75605ff99a1,9018316408388942899,lifewood_dream_214,Assets/Sprites/Tilesets/5384_tilesheet_lifewood_dream.png
8309f368b13219e4185bb75605ff99a1,-2570949691034005900,lifewood_dream_215,Assets/Sprites/Tilesets/5384_tilesheet_lifewood_dream.png
8309f368b13219e4185bb75605ff99a1,2791595852367629972,lifewood_dream_216,Assets/Sprites/Tilesets/5384_tilesheet_lifewood_dream.png
8309f368b13219e4185bb75605ff99a1,7560987481910819968,lifewood_dream_217,Assets/Sprites/Tilesets/5384_tilesheet_lifewood_dream.png
8309f368b13219e4185bb75605ff99a1,8628016325019199391,lifewood_dream_218,Assets/Sprites/Tilesets/5384_tilesheet_lifewood_dream.png
8309f368b13219e4185bb75605ff99a1,2294871103751515929,lifewood_dream_219,Assets/Sprites/Tilesets/5384_tilesheet_lifewood_dream.png
8309f368b13219e4185bb75605ff99a1,-6167804180273747926,lifewood_dream_220,Assets/Sprites/Tilesets/5384_tilesheet_lifewood_dream.png
8309f368b13219e4185bb75605ff99a1,863553802706296020,lifewood_dream_221,Assets/Sprites/Tilesets/5384_tilesheet_lifewood_dream.png
8309f368b13219e4185bb75605ff99a1,-4227776513080790873,lifewood_dream_222,Assets/Sprites/Tilesets/5384_tilesheet_lifewood_dream.png
8309f368b13219e4185bb75605ff99a1,-1126271621817865780,lifewood_dream_223,Assets/Sprites/Tilesets/5384_tilesheet_lifewood_dream.png
8309f368b13219e4185bb75605ff99a1,7115231666849958538,lifewood_dream_224,Assets/Sprites/Tilesets/5384_tilesheet_lifewood_dream.png
8309f368b13219e4185bb75605ff99a1,-2376931319762873690,lifewood_dream_225,Assets/Sprites/Tilesets/5384_tilesheet_lifewood_dream.png
8309f368b13219e4185bb75605ff99a1,-609758178335434047,lifewood_dream_226,Assets/Sprites/Tilesets/5384_tilesheet_lifewood_dream.png
8309f368b13219e4185bb75605ff99a1,-4405719728687186775,lifewood_dream_227,Assets/Sprites/Tilesets/5384_tilesheet_lifewood_dream.png
8309f368b13219e4185bb75605ff99a1,6698147340294147897,lifewood_dream_228,Assets/Sprites/Tilesets/5384_tilesheet_lifewood_dream.png
8309f368b13219e4185bb75605ff99a1,5365529030329516596,lifewood_dream_229,Assets/Sprites/Tilesets/5384_tilesheet_lifewood_dream.png
8309f368b13219e4185bb75605ff99a1,8298471800516993061,lifewood_dream_230,Assets/Sprites/Tilesets/5384_tilesheet_lifewood_dream.png
8309f368b13219e4185bb75605ff99a1,-7397664776066113000,lifewood_dream_231,Assets/Sprites/Tilesets/5384_tilesheet_lifewood_dream.png
8309f368b13219e4185bb75605ff99a1,2482586323228808731,lifewood_dream_232,Assets/Sprites/Tilesets/5384_tilesheet_lifewood_dream.png
8309f368b13219e4185bb75605ff99a1,1994940757356745112,lifewood_dream_233,Assets/Sprites/Tilesets/5384_tilesheet_lifewood_dream.png
8309f368b13219e4185bb75605ff99a1,-1078203913016493803,lifewood_dream_234,Assets/Sprites/Tilesets/5384_tilesheet_lifewood_dream.png
8309f368b13219e4185bb75605ff99a1,-6752338200585653871,lifewood_dream_235,Assets/Sprites/Tilesets/5384_tilesheet_lifewood_dream.png
8309f368b13219e4185bb75605ff99a1,8127992217002793755,lifewood_dream_236,Assets/Sprites/Tilesets/5384_tilesheet_lifewood_dream.png
8309f368b13219e4185bb75605ff99a1,-4101432685032244580,lifewood_dream_237,Assets/Sprites/Tilesets/5384_tilesheet_lifewood_dream.png
8309f368b13219e4185bb75605ff99a1,8265415928279550358,lifewood_dream_238,Assets/Sprites/Tilesets/5384_tilesheet_lifewood_dream.png
8309f368b13219e4185bb75605ff99a1,-6674396443900270943,lifewood_dream_239,Assets/Sprites/Tilesets/5384_tilesheet_lifewood_dream.png
8309f368b13219e4185bb75605ff99a1,1080804530591515564,lifewood_dream_240,Assets/Sprites/Tilesets/5384_tilesheet_lifewood_dream.png
8309f368b13219e4185bb75605ff99a1,-506354789666657039,lifewood_dream_241,Assets/Sprites/Tilesets/5384_tilesheet_lifewood_dream.png
8309f368b13219e4185bb75605ff99a1,2673319297951487583,lifewood_dream_242,Assets/Sprites/Tilesets/5384_tilesheet_lifewood_dream.png
8309f368b13219e4185bb75605ff99a1,-9008657601438776649,lifewood_dream_243,Assets/Sprites/Tilesets/5384_tilesheet_lifewood_dream.png
8309f368b13219e4185bb75605ff99a1,2147599006017125171,lifewood_dream_244,Assets/Sprites/Tilesets/5384_tilesheet_lifewood_dream.png
8309f368b13219e4185bb75605ff99a1,8244018970315126061,lifewood_dream_245,Assets/Sprites/Tilesets/5384_tilesheet_lifewood_dream.png
8309f368b13219e4185bb75605ff99a1,5361997221339473481,lifewood_dream_246,Assets/Sprites/Tilesets/5384_tilesheet_lifewood_dream.png
8309f368b13219e4185bb75605ff99a1,4325820406135612389,lifewood_dream_247,Assets/Sprites/Tilesets/5384_tilesheet_lifewood_dream.png
8309f368b13219e4185bb75605ff99a1,-7925412122032304329,lifewood_dream_248,Assets/Sprites/Tilesets/5384_tilesheet_lifewood_dream.png
8309f368b13219e4185bb75605ff99a1,8322959718669543486,lifewood_dream_249,Assets/Sprites/Tilesets/5384_tilesheet_lifewood_dream.png
8309f368b13219e4185bb75605ff99a1,7685791235311492198,lifewood_dream_250,Assets/Sprites/Tilesets/5384_tilesheet_lifewood_dream.png
8309f368b13219e4185bb75605ff99a1,6097070106790314979,lifewood_dream_251,Assets/Sprites/Tilesets/5384_tilesheet_lifewood_dream.png
8309f368b13219e4185bb75605ff99a1,1166535890125575309,lifewood_dream_252,Assets/Sprites/Tilesets/5384_tilesheet_lifewood_dream.png
8309f368b13219e4185bb75605ff99a1,-3529375166929399159,lifewood_dream_253,Assets/Sprites/Tilesets/5384_tilesheet_lifewood_dream.png
8309f368b13219e4185bb75605ff99a1,-5618943293163073787,lifewood_dream_254,Assets/Sprites/Tilesets/5384_tilesheet_lifewood_dream.png
8309f368b13219e4185bb75605ff99a1,-8088098303998425932,lifewood_dream_255,Assets/Sprites/Tilesets/5384_tilesheet_lifewood_dream.png
8309f368b13219e4185bb75605ff99a1,6020228106289174833,lifewood_dream_256,Assets/Sprites/Tilesets/5384_tilesheet_lifewood_dream.png
8309f368b13219e4185bb75605ff99a1,-5818354559177891042,lifewood_dream_257,Assets/Sprites/Tilesets/5384_tilesheet_lifewood_dream.png
8309f368b13219e4185bb75605ff99a1,271178689467477090,lifewood_dream_258,Assets/Sprites/Tilesets/5384_tilesheet_lifewood_dream.png
8309f368b13219e4185bb75605ff99a1,4659752456874887765,lifewood_dream_259,Assets/Sprites/Tilesets/5384_tilesheet_lifewood_dream.png
8309f368b13219e4185bb75605ff99a1,-5126770328913247271,lifewood_dream_310,Assets/Sprites/Tilesets/5384_tilesheet_lifewood_dream.png
8309f368b13219e4185bb75605ff99a1,7946168081469297458,lifewood_dream_311,Assets/Sprites/Tilesets/5384_tilesheet_lifewood_dream.png
8309f368b13219e4185bb75605ff99a1,2527338040782231141,lifewood_dream_312,Assets/Sprites/Tilesets/5384_tilesheet_lifewood_dream.png
8309f368b13219e4185bb75605ff99a1,-8435350848283442103,lifewood_dream_313,Assets/Sprites/Tilesets/5384_tilesheet_lifewood_dream.png
8309f368b13219e4185bb75605ff99a1,4282322130146762943,lifewood_dream_314,Assets/Sprites/Tilesets/5384_tilesheet_lifewood_dream.png
8309f368b13219e4185bb75605ff99a1,3682794847301178665,lifewood_dream_315,Assets/Sprites/Tilesets/5384_tilesheet_lifewood_dream.png
8309f368b13219e4185bb75605ff99a1,1659778227345637010,lifewood_dream_316,Assets/Sprites/Tilesets/5384_tilesheet_lifewood_dream.png
8309f368b13219e4185bb75605ff99a1,-7080128163828701033,lifewood_dream_317,Assets/Sprites/Tilesets/5384_tilesheet_lifewood_dream.png
8309f368b13219e4185bb75605ff99a1,9125346741212962701,lifewood_dream_318,Assets/Sprites/Tilesets/5384_tilesheet_lifewood_dream.png
8309f368b13219e4185bb75605ff99a1,5290670118394407882,lifewood_dream_319,Assets/Sprites/Tilesets/5384_tilesheet_lifewood_dream.png
8309f368b13219e4185bb75605ff99a1,2717723488615757018,lifewood_dream_320,Assets/Sprites/Tilesets/5384_tilesheet_lifewood_dream.png
8309f368b13219e4185bb75605ff99a1,-5202534442311399235,lifewood_dream_321,Assets/Sprites/Tilesets/5384_tilesheet_lifewood_dream.png
8309f368b13219e4185bb75605ff99a1,7003119491202799949,lifewood_dream_322,Assets/Sprites/Tilesets/5384_tilesheet_lifewood_dream.png
8309f368b13219e4185bb75605ff99a1,-1516101246683267341,lifewood_dream_323,Assets/Sprites/Tilesets/5384_tilesheet_lifewood_dream.png
8309f368b13219e4185bb75605ff99a1,4262453134342189748,lifewood_dream_324,Assets/Sprites/Tilesets/5384_tilesheet_lifewood_dream.png
8309f368b13219e4185bb75605ff99a1,6228360690865079267,lifewood_dream_325,Assets/Sprites/Tilesets/5384_tilesheet_lifewood_dream.png
8309f368b13219e4185bb75605ff99a1,9160419723727516329,lifewood_dream_326,Assets/Sprites/Tilesets/5384_tilesheet_lifewood_dream.png
8309f368b13219e4185bb75605ff99a1,-5622098513726520222,lifewood_dream_327,Assets/Sprites/Tilesets/5384_tilesheet_lifewood_dream.png
8309f368b13219e4185bb75605ff99a1,-5773599922294629756,lifewood_dream_328,Assets/Sprites/Tilesets/5384_tilesheet_lifewood_dream.png
8309f368b13219e4185bb75605ff99a1,-4491712781077807811,lifewood_dream_329,Assets/Sprites/Tilesets/5384_tilesheet_lifewood_dream.png
8309f368b13219e4185bb75605ff99a1,3858445796382837725,lifewood_dream_330,Assets/Sprites/Tilesets/5384_tilesheet_lifewood_dream.png
8309f368b13219e4185bb75605ff99a1,1576982563517511918,lifewood_dream_331,Assets/Sprites/Tilesets/5384_tilesheet_lifewood_dream.png
8309f368b13219e4185bb75605ff99a1,-8957563533776167652,lifewood_dream_332,Assets/Sprites/Tilesets/5384_tilesheet_lifewood_dream.png
8309f368b13219e4185bb75605ff99a1,4715161180640803526,lifewood_dream_333,Assets/Sprites/Tilesets/5384_tilesheet_lifewood_dream.png
8309f368b13219e4185bb75605ff99a1,-6257506664081412805,lifewood_dream_334,Assets/Sprites/Tilesets/5384_tilesheet_lifewood_dream.png
8309f368b13219e4185bb75605ff99a1,-4680067152379755720,lifewood_dream_335,Assets/Sprites/Tilesets/5384_tilesheet_lifewood_dream.png
8309f368b13219e4185bb75605ff99a1,2244374295097005331,lifewood_dream_336,Assets/Sprites/Tilesets/5384_tilesheet_lifewood_dream.png
8309f368b13219e4185bb75605ff99a1,7076060437303199293,lifewood_dream_337,Assets/Sprites/Tilesets/5384_tilesheet_lifewood_dream.png
8309f368b13219e4185bb75605ff99a1,5159104344043786886,lifewood_dream_338,Assets/Sprites/Tilesets/5384_tilesheet_lifewood_dream.png
8309f368b13219e4185bb75605ff99a1,-5744708227062500044,lifewood_dream_339,Assets/Sprites/Tilesets/5384_tilesheet_lifewood_dream.png
8309f368b13219e4185bb75605ff99a1,-7569774998583758339,lifewood_dream_1100,Assets/Sprites/Tilesets/5384_tilesheet_lifewood_dream.png
8309f368b13219e4185bb75605ff99a1,5724964047476610699,lifewood_dream_1101,Assets/Sprites/Tilesets/5384_tilesheet_lifewood_dream.png
8309f368b13219e4185bb75605ff99a1,-8176903463482961363,lifewood_dream_1102,Assets/Sprites/Tilesets/5384_tilesheet_lifewood_dream.png
8309f368b13219e4185bb75605ff99a1,772099505048300058,lifewood_dream_1103,Assets/Sprites/Tilesets/5384_tilesheet_lifewood_dream.png
8309f368b13219e4185bb75605ff99a1,-1546089664426798931,lifewood_dream_1104,Assets/Sprites/Tilesets/5384_tilesheet_lifewood_dream.png
8309f368b13219e4185bb75605ff99a1,3057489228873141528,lifewood_dream_1105,Assets/Sprites/Tilesets/5384_tilesheet_lifewood_dream.png
8309f368b13219e4185bb75605ff99a1,-489555711401333540,lifewood_dream_1106,Assets/Sprites/Tilesets/5384_tilesheet_lifewood_dream.png
8309f368b13219e4185bb75605ff99a1,5291237931218343278,lifewood_dream_1107,Assets/Sprites/Tilesets/5384_tilesheet_lifewood_dream.png
8309f368b13219e4185bb75605ff99a1,-2420368013389638570,lifewood_dream_1108,Assets/Sprites/Tilesets/5384_tilesheet_lifewood_dream.png
8309f368b13219e4185bb75605ff99a1,-6574934626188038903,lifewood_dream_1109,Assets/Sprites/Tilesets/5384_tilesheet_lifewood_dream.png
8309f368b13219e4185bb75605ff99a1,-182938280624200346,lifewood_dream_1110,Assets/Sprites/Tilesets/5384_tilesheet_lifewood_dream.png
8309f368b13219e4185bb75605ff99a1,2695682918337805038,lifewood_dream_1111,Assets/Sprites/Tilesets/5384_tilesheet_lifewood_dream.png
8309f368b13219e4185bb75605ff99a1,-5707155909472643132,lifewood_dream_1112,Assets/Sprites/Tilesets/5384_tilesheet_lifewood_dream.png
8309f368b13219e4185bb75605ff99a1,1152055973426475995,lifewood_dream_1113,Assets/Sprites/Tilesets/5384_tilesheet_lifewood_dream.png
8309f368b13219e4185bb75605ff99a1,5542024361733993677,lifewood_dream_1114,Assets/Sprites/Tilesets/5384_tilesheet_lifewood_dream.png
8309f368b13219e4185bb75605ff99a1,-5921179608863644580,lifewood_dream_1115,Assets/Sprites/Tilesets/5384_tilesheet_lifewood_dream.png
8309f368b13219e4185bb75605ff99a1,192535865646147348,lifewood_dream_1116,Assets/Sprites/Tilesets/5384_tilesheet_lifewood_dream.png
8309f368b13219e4185bb75605ff99a1,3633457353596406767,lifewood_dream_1117,Assets/Sprites/Tilesets/5384_tilesheet_lifewood_dream.png
8309f368b13219e4185bb75605ff99a1,2269496297103612743,lifewood_dream_1118,Assets/Sprites/Tilesets/5384_tilesheet_lifewood_dream.png
8309f368b13219e4185bb75605ff99a1,-5823631361897592655,lifewood_dream_1119,Assets/Sprites/Tilesets/5384_tilesheet_lifewood_dream.png
8309f368b13219e4185bb75605ff99a1,338422849111642521,lifewood_dream_1120,Assets/Sprites/Tilesets/5384_tilesheet_lifewood_dream.png
8309f368b13219e4185bb75605ff99a1,8129645087164880051,lifewood_dream_1121,Assets/Sprites/Tilesets/5384_tilesheet_lifewood_dream.png
8309f368b13219e4185bb75605ff99a1,7890734307253313622,lifewood_dream_1122,Assets/Sprites/Tilesets/5384_tilesheet_lifewood_dream.png
8309f368b13219e4185bb75605ff99a1,-9040940687665429480,lifewood_dream_1123,Assets/Sprites/Tilesets/5384_tilesheet_lifewood_dream.png
8309f368b13219e4185bb75605ff99a1,7087767300613358459,lifewood_dream_1124,Assets/Sprites/Tilesets/5384_tilesheet_lifewood_dream.png
8309f368b13219e4185bb75605ff99a1,7775273710260745714,lifewood_dream_1125,Assets/Sprites/Tilesets/5384_tilesheet_lifewood_dream.png
8309f368b13219e4185bb75605ff99a1,-2011197540995757177,lifewood_dream_1126,Assets/Sprites/Tilesets/5384_tilesheet_lifewood_dream.png
8309f368b13219e4185bb75605ff99a1,-6251588895976766832,lifewood_dream_1127,Assets/Sprites/Tilesets/5384_tilesheet_lifewood_dream.png
8309f368b13219e4185bb75605ff99a1,7108188872106161035,lifewood_dream_1128,Assets/Sprites/Tilesets/5384_tilesheet_lifewood_dream.png
8309f368b13219e4185bb75605ff99a1,2053881273269552942,lifewood_dream_1129,Assets/Sprites/Tilesets/5384_tilesheet_lifewood_dream.png
8309f368b13219e4185bb75605ff99a1,-201460538643699791,lifewood_dream_lava,Assets/Sprites/Tilesets/5384_tilesheet_lifewood_dream.png
8309f368b13219e4185bb75605ff99a1,-4400644427685314254,lifewood_dream_water,Assets/Sprites/Tilesets/5384_tilesheet_lifewood_dream.png
8309f368b13219e4185bb75605ff99a1,7055374874864954388,lifewood_dream_water_background,Assets/Sprites/Tilesets/5384_tilesheet_lifewood_dream.png
8309f368b13219e4185bb75605ff99a1,8283533273962829627,lifewood_dream_water_backwall,Assets/Sprites/Tilesets/5384_tilesheet_lifewood_dream.png
8309f368b13219e4185bb75605ff99a1,4392170440827130783,lifewood_dream_waterfall,Assets/Sprites/Tilesets/5384_tilesheet_lifewood_dream.png
f5d474bcbb55c5b438193e83535eea46,-8655818156195654838,interior6_10,Assets/Sprites/Tilesets/5385_tilesheet_interior6.png
f5d474bcbb55c5b438193e83535eea46,6346318911325233748,interior6_11,Assets/Sprites/Tilesets/5385_tilesheet_interior6.png
f5d474bcbb55c5b438193e83535eea46,1840059084634729652,interior6_12,Assets/Sprites/Tilesets/5385_tilesheet_interior6.png
f5d474bcbb55c5b438193e83535eea46,1127223760459724062,interior6_13,Assets/Sprites/Tilesets/5385_tilesheet_interior6.png
f5d474bcbb55c5b438193e83535eea46,2450565909728410856,interior6_14,Assets/Sprites/Tilesets/5385_tilesheet_interior6.png
f5d474bcbb55c5b438193e83535eea46,-3165705482850905674,interior6_15,Assets/Sprites/Tilesets/5385_tilesheet_interior6.png
f5d474bcbb55c5b438193e83535eea46,-5774996654182199871,interior6_16,Assets/Sprites/Tilesets/5385_tilesheet_interior6.png
f5d474bcbb55c5b438193e83535eea46,4443897450750874535,interior6_17,Assets/Sprites/Tilesets/5385_tilesheet_interior6.png
f5d474bcbb55c5b438193e83535eea46,5661049957185019681,interior6_18,Assets/Sprites/Tilesets/5385_tilesheet_interior6.png
f5d474bcbb55c5b438193e83535eea46,8474981341611232960,interior6_19,Assets/Sprites/Tilesets/5385_tilesheet_interior6.png
f5d474bcbb55c5b438193e83535eea46,6836142153017594085,interior6_20,Assets/Sprites/Tilesets/5385_tilesheet_interior6.png
f5d474bcbb55c5b438193e83535eea46,2185498278340178504,interior6_21,Assets/Sprites/Tilesets/5385_tilesheet_interior6.png
f5d474bcbb55c5b438193e83535eea46,430984766625829748,interior6_22,Assets/Sprites/Tilesets/5385_tilesheet_interior6.png
f5d474bcbb55c5b438193e83535eea46,-1317986280940093683,interior6_23,Assets/Sprites/Tilesets/5385_tilesheet_interior6.png
f5d474bcbb55c5b438193e83535eea46,-8326724806951850010,interior6_24,Assets/Sprites/Tilesets/5385_tilesheet_interior6.png
f5d474bcbb55c5b438193e83535eea46,8914089594741642868,interior6_25,Assets/Sprites/Tilesets/5385_tilesheet_interior6.png
f5d474bcbb55c5b438193e83535eea46,276181914589855336,interior6_26,Assets/Sprites/Tilesets/5385_tilesheet_interior6.png
f5d474bcbb55c5b438193e83535eea46,588497054336764479,interior6_27,Assets/Sprites/Tilesets/5385_tilesheet_interior6.png
f5d474bcbb55c5b438193e83535eea46,-540048619370252142,interior6_28,Assets/Sprites/Tilesets/5385_tilesheet_interior6.png
f5d474bcbb55c5b438193e83535eea46,-3511060238418154924,interior6_29,Assets/Sprites/Tilesets/5385_tilesheet_interior6.png
f5d474bcbb55c5b438193e83535eea46,-6691012767228139306,interior6_30,Assets/Sprites/Tilesets/5385_tilesheet_interior6.png
f5d474bcbb55c5b438193e83535eea46,8251907811329543855,interior6_31,Assets/Sprites/Tilesets/5385_tilesheet_interior6.png
f5d474bcbb55c5b438193e83535eea46,-8946788012438720712,interior6_32,Assets/Sprites/Tilesets/5385_tilesheet_interior6.png
f5d474bcbb55c5b438193e83535eea46,-3538851436377425636,interior6_33,Assets/Sprites/Tilesets/5385_tilesheet_interior6.png
f5d474bcbb55c5b438193e83535eea46,5837620518785745679,interior6_34,Assets/Sprites/Tilesets/5385_tilesheet_interior6.png
f5d474bcbb55c5b438193e83535eea46,735763825654373507,interior6_35,Assets/Sprites/Tilesets/5385_tilesheet_interior6.png
f5d474bcbb55c5b438193e83535eea46,-6766607325196344940,interior6_36,Assets/Sprites/Tilesets/5385_tilesheet_interior6.png
f5d474bcbb55c5b438193e83535eea46,7123294266852565953,interior6_37,Assets/Sprites/Tilesets/5385_tilesheet_interior6.png
f5d474bcbb55c5b438193e83535eea46,1812952166184403864,interior6_38,Assets/Sprites/Tilesets/5385_tilesheet_interior6.png
f5d474bcbb55c5b438193e83535eea46,765628930423093814,interior6_39,Assets/Sprites/Tilesets/5385_tilesheet_interior6.png
f5d474bcbb55c5b438193e83535eea46,2692228934559545928,interior6_110,Assets/Sprites/Tilesets/5385_tilesheet_interior6.png
f5d474bcbb55c5b438193e83535eea46,8694305388649107506,interior6_111,Assets/Sprites/Tilesets/5385_tilesheet_interior6.png
f5d474bcbb55c5b438193e83535eea46,-6908713535308251356,interior6_112,Assets/Sprites/Tilesets/5385_tilesheet_interior6.png
f5d474bcbb55c5b438193e83535eea46,-4129235289053152723,interior6_113,Assets/Sprites/Tilesets/5385_tilesheet_interior6.png
f5d474bcbb55c5b438193e83535eea46,-5468382029055465884,interior6_114,Assets/Sprites/Tilesets/5385_tilesheet_interior6.png
f5d474bcbb55c5b438193e83535eea46,6734684633657039821,interior6_115,Assets/Sprites/Tilesets/5385_tilesheet_interior6.png
f5d474bcbb55c5b438193e83535eea46,-5903299138629098404,interior6_116,Assets/Sprites/Tilesets/5385_tilesheet_interior6.png
f5d474bcbb55c5b438193e83535eea46,-6398567975934360271,interior6_117,Assets/Sprites/Tilesets/5385_tilesheet_interior6.png
f5d474bcbb55c5b438193e83535eea46,-8957284035257282584,interior6_118,Assets/Sprites/Tilesets/5385_tilesheet_interior6.png
f5d474bcbb55c5b438193e83535eea46,-9138037040227770232,interior6_119,Assets/Sprites/Tilesets/5385_tilesheet_interior6.png
f5d474bcbb55c5b438193e83535eea46,6287607311731213131,interior6_120,Assets/Sprites/Tilesets/5385_tilesheet_interior6.png
f5d474bcbb55c5b438193e83535eea46,2425639911146021689,interior6_121,Assets/Sprites/Tilesets/5385_tilesheet_interior6.png
f5d474bcbb55c5b438193e83535eea46,7293906268319233776,interior6_122,Assets/Sprites/Tilesets/5385_tilesheet_interior6.png
f5d474bcbb55c5b438193e83535eea46,9174235224718242758,interior6_123,Assets/Sprites/Tilesets/5385_tilesheet_interior6.png
f5d474bcbb55c5b438193e83535eea46,6312037128003990989,interior6_124,Assets/Sprites/Tilesets/5385_tilesheet_interior6.png
f5d474bcbb55c5b438193e83535eea46,-3713311849071092161,interior6_125,Assets/Sprites/Tilesets/5385_tilesheet_interior6.png
f5d474bcbb55c5b438193e83535eea46,3685152125961464965,interior6_126,Assets/Sprites/Tilesets/5385_tilesheet_interior6.png
f5d474bcbb55c5b438193e83535eea46,3021946288986219864,interior6_127,Assets/Sprites/Tilesets/5385_tilesheet_interior6.png
f5d474bcbb55c5b438193e83535eea46,821699465916322869,interior6_128,Assets/Sprites/Tilesets/5385_tilesheet_interior6.png
f5d474bcbb55c5b438193e83535eea46,-8735441677112475752,interior6_129,Assets/Sprites/Tilesets/5385_tilesheet_interior6.png
f5d474bcbb55c5b438193e83535eea46,162189906751378928,interior6_130,Assets/Sprites/Tilesets/5385_tilesheet_interior6.png
f5d474bcbb55c5b438193e83535eea46,2551518094793869659,interior6_131,Assets/Sprites/Tilesets/5385_tilesheet_interior6.png
f5d474bcbb55c5b438193e83535eea46,7564170298869451445,interior6_132,Assets/Sprites/Tilesets/5385_tilesheet_interior6.png
f5d474bcbb55c5b438193e83535eea46,-5763829074529255567,interior6_133,Assets/Sprites/Tilesets/5385_tilesheet_interior6.png
f5d474bcbb55c5b438193e83535eea46,1524157299721021891,interior6_134,Assets/Sprites/Tilesets/5385_tilesheet_interior6.png
f5d474bcbb55c5b438193e83535eea46,-1583898042935591190,interior6_135,Assets/Sprites/Tilesets/5385_tilesheet_interior6.png
f5d474bcbb55c5b438193e83535eea46,-3505167688332446886,interior6_136,Assets/Sprites/Tilesets/5385_tilesheet_interior6.png
f5d474bcbb55c5b438193e83535eea46,-6066770748219408245,interior6_137,Assets/Sprites/Tilesets/5385_tilesheet_interior6.png
f5d474bcbb55c5b438193e83535eea46,6489610241198286182,interior6_138,Assets/Sprites/Tilesets/5385_tilesheet_interior6.png
f5d474bcbb55c5b438193e83535eea46,1641813613071775055,interior6_139,Assets/Sprites/Tilesets/5385_tilesheet_interior6.png
f5d474bcbb55c5b438193e83535eea46,7026842539221975203,interior6_140,Assets/Sprites/Tilesets/5385_tilesheet_interior6.png
f5d474bcbb55c5b438193e83535eea46,-3558287319723886022,interior6_141,Assets/Sprites/Tilesets/5385_tilesheet_interior6.png
f5d474bcbb55c5b438193e83535eea46,-8344083640052678453,interior6_142,Assets/Sprites/Tilesets/5385_tilesheet_interior6.png
f5d474bcbb55c5b438193e83535eea46,246296347441123025,interior6_143,Assets/Sprites/Tilesets/5385_tilesheet_interior6.png
f5d474bcbb55c5b438193e83535eea46,183212007095979961,interior6_144,Assets/Sprites/Tilesets/5385_tilesheet_interior6.png
f5d474bcbb55c5b438193e83535eea46,-2406893295983391241,interior6_145,Assets/Sprites/Tilesets/5385_tilesheet_interior6.png
f5d474bcbb55c5b438193e83535eea46,8680213767338256587,interior6_146,Assets/Sprites/Tilesets/5385_tilesheet_interior6.png
f5d474bcbb55c5b438193e83535eea46,-3839419028077224407,interior6_147,Assets/Sprites/Tilesets/5385_tilesheet_interior6.png
f5d474bcbb55c5b438193e83535eea46,-9186735260187993544,interior6_148,Assets/Sprites/Tilesets/5385_tilesheet_interior6.png
f5d474bcbb55c5b438193e83535eea46,-9016710347682217852,interior6_149,Assets/Sprites/Tilesets/5385_tilesheet_interior6.png
f5d474bcbb55c5b438193e83535eea46,-3144590571393297090,interior6_150,Assets/Sprites/Tilesets/5385_tilesheet_interior6.png
f5d474bcbb55c5b438193e83535eea46,-1869248515973406079,interior6_151,Assets/Sprites/Tilesets/5385_tilesheet_interior6.png
f5d474bcbb55c5b438193e83535eea46,1462365499702293984,interior6_152,Assets/Sprites/Tilesets/5385_tilesheet_interior6.png
f5d474bcbb55c5b438193e83535eea46,3117608474565576089,interior6_153,Assets/Sprites/Tilesets/5385_tilesheet_interior6.png
f5d474bcbb55c5b438193e83535eea46,4193222730039741841,interior6_154,Assets/Sprites/Tilesets/5385_tilesheet_interior6.png
f5d474bcbb55c5b438193e83535eea46,-952682199232832059,interior6_155,Assets/Sprites/Tilesets/5385_tilesheet_interior6.png
f5d474bcbb55c5b438193e83535eea46,-3213984598705551438,interior6_156,Assets/Sprites/Tilesets/5385_tilesheet_interior6.png
f5d474bcbb55c5b438193e83535eea46,-5307506109448168031,interior6_157,Assets/Sprites/Tilesets/5385_tilesheet_interior6.png
f5d474bcbb55c5b438193e83535eea46,6489871585197885851,interior6_158,Assets/Sprites/Tilesets/5385_tilesheet_interior6.png
f5d474bcbb55c5b438193e83535eea46,-5410082502029113031,interior6_159,Assets/Sprites/Tilesets/5385_tilesheet_interior6.png
f5d474bcbb55c5b438193e83535eea46,-8373222136145620632,interior6_160,Assets/Sprites/Tilesets/5385_tilesheet_interior6.png
f5d474bcbb55c5b438193e83535eea46,-2115457103611978337,interior6_161,Assets/Sprites/Tilesets/5385_tilesheet_interior6.png
f5d474bcbb55c5b438193e83535eea46,-7035195994024675113,interior6_162,Assets/Sprites/Tilesets/5385_tilesheet_interior6.png
f5d474bcbb55c5b438193e83535eea46,-5079105962311074511,interior6_163,Assets/Sprites/Tilesets/5385_tilesheet_interior6.png
f5d474bcbb55c5b438193e83535eea46,2733946097252187821,interior6_164,Assets/Sprites/Tilesets/5385_tilesheet_interior6.png
f5d474bcbb55c5b438193e83535eea46,7161397670792433542,interior6_165,Assets/Sprites/Tilesets/5385_tilesheet_interior6.png
f5d474bcbb55c5b438193e83535eea46,-6848136828857868286,interior6_166,Assets/Sprites/Tilesets/5385_tilesheet_interior6.png
f5d474bcbb55c5b438193e83535eea46,700863525252940799,interior6_167,Assets/Sprites/Tilesets/5385_tilesheet_interior6.png
f5d474bcbb55c5b438193e83535eea46,-3195476417298603316,interior6_168,Assets/Sprites/Tilesets/5385_tilesheet_interior6.png
f5d474bcbb55c5b438193e83535eea46,-7858491299808530786,interior6_169,Assets/Sprites/Tilesets/5385_tilesheet_interior6.png
f5d474bcbb55c5b438193e83535eea46,1701854330767516314,interior6_170,Assets/Sprites/Tilesets/5385_tilesheet_interior6.png
f5d474bcbb55c5b438193e83535eea46,5932739100274104364,interior6_171,Assets/Sprites/Tilesets/5385_tilesheet_interior6.png
f5d474bcbb55c5b438193e83535eea46,-6467276799757248785,interior6_172,Assets/Sprites/Tilesets/5385_tilesheet_interior6.png
f5d474bcbb55c5b438193e83535eea46,-1300805632072158905,interior6_173,Assets/Sprites/Tilesets/5385_tilesheet_interior6.png
f5d474bcbb55c5b438193e83535eea46,605696201848019545,interior6_174,Assets/Sprites/Tilesets/5385_tilesheet_interior6.png
f5d474bcbb55c5b438193e83535eea46,-1724086907042617910,interior6_175,Assets/Sprites/Tilesets/5385_tilesheet_interior6.png
f5d474bcbb55c5b438193e83535eea46,8475284525710512774,interior6_176,Assets/Sprites/Tilesets/5385_tilesheet_interior6.png
f5d474bcbb55c5b438193e83535eea46,-3822713577358298166,interior6_177,Assets/Sprites/Tilesets/5385_tilesheet_interior6.png
f5d474bcbb55c5b438193e83535eea46,1768339233626080706,interior6_178,Assets/Sprites/Tilesets/5385_tilesheet_interior6.png
f5d474bcbb55c5b438193e83535eea46,-6841722765060534419,interior6_179,Assets/Sprites/Tilesets/5385_tilesheet_interior6.png
f5d474bcbb55c5b438193e83535eea46,-3493160027052846601,interior6_180,Assets/Sprites/Tilesets/5385_tilesheet_interior6.png
f5d474bcbb55c5b438193e83535eea46,-554438106920706084,interior6_181,Assets/Sprites/Tilesets/5385_tilesheet_interior6.png
f5d474bcbb55c5b438193e83535eea46,-5341870609494625678,interior6_182,Assets/Sprites/Tilesets/5385_tilesheet_interior6.png
f5d474bcbb55c5b438193e83535eea46,-8905662136806812126,interior6_183,Assets/Sprites/Tilesets/5385_tilesheet_interior6.png
f5d474bcbb55c5b438193e83535eea46,5281638212969618885,interior6_184,Assets/Sprites/Tilesets/5385_tilesheet_interior6.png
f5d474bcbb55c5b438193e83535eea46,-3150301486310352595,interior6_185,Assets/Sprites/Tilesets/5385_tilesheet_interior6.png
f5d474bcbb55c5b438193e83535eea46,-733222574896515085,interior6_186,Assets/Sprites/Tilesets/5385_tilesheet_interior6.png
f5d474bcbb55c5b438193e83535eea46,-3204314713441666975,interior6_187,Assets/Sprites/Tilesets/5385_tilesheet_interior6.png
f5d474bcbb55c5b438193e83535eea46,-8295142853972654705,interior6_188,Assets/Sprites/Tilesets/5385_tilesheet_interior6.png
f5d474bcbb55c5b438193e83535eea46,-1977760837791518271,interior6_189,Assets/Sprites/Tilesets/5385_tilesheet_interior6.png
f5d474bcbb55c5b438193e83535eea46,4226848489356718782,interior6_190,Assets/Sprites/Tilesets/5385_tilesheet_interior6.png
f5d474bcbb55c5b438193e83535eea46,-8236584472190259415,interior6_191,Assets/Sprites/Tilesets/5385_tilesheet_interior6.png
f5d474bcbb55c5b438193e83535eea46,-8992005622729389307,interior6_192,Assets/Sprites/Tilesets/5385_tilesheet_interior6.png
f5d474bcbb55c5b438193e83535eea46,9185226273848547440,interior6_193,Assets/Sprites/Tilesets/5385_tilesheet_interior6.png
f5d474bcbb55c5b438193e83535eea46,-7367521910513102346,interior6_194,Assets/Sprites/Tilesets/5385_tilesheet_interior6.png
f5d474bcbb55c5b438193e83535eea46,4652559125209467337,interior6_195,Assets/Sprites/Tilesets/5385_tilesheet_interior6.png
f5d474bcbb55c5b438193e83535eea46,-2461449556822371205,interior6_196,Assets/Sprites/Tilesets/5385_tilesheet_interior6.png
f5d474bcbb55c5b438193e83535eea46,2881414327404933116,interior6_197,Assets/Sprites/Tilesets/5385_tilesheet_interior6.png
f5d474bcbb55c5b438193e83535eea46,-2807883170600298723,interior6_198,Assets/Sprites/Tilesets/5385_tilesheet_interior6.png
f5d474bcbb55c5b438193e83535eea46,-1124929230099341800,interior6_199,Assets/Sprites/Tilesets/5385_tilesheet_interior6.png
f5d474bcbb55c5b438193e83535eea46,3739629566794811945,interior6_210,Assets/Sprites/Tilesets/5385_tilesheet_interior6.png
f5d474bcbb55c5b438193e83535eea46,312411451082320881,interior6_211,Assets/Sprites/Tilesets/5385_tilesheet_interior6.png
f5d474bcbb55c5b438193e83535eea46,7200636335243528347,interior6_212,Assets/Sprites/Tilesets/5385_tilesheet_interior6.png
f5d474bcbb55c5b438193e83535eea46,-3977800204531077332,interior6_213,Assets/Sprites/Tilesets/5385_tilesheet_interior6.png
f5d474bcbb55c5b438193e83535eea46,9018316408388942899,interior6_214,Assets/Sprites/Tilesets/5385_tilesheet_interior6.png
f5d474bcbb55c5b438193e83535eea46,-2570949691034005900,interior6_215,Assets/Sprites/Tilesets/5385_tilesheet_interior6.png
f5d474bcbb55c5b438193e83535eea46,2791595852367629972,interior6_216,Assets/Sprites/Tilesets/5385_tilesheet_interior6.png
f5d474bcbb55c5b438193e83535eea46,7560987481910819968,interior6_217,Assets/Sprites/Tilesets/5385_tilesheet_interior6.png
f5d474bcbb55c5b438193e83535eea46,8628016325019199391,interior6_218,Assets/Sprites/Tilesets/5385_tilesheet_interior6.png
f5d474bcbb55c5b438193e83535eea46,2294871103751515929,interior6_219,Assets/Sprites/Tilesets/5385_tilesheet_interior6.png
f5d474bcbb55c5b438193e83535eea46,-6167804180273747926,interior6_220,Assets/Sprites/Tilesets/5385_tilesheet_interior6.png
f5d474bcbb55c5b438193e83535eea46,863553802706296020,interior6_221,Assets/Sprites/Tilesets/5385_tilesheet_interior6.png
f5d474bcbb55c5b438193e83535eea46,-4227776513080790873,interior6_222,Assets/Sprites/Tilesets/5385_tilesheet_interior6.png
f5d474bcbb55c5b438193e83535eea46,-1126271621817865780,interior6_223,Assets/Sprites/Tilesets/5385_tilesheet_interior6.png
f5d474bcbb55c5b438193e83535eea46,7115231666849958538,interior6_224,Assets/Sprites/Tilesets/5385_tilesheet_interior6.png
f5d474bcbb55c5b438193e83535eea46,-2376931319762873690,interior6_225,Assets/Sprites/Tilesets/5385_tilesheet_interior6.png
f5d474bcbb55c5b438193e83535eea46,-609758178335434047,interior6_226,Assets/Sprites/Tilesets/5385_tilesheet_interior6.png
f5d474bcbb55c5b438193e83535eea46,-4405719728687186775,interior6_227,Assets/Sprites/Tilesets/5385_tilesheet_interior6.png
f5d474bcbb55c5b438193e83535eea46,6698147340294147897,interior6_228,Assets/Sprites/Tilesets/5385_tilesheet_interior6.png
f5d474bcbb55c5b438193e83535eea46,5365529030329516596,interior6_229,Assets/Sprites/Tilesets/5385_tilesheet_interior6.png
f5d474bcbb55c5b438193e83535eea46,8298471800516993061,interior6_230,Assets/Sprites/Tilesets/5385_tilesheet_interior6.png
f5d474bcbb55c5b438193e83535eea46,-7397664776066113000,interior6_231,Assets/Sprites/Tilesets/5385_tilesheet_interior6.png
f5d474bcbb55c5b438193e83535eea46,2482586323228808731,interior6_232,Assets/Sprites/Tilesets/5385_tilesheet_interior6.png
f5d474bcbb55c5b438193e83535eea46,1994940757356745112,interior6_233,Assets/Sprites/Tilesets/5385_tilesheet_interior6.png
f5d474bcbb55c5b438193e83535eea46,-1078203913016493803,interior6_234,Assets/Sprites/Tilesets/5385_tilesheet_interior6.png
f5d474bcbb55c5b438193e83535eea46,-6752338200585653871,interior6_235,Assets/Sprites/Tilesets/5385_tilesheet_interior6.png
f5d474bcbb55c5b438193e83535eea46,8127992217002793755,interior6_236,Assets/Sprites/Tilesets/5385_tilesheet_interior6.png
f5d474bcbb55c5b438193e83535eea46,-4101432685032244580,interior6_237,Assets/Sprites/Tilesets/5385_tilesheet_interior6.png
f5d474bcbb55c5b438193e83535eea46,8265415928279550358,interior6_238,Assets/Sprites/Tilesets/5385_tilesheet_interior6.png
f5d474bcbb55c5b438193e83535eea46,-6674396443900270943,interior6_239,Assets/Sprites/Tilesets/5385_tilesheet_interior6.png
f5d474bcbb55c5b438193e83535eea46,1080804530591515564,interior6_240,Assets/Sprites/Tilesets/5385_tilesheet_interior6.png
f5d474bcbb55c5b438193e83535eea46,-506354789666657039,interior6_241,Assets/Sprites/Tilesets/5385_tilesheet_interior6.png
f5d474bcbb55c5b438193e83535eea46,2673319297951487583,interior6_242,Assets/Sprites/Tilesets/5385_tilesheet_interior6.png
f5d474bcbb55c5b438193e83535eea46,-9008657601438776649,interior6_243,Assets/Sprites/Tilesets/5385_tilesheet_interior6.png
f5d474bcbb55c5b438193e83535eea46,2147599006017125171,interior6_244,Assets/Sprites/Tilesets/5385_tilesheet_interior6.png
f5d474bcbb55c5b438193e83535eea46,8244018970315126061,interior6_245,Assets/Sprites/Tilesets/5385_tilesheet_interior6.png
f5d474bcbb55c5b438193e83535eea46,5361997221339473481,interior6_246,Assets/Sprites/Tilesets/5385_tilesheet_interior6.png
f5d474bcbb55c5b438193e83535eea46,4325820406135612389,interior6_247,Assets/Sprites/Tilesets/5385_tilesheet_interior6.png
f5d474bcbb55c5b438193e83535eea46,-7925412122032304329,interior6_248,Assets/Sprites/Tilesets/5385_tilesheet_interior6.png
f5d474bcbb55c5b438193e83535eea46,8322959718669543486,interior6_249,Assets/Sprites/Tilesets/5385_tilesheet_interior6.png
f5d474bcbb55c5b438193e83535eea46,7685791235311492198,interior6_250,Assets/Sprites/Tilesets/5385_tilesheet_interior6.png
f5d474bcbb55c5b438193e83535eea46,6097070106790314979,interior6_251,Assets/Sprites/Tilesets/5385_tilesheet_interior6.png
f5d474bcbb55c5b438193e83535eea46,1166535890125575309,interior6_252,Assets/Sprites/Tilesets/5385_tilesheet_interior6.png
f5d474bcbb55c5b438193e83535eea46,-3529375166929399159,interior6_253,Assets/Sprites/Tilesets/5385_tilesheet_interior6.png
f5d474bcbb55c5b438193e83535eea46,-5618943293163073787,interior6_254,Assets/Sprites/Tilesets/5385_tilesheet_interior6.png
f5d474bcbb55c5b438193e83535eea46,-8088098303998425932,interior6_255,Assets/Sprites/Tilesets/5385_tilesheet_interior6.png
f5d474bcbb55c5b438193e83535eea46,6020228106289174833,interior6_256,Assets/Sprites/Tilesets/5385_tilesheet_interior6.png
f5d474bcbb55c5b438193e83535eea46,-5818354559177891042,interior6_257,Assets/Sprites/Tilesets/5385_tilesheet_interior6.png
f5d474bcbb55c5b438193e83535eea46,271178689467477090,interior6_258,Assets/Sprites/Tilesets/5385_tilesheet_interior6.png
f5d474bcbb55c5b438193e83535eea46,4659752456874887765,interior6_259,Assets/Sprites/Tilesets/5385_tilesheet_interior6.png
f5d474bcbb55c5b438193e83535eea46,-5126770328913247271,interior6_310,Assets/Sprites/Tilesets/5385_tilesheet_interior6.png
f5d474bcbb55c5b438193e83535eea46,7946168081469297458,interior6_311,Assets/Sprites/Tilesets/5385_tilesheet_interior6.png
f5d474bcbb55c5b438193e83535eea46,2527338040782231141,interior6_312,Assets/Sprites/Tilesets/5385_tilesheet_interior6.png
f5d474bcbb55c5b438193e83535eea46,-8435350848283442103,interior6_313,Assets/Sprites/Tilesets/5385_tilesheet_interior6.png
f5d474bcbb55c5b438193e83535eea46,4282322130146762943,interior6_314,Assets/Sprites/Tilesets/5385_tilesheet_interior6.png
f5d474bcbb55c5b438193e83535eea46,3682794847301178665,interior6_315,Assets/Sprites/Tilesets/5385_tilesheet_interior6.png
f5d474bcbb55c5b438193e83535eea46,1659778227345637010,interior6_316,Assets/Sprites/Tilesets/5385_tilesheet_interior6.png
f5d474bcbb55c5b438193e83535eea46,-7080128163828701033,interior6_317,Assets/Sprites/Tilesets/5385_tilesheet_interior6.png
f5d474bcbb55c5b438193e83535eea46,9125346741212962701,interior6_318,Assets/Sprites/Tilesets/5385_tilesheet_interior6.png
f5d474bcbb55c5b438193e83535eea46,5290670118394407882,interior6_319,Assets/Sprites/Tilesets/5385_tilesheet_interior6.png
f5d474bcbb55c5b438193e83535eea46,2717723488615757018,interior6_320,Assets/Sprites/Tilesets/5385_tilesheet_interior6.png
f5d474bcbb55c5b438193e83535eea46,-5202534442311399235,interior6_321,Assets/Sprites/Tilesets/5385_tilesheet_interior6.png
f5d474bcbb55c5b438193e83535eea46,7003119491202799949,interior6_322,Assets/Sprites/Tilesets/5385_tilesheet_interior6.png
f5d474bcbb55c5b438193e83535eea46,-1516101246683267341,interior6_323,Assets/Sprites/Tilesets/5385_tilesheet_interior6.png
f5d474bcbb55c5b438193e83535eea46,4262453134342189748,interior6_324,Assets/Sprites/Tilesets/5385_tilesheet_interior6.png
f5d474bcbb55c5b438193e83535eea46,6228360690865079267,interior6_325,Assets/Sprites/Tilesets/5385_tilesheet_interior6.png
f5d474bcbb55c5b438193e83535eea46,9160419723727516329,interior6_326,Assets/Sprites/Tilesets/5385_tilesheet_interior6.png
f5d474bcbb55c5b438193e83535eea46,-5622098513726520222,interior6_327,Assets/Sprites/Tilesets/5385_tilesheet_interior6.png
f5d474bcbb55c5b438193e83535eea46,-5773599922294629756,interior6_328,Assets/Sprites/Tilesets/5385_tilesheet_interior6.png
f5d474bcbb55c5b438193e83535eea46,-4491712781077807811,interior6_329,Assets/Sprites/Tilesets/5385_tilesheet_interior6.png
f5d474bcbb55c5b438193e83535eea46,3858445796382837725,interior6_330,Assets/Sprites/Tilesets/5385_tilesheet_interior6.png
f5d474bcbb55c5b438193e83535eea46,1576982563517511918,interior6_331,Assets/Sprites/Tilesets/5385_tilesheet_interior6.png
f5d474bcbb55c5b438193e83535eea46,-8957563533776167652,interior6_332,Assets/Sprites/Tilesets/5385_tilesheet_interior6.png
f5d474bcbb55c5b438193e83535eea46,4715161180640803526,interior6_333,Assets/Sprites/Tilesets/5385_tilesheet_interior6.png
f5d474bcbb55c5b438193e83535eea46,-6257506664081412805,interior6_334,Assets/Sprites/Tilesets/5385_tilesheet_interior6.png
f5d474bcbb55c5b438193e83535eea46,-4680067152379755720,interior6_335,Assets/Sprites/Tilesets/5385_tilesheet_interior6.png
f5d474bcbb55c5b438193e83535eea46,2244374295097005331,interior6_336,Assets/Sprites/Tilesets/5385_tilesheet_interior6.png
f5d474bcbb55c5b438193e83535eea46,7076060437303199293,interior6_337,Assets/Sprites/Tilesets/5385_tilesheet_interior6.png
f5d474bcbb55c5b438193e83535eea46,5159104344043786886,interior6_338,Assets/Sprites/Tilesets/5385_tilesheet_interior6.png
f5d474bcbb55c5b438193e83535eea46,-5744708227062500044,interior6_339,Assets/Sprites/Tilesets/5385_tilesheet_interior6.png
f5d474bcbb55c5b438193e83535eea46,-7569774998583758339,interior6_1100,Assets/Sprites/Tilesets/5385_tilesheet_interior6.png
f5d474bcbb55c5b438193e83535eea46,5724964047476610699,interior6_1101,Assets/Sprites/Tilesets/5385_tilesheet_interior6.png
f5d474bcbb55c5b438193e83535eea46,-8176903463482961363,interior6_1102,Assets/Sprites/Tilesets/5385_tilesheet_interior6.png
f5d474bcbb55c5b438193e83535eea46,772099505048300058,interior6_1103,Assets/Sprites/Tilesets/5385_tilesheet_interior6.png
f5d474bcbb55c5b438193e83535eea46,-1546089664426798931,interior6_1104,Assets/Sprites/Tilesets/5385_tilesheet_interior6.png
f5d474bcbb55c5b438193e83535eea46,3057489228873141528,interior6_1105,Assets/Sprites/Tilesets/5385_tilesheet_interior6.png
f5d474bcbb55c5b438193e83535eea46,-489555711401333540,interior6_1106,Assets/Sprites/Tilesets/5385_tilesheet_interior6.png
f5d474bcbb55c5b438193e83535eea46,5291237931218343278,interior6_1107,Assets/Sprites/Tilesets/5385_tilesheet_interior6.png
f5d474bcbb55c5b438193e83535eea46,-2420368013389638570,interior6_1108,Assets/Sprites/Tilesets/5385_tilesheet_interior6.png
f5d474bcbb55c5b438193e83535eea46,-6574934626188038903,interior6_1109,Assets/Sprites/Tilesets/5385_tilesheet_interior6.png
f5d474bcbb55c5b438193e83535eea46,-182938280624200346,interior6_1110,Assets/Sprites/Tilesets/5385_tilesheet_interior6.png
f5d474bcbb55c5b438193e83535eea46,2695682918337805038,interior6_1111,Assets/Sprites/Tilesets/5385_tilesheet_interior6.png
f5d474bcbb55c5b438193e83535eea46,-5707155909472643132,interior6_1112,Assets/Sprites/Tilesets/5385_tilesheet_interior6.png
f5d474bcbb55c5b438193e83535eea46,1152055973426475995,interior6_1113,Assets/Sprites/Tilesets/5385_tilesheet_interior6.png
f5d474bcbb55c5b438193e83535eea46,5542024361733993677,interior6_1114,Assets/Sprites/Tilesets/5385_tilesheet_interior6.png
f5d474bcbb55c5b438193e83535eea46,-5921179608863644580,interior6_1115,Assets/Sprites/Tilesets/5385_tilesheet_interior6.png
f5d474bcbb55c5b438193e83535eea46,192535865646147348,interior6_1116,Assets/Sprites/Tilesets/5385_tilesheet_interior6.png
f5d474bcbb55c5b438193e83535eea46,3633457353596406767,interior6_1117,Assets/Sprites/Tilesets/5385_tilesheet_interior6.png
f5d474bcbb55c5b438193e83535eea46,2269496297103612743,interior6_1118,Assets/Sprites/Tilesets/5385_tilesheet_interior6.png
f5d474bcbb55c5b438193e83535eea46,-5823631361897592655,interior6_1119,Assets/Sprites/Tilesets/5385_tilesheet_interior6.png
f5d474bcbb55c5b438193e83535eea46,338422849111642521,interior6_1120,Assets/Sprites/Tilesets/5385_tilesheet_interior6.png
f5d474bcbb55c5b438193e83535eea46,8129645087164880051,interior6_1121,Assets/Sprites/Tilesets/5385_tilesheet_interior6.png
f5d474bcbb55c5b438193e83535eea46,7890734307253313622,interior6_1122,Assets/Sprites/Tilesets/5385_tilesheet_interior6.png
f5d474bcbb55c5b438193e83535eea46,-9040940687665429480,interior6_1123,Assets/Sprites/Tilesets/5385_tilesheet_interior6.png
f5d474bcbb55c5b438193e83535eea46,7087767300613358459,interior6_1124,Assets/Sprites/Tilesets/5385_tilesheet_interior6.png
f5d474bcbb55c5b438193e83535eea46,7775273710260745714,interior6_1125,Assets/Sprites/Tilesets/5385_tilesheet_interior6.png
f5d474bcbb55c5b438193e83535eea46,-2011197540995757177,interior6_1126,Assets/Sprites/Tilesets/5385_tilesheet_interior6.png
f5d474bcbb55c5b438193e83535eea46,-6251588895976766832,interior6_1127,Assets/Sprites/Tilesets/5385_tilesheet_interior6.png
f5d474bcbb55c5b438193e83535eea46,7108188872106161035,interior6_1128,Assets/Sprites/Tilesets/5385_tilesheet_interior6.png
f5d474bcbb55c5b438193e83535eea46,2053881273269552942,interior6_1129,Assets/Sprites/Tilesets/5385_tilesheet_interior6.png
f5d474bcbb55c5b438193e83535eea46,-201460538643699791,interior6_lava,Assets/Sprites/Tilesets/5385_tilesheet_interior6.png
f5d474bcbb55c5b438193e83535eea46,-4400644427685314254,interior6_water,Assets/Sprites/Tilesets/5385_tilesheet_interior6.png
f5d474bcbb55c5b438193e83535eea46,7055374874864954388,interior6_water_background,Assets/Sprites/Tilesets/5385_tilesheet_interior6.png
f5d474bcbb55c5b438193e83535eea46,8283533273962829627,interior6_water_backwall,Assets/Sprites/Tilesets/5385_tilesheet_interior6.png
f5d474bcbb55c5b438193e83535eea46,4392170440827130783,interior6_waterfall,Assets/Sprites/Tilesets/5385_tilesheet_interior6.png
907f0375b8f334d418d00b23915d3cac,-8655818156195654838,interior4_10,Assets/Sprites/Tilesets/5386_tilesheet_interior4.png
907f0375b8f334d418d00b23915d3cac,6346318911325233748,interior4_11,Assets/Sprites/Tilesets/5386_tilesheet_interior4.png
907f0375b8f334d418d00b23915d3cac,1840059084634729652,interior4_12,Assets/Sprites/Tilesets/5386_tilesheet_interior4.png
907f0375b8f334d418d00b23915d3cac,1127223760459724062,interior4_13,Assets/Sprites/Tilesets/5386_tilesheet_interior4.png
907f0375b8f334d418d00b23915d3cac,2450565909728410856,interior4_14,Assets/Sprites/Tilesets/5386_tilesheet_interior4.png
907f0375b8f334d418d00b23915d3cac,-3165705482850905674,interior4_15,Assets/Sprites/Tilesets/5386_tilesheet_interior4.png
907f0375b8f334d418d00b23915d3cac,-5774996654182199871,interior4_16,Assets/Sprites/Tilesets/5386_tilesheet_interior4.png
907f0375b8f334d418d00b23915d3cac,4443897450750874535,interior4_17,Assets/Sprites/Tilesets/5386_tilesheet_interior4.png
907f0375b8f334d418d00b23915d3cac,5661049957185019681,interior4_18,Assets/Sprites/Tilesets/5386_tilesheet_interior4.png
907f0375b8f334d418d00b23915d3cac,8474981341611232960,interior4_19,Assets/Sprites/Tilesets/5386_tilesheet_interior4.png
907f0375b8f334d418d00b23915d3cac,6836142153017594085,interior4_20,Assets/Sprites/Tilesets/5386_tilesheet_interior4.png
907f0375b8f334d418d00b23915d3cac,2185498278340178504,interior4_21,Assets/Sprites/Tilesets/5386_tilesheet_interior4.png
907f0375b8f334d418d00b23915d3cac,430984766625829748,interior4_22,Assets/Sprites/Tilesets/5386_tilesheet_interior4.png
907f0375b8f334d418d00b23915d3cac,-1317986280940093683,interior4_23,Assets/Sprites/Tilesets/5386_tilesheet_interior4.png
907f0375b8f334d418d00b23915d3cac,-8326724806951850010,interior4_24,Assets/Sprites/Tilesets/5386_tilesheet_interior4.png
907f0375b8f334d418d00b23915d3cac,8914089594741642868,interior4_25,Assets/Sprites/Tilesets/5386_tilesheet_interior4.png
907f0375b8f334d418d00b23915d3cac,276181914589855336,interior4_26,Assets/Sprites/Tilesets/5386_tilesheet_interior4.png
907f0375b8f334d418d00b23915d3cac,2692228934559545928,interior4_110,Assets/Sprites/Tilesets/5386_tilesheet_interior4.png
907f0375b8f334d418d00b23915d3cac,8694305388649107506,interior4_111,Assets/Sprites/Tilesets/5386_tilesheet_interior4.png
907f0375b8f334d418d00b23915d3cac,-6908713535308251356,interior4_112,Assets/Sprites/Tilesets/5386_tilesheet_interior4.png
907f0375b8f334d418d00b23915d3cac,-4129235289053152723,interior4_113,Assets/Sprites/Tilesets/5386_tilesheet_interior4.png
907f0375b8f334d418d00b23915d3cac,-5468382029055465884,interior4_114,Assets/Sprites/Tilesets/5386_tilesheet_interior4.png
907f0375b8f334d418d00b23915d3cac,6734684633657039821,interior4_115,Assets/Sprites/Tilesets/5386_tilesheet_interior4.png
907f0375b8f334d418d00b23915d3cac,-5903299138629098404,interior4_116,Assets/Sprites/Tilesets/5386_tilesheet_interior4.png
907f0375b8f334d418d00b23915d3cac,-6398567975934360271,interior4_117,Assets/Sprites/Tilesets/5386_tilesheet_interior4.png
907f0375b8f334d418d00b23915d3cac,-8957284035257282584,interior4_118,Assets/Sprites/Tilesets/5386_tilesheet_interior4.png
907f0375b8f334d418d00b23915d3cac,-9138037040227770232,interior4_119,Assets/Sprites/Tilesets/5386_tilesheet_interior4.png
907f0375b8f334d418d00b23915d3cac,-201460538643699791,interior4_lava,Assets/Sprites/Tilesets/5386_tilesheet_interior4.png
907f0375b8f334d418d00b23915d3cac,-4400644427685314254,interior4_water,Assets/Sprites/Tilesets/5386_tilesheet_interior4.png
907f0375b8f334d418d00b23915d3cac,7055374874864954388,interior4_water_background,Assets/Sprites/Tilesets/5386_tilesheet_interior4.png
907f0375b8f334d418d00b23915d3cac,8283533273962829627,interior4_water_backwall,Assets/Sprites/Tilesets/5386_tilesheet_interior4.png
907f0375b8f334d418d00b23915d3cac,4392170440827130783,interior4_waterfall,Assets/Sprites/Tilesets/5386_tilesheet_interior4.png
4e6abaaf1c2583e4bb5d1356717cf6db,-8655818156195654838,interior1_dream_10,Assets/Sprites/Tilesets/5387_tilesheet_interior1_dream.png
4e6abaaf1c2583e4bb5d1356717cf6db,6346318911325233748,interior1_dream_11,Assets/Sprites/Tilesets/5387_tilesheet_interior1_dream.png
4e6abaaf1c2583e4bb5d1356717cf6db,1840059084634729652,interior1_dream_12,Assets/Sprites/Tilesets/5387_tilesheet_interior1_dream.png
4e6abaaf1c2583e4bb5d1356717cf6db,1127223760459724062,interior1_dream_13,Assets/Sprites/Tilesets/5387_tilesheet_interior1_dream.png
4e6abaaf1c2583e4bb5d1356717cf6db,2450565909728410856,interior1_dream_14,Assets/Sprites/Tilesets/5387_tilesheet_interior1_dream.png
4e6abaaf1c2583e4bb5d1356717cf6db,-3165705482850905674,interior1_dream_15,Assets/Sprites/Tilesets/5387_tilesheet_interior1_dream.png
4e6abaaf1c2583e4bb5d1356717cf6db,-5774996654182199871,interior1_dream_16,Assets/Sprites/Tilesets/5387_tilesheet_interior1_dream.png
4e6abaaf1c2583e4bb5d1356717cf6db,4443897450750874535,interior1_dream_17,Assets/Sprites/Tilesets/5387_tilesheet_interior1_dream.png
4e6abaaf1c2583e4bb5d1356717cf6db,5661049957185019681,interior1_dream_18,Assets/Sprites/Tilesets/5387_tilesheet_interior1_dream.png
4e6abaaf1c2583e4bb5d1356717cf6db,8474981341611232960,interior1_dream_19,Assets/Sprites/Tilesets/5387_tilesheet_interior1_dream.png
4e6abaaf1c2583e4bb5d1356717cf6db,6836142153017594085,interior1_dream_20,Assets/Sprites/Tilesets/5387_tilesheet_interior1_dream.png
4e6abaaf1c2583e4bb5d1356717cf6db,2692228934559545928,interior1_dream_110,Assets/Sprites/Tilesets/5387_tilesheet_interior1_dream.png
4e6abaaf1c2583e4bb5d1356717cf6db,8694305388649107506,interior1_dream_111,Assets/Sprites/Tilesets/5387_tilesheet_interior1_dream.png
4e6abaaf1c2583e4bb5d1356717cf6db,-6908713535308251356,interior1_dream_112,Assets/Sprites/Tilesets/5387_tilesheet_interior1_dream.png
4e6abaaf1c2583e4bb5d1356717cf6db,-4129235289053152723,interior1_dream_113,Assets/Sprites/Tilesets/5387_tilesheet_interior1_dream.png
4e6abaaf1c2583e4bb5d1356717cf6db,-5468382029055465884,interior1_dream_114,Assets/Sprites/Tilesets/5387_tilesheet_interior1_dream.png
4e6abaaf1c2583e4bb5d1356717cf6db,6734684633657039821,interior1_dream_115,Assets/Sprites/Tilesets/5387_tilesheet_interior1_dream.png
4e6abaaf1c2583e4bb5d1356717cf6db,-5903299138629098404,interior1_dream_116,Assets/Sprites/Tilesets/5387_tilesheet_interior1_dream.png
4e6abaaf1c2583e4bb5d1356717cf6db,-6398567975934360271,interior1_dream_117,Assets/Sprites/Tilesets/5387_tilesheet_interior1_dream.png
4e6abaaf1c2583e4bb5d1356717cf6db,-8957284035257282584,interior1_dream_118,Assets/Sprites/Tilesets/5387_tilesheet_interior1_dream.png
4e6abaaf1c2583e4bb5d1356717cf6db,-9138037040227770232,interior1_dream_119,Assets/Sprites/Tilesets/5387_tilesheet_interior1_dream.png
4e6abaaf1c2583e4bb5d1356717cf6db,-4400644427685314254,interior1_dream_water,Assets/Sprites/Tilesets/5387_tilesheet_interior1_dream.png
38483821d437c84489bc02812a23ee76,-8655818156195654838,interior1_10,Assets/Sprites/Tilesets/5388_tilesheet_interior1.png
38483821d437c84489bc02812a23ee76,6346318911325233748,interior1_11,Assets/Sprites/Tilesets/5388_tilesheet_interior1.png
38483821d437c84489bc02812a23ee76,1840059084634729652,interior1_12,Assets/Sprites/Tilesets/5388_tilesheet_interior1.png
38483821d437c84489bc02812a23ee76,1127223760459724062,interior1_13,Assets/Sprites/Tilesets/5388_tilesheet_interior1.png
38483821d437c84489bc02812a23ee76,2450565909728410856,interior1_14,Assets/Sprites/Tilesets/5388_tilesheet_interior1.png
38483821d437c84489bc02812a23ee76,-3165705482850905674,interior1_15,Assets/Sprites/Tilesets/5388_tilesheet_interior1.png
38483821d437c84489bc02812a23ee76,-5774996654182199871,interior1_16,Assets/Sprites/Tilesets/5388_tilesheet_interior1.png
38483821d437c84489bc02812a23ee76,4443897450750874535,interior1_17,Assets/Sprites/Tilesets/5388_tilesheet_interior1.png
38483821d437c84489bc02812a23ee76,5661049957185019681,interior1_18,Assets/Sprites/Tilesets/5388_tilesheet_interior1.png
38483821d437c84489bc02812a23ee76,8474981341611232960,interior1_19,Assets/Sprites/Tilesets/5388_tilesheet_interior1.png
38483821d437c84489bc02812a23ee76,6836142153017594085,interior1_20,Assets/Sprites/Tilesets/5388_tilesheet_interior1.png
38483821d437c84489bc02812a23ee76,2185498278340178504,interior1_21,Assets/Sprites/Tilesets/5388_tilesheet_interior1.png
38483821d437c84489bc02812a23ee76,430984766625829748,interior1_22,Assets/Sprites/Tilesets/5388_tilesheet_interior1.png
38483821d437c84489bc02812a23ee76,-1317986280940093683,interior1_23,Assets/Sprites/Tilesets/5388_tilesheet_interior1.png
38483821d437c84489bc02812a23ee76,-8326724806951850010,interior1_24,Assets/Sprites/Tilesets/5388_tilesheet_interior1.png
38483821d437c84489bc02812a23ee76,8914089594741642868,interior1_25,Assets/Sprites/Tilesets/5388_tilesheet_interior1.png
38483821d437c84489bc02812a23ee76,276181914589855336,interior1_26,Assets/Sprites/Tilesets/5388_tilesheet_interior1.png
38483821d437c84489bc02812a23ee76,588497054336764479,interior1_27,Assets/Sprites/Tilesets/5388_tilesheet_interior1.png
38483821d437c84489bc02812a23ee76,-540048619370252142,interior1_28,Assets/Sprites/Tilesets/5388_tilesheet_interior1.png
38483821d437c84489bc02812a23ee76,-3511060238418154924,interior1_29,Assets/Sprites/Tilesets/5388_tilesheet_interior1.png
38483821d437c84489bc02812a23ee76,-6691012767228139306,interior1_30,Assets/Sprites/Tilesets/5388_tilesheet_interior1.png
38483821d437c84489bc02812a23ee76,8251907811329543855,interior1_31,Assets/Sprites/Tilesets/5388_tilesheet_interior1.png
38483821d437c84489bc02812a23ee76,-8946788012438720712,interior1_32,Assets/Sprites/Tilesets/5388_tilesheet_interior1.png
38483821d437c84489bc02812a23ee76,-3538851436377425636,interior1_33,Assets/Sprites/Tilesets/5388_tilesheet_interior1.png
38483821d437c84489bc02812a23ee76,5837620518785745679,interior1_34,Assets/Sprites/Tilesets/5388_tilesheet_interior1.png
38483821d437c84489bc02812a23ee76,735763825654373507,interior1_35,Assets/Sprites/Tilesets/5388_tilesheet_interior1.png
38483821d437c84489bc02812a23ee76,-6766607325196344940,interior1_36,Assets/Sprites/Tilesets/5388_tilesheet_interior1.png
38483821d437c84489bc02812a23ee76,7123294266852565953,interior1_37,Assets/Sprites/Tilesets/5388_tilesheet_interior1.png
38483821d437c84489bc02812a23ee76,1812952166184403864,interior1_38,Assets/Sprites/Tilesets/5388_tilesheet_interior1.png
38483821d437c84489bc02812a23ee76,765628930423093814,interior1_39,Assets/Sprites/Tilesets/5388_tilesheet_interior1.png
38483821d437c84489bc02812a23ee76,2692228934559545928,interior1_110,Assets/Sprites/Tilesets/5388_tilesheet_interior1.png
38483821d437c84489bc02812a23ee76,8694305388649107506,interior1_111,Assets/Sprites/Tilesets/5388_tilesheet_interior1.png
38483821d437c84489bc02812a23ee76,-6908713535308251356,interior1_112,Assets/Sprites/Tilesets/5388_tilesheet_interior1.png
38483821d437c84489bc02812a23ee76,-4129235289053152723,interior1_113,Assets/Sprites/Tilesets/5388_tilesheet_interior1.png
38483821d437c84489bc02812a23ee76,-5468382029055465884,interior1_114,Assets/Sprites/Tilesets/5388_tilesheet_interior1.png
38483821d437c84489bc02812a23ee76,6734684633657039821,interior1_115,Assets/Sprites/Tilesets/5388_tilesheet_interior1.png
38483821d437c84489bc02812a23ee76,-5903299138629098404,interior1_116,Assets/Sprites/Tilesets/5388_tilesheet_interior1.png
38483821d437c84489bc02812a23ee76,-6398567975934360271,interior1_117,Assets/Sprites/Tilesets/5388_tilesheet_interior1.png
38483821d437c84489bc02812a23ee76,-8957284035257282584,interior1_118,Assets/Sprites/Tilesets/5388_tilesheet_interior1.png
38483821d437c84489bc02812a23ee76,-9138037040227770232,interior1_119,Assets/Sprites/Tilesets/5388_tilesheet_interior1.png
38483821d437c84489bc02812a23ee76,6287607311731213131,interior1_120,Assets/Sprites/Tilesets/5388_tilesheet_interior1.png
38483821d437c84489bc02812a23ee76,2425639911146021689,interior1_121,Assets/Sprites/Tilesets/5388_tilesheet_interior1.png
38483821d437c84489bc02812a23ee76,7293906268319233776,interior1_122,Assets/Sprites/Tilesets/5388_tilesheet_interior1.png
38483821d437c84489bc02812a23ee76,9174235224718242758,interior1_123,Assets/Sprites/Tilesets/5388_tilesheet_interior1.png
38483821d437c84489bc02812a23ee76,6312037128003990989,interior1_124,Assets/Sprites/Tilesets/5388_tilesheet_interior1.png
38483821d437c84489bc02812a23ee76,-3713311849071092161,interior1_125,Assets/Sprites/Tilesets/5388_tilesheet_interior1.png
38483821d437c84489bc02812a23ee76,3685152125961464965,interior1_126,Assets/Sprites/Tilesets/5388_tilesheet_interior1.png
38483821d437c84489bc02812a23ee76,3021946288986219864,interior1_127,Assets/Sprites/Tilesets/5388_tilesheet_interior1.png
38483821d437c84489bc02812a23ee76,821699465916322869,interior1_128,Assets/Sprites/Tilesets/5388_tilesheet_interior1.png
38483821d437c84489bc02812a23ee76,-8735441677112475752,interior1_129,Assets/Sprites/Tilesets/5388_tilesheet_interior1.png
38483821d437c84489bc02812a23ee76,162189906751378928,interior1_130,Assets/Sprites/Tilesets/5388_tilesheet_interior1.png
38483821d437c84489bc02812a23ee76,2551518094793869659,interior1_131,Assets/Sprites/Tilesets/5388_tilesheet_interior1.png
38483821d437c84489bc02812a23ee76,7564170298869451445,interior1_132,Assets/Sprites/Tilesets/5388_tilesheet_interior1.png
38483821d437c84489bc02812a23ee76,-5763829074529255567,interior1_133,Assets/Sprites/Tilesets/5388_tilesheet_interior1.png
38483821d437c84489bc02812a23ee76,1524157299721021891,interior1_134,Assets/Sprites/Tilesets/5388_tilesheet_interior1.png
38483821d437c84489bc02812a23ee76,-1583898042935591190,interior1_135,Assets/Sprites/Tilesets/5388_tilesheet_interior1.png
38483821d437c84489bc02812a23ee76,-3505167688332446886,interior1_136,Assets/Sprites/Tilesets/5388_tilesheet_interior1.png
38483821d437c84489bc02812a23ee76,-6066770748219408245,interior1_137,Assets/Sprites/Tilesets/5388_tilesheet_interior1.png
38483821d437c84489bc02812a23ee76,6489610241198286182,interior1_138,Assets/Sprites/Tilesets/5388_tilesheet_interior1.png
38483821d437c84489bc02812a23ee76,1641813613071775055,interior1_139,Assets/Sprites/Tilesets/5388_tilesheet_interior1.png
38483821d437c84489bc02812a23ee76,7026842539221975203,interior1_140,Assets/Sprites/Tilesets/5388_tilesheet_interior1.png
38483821d437c84489bc02812a23ee76,-3558287319723886022,interior1_141,Assets/Sprites/Tilesets/5388_tilesheet_interior1.png
38483821d437c84489bc02812a23ee76,-8344083640052678453,interior1_142,Assets/Sprites/Tilesets/5388_tilesheet_interior1.png
38483821d437c84489bc02812a23ee76,246296347441123025,interior1_143,Assets/Sprites/Tilesets/5388_tilesheet_interior1.png
38483821d437c84489bc02812a23ee76,183212007095979961,interior1_144,Assets/Sprites/Tilesets/5388_tilesheet_interior1.png
38483821d437c84489bc02812a23ee76,-2406893295983391241,interior1_145,Assets/Sprites/Tilesets/5388_tilesheet_interior1.png
38483821d437c84489bc02812a23ee76,8680213767338256587,interior1_146,Assets/Sprites/Tilesets/5388_tilesheet_interior1.png
38483821d437c84489bc02812a23ee76,-3839419028077224407,interior1_147,Assets/Sprites/Tilesets/5388_tilesheet_interior1.png
38483821d437c84489bc02812a23ee76,-9186735260187993544,interior1_148,Assets/Sprites/Tilesets/5388_tilesheet_interior1.png
38483821d437c84489bc02812a23ee76,-9016710347682217852,interior1_149,Assets/Sprites/Tilesets/5388_tilesheet_interior1.png
38483821d437c84489bc02812a23ee76,3739629566794811945,interior1_210,Assets/Sprites/Tilesets/5388_tilesheet_interior1.png
38483821d437c84489bc02812a23ee76,312411451082320881,interior1_211,Assets/Sprites/Tilesets/5388_tilesheet_interior1.png
38483821d437c84489bc02812a23ee76,7200636335243528347,interior1_212,Assets/Sprites/Tilesets/5388_tilesheet_interior1.png
38483821d437c84489bc02812a23ee76,-3977800204531077332,interior1_213,Assets/Sprites/Tilesets/5388_tilesheet_interior1.png
38483821d437c84489bc02812a23ee76,9018316408388942899,interior1_214,Assets/Sprites/Tilesets/5388_tilesheet_interior1.png
38483821d437c84489bc02812a23ee76,-2570949691034005900,interior1_215,Assets/Sprites/Tilesets/5388_tilesheet_interior1.png
38483821d437c84489bc02812a23ee76,2791595852367629972,interior1_216,Assets/Sprites/Tilesets/5388_tilesheet_interior1.png
38483821d437c84489bc02812a23ee76,7560987481910819968,interior1_217,Assets/Sprites/Tilesets/5388_tilesheet_interior1.png
38483821d437c84489bc02812a23ee76,8628016325019199391,interior1_218,Assets/Sprites/Tilesets/5388_tilesheet_interior1.png
38483821d437c84489bc02812a23ee76,2294871103751515929,interior1_219,Assets/Sprites/Tilesets/5388_tilesheet_interior1.png
38483821d437c84489bc02812a23ee76,-201460538643699791,interior1_lava,Assets/Sprites/Tilesets/5388_tilesheet_interior1.png
38483821d437c84489bc02812a23ee76,-4400644427685314254,interior1_water,Assets/Sprites/Tilesets/5388_tilesheet_interior1.png
38483821d437c84489bc02812a23ee76,7055374874864954388,interior1_water_background,Assets/Sprites/Tilesets/5388_tilesheet_interior1.png
38483821d437c84489bc02812a23ee76,8283533273962829627,interior1_water_backwall,Assets/Sprites/Tilesets/5388_tilesheet_interior1.png
38483821d437c84489bc02812a23ee76,4392170440827130783,interior1_waterfall,Assets/Sprites/Tilesets/5388_tilesheet_interior1.png
885cdd20c94412d43971edb2ffc5d611,-8655818156195654838,goldfish_10,Assets/Sprites/Tilesets/5389_tilesheet_goldfish.png
885cdd20c94412d43971edb2ffc5d611,6346318911325233748,goldfish_11,Assets/Sprites/Tilesets/5389_tilesheet_goldfish.png
885cdd20c94412d43971edb2ffc5d611,1840059084634729652,goldfish_12,Assets/Sprites/Tilesets/5389_tilesheet_goldfish.png
885cdd20c94412d43971edb2ffc5d611,1127223760459724062,goldfish_13,Assets/Sprites/Tilesets/5389_tilesheet_goldfish.png
885cdd20c94412d43971edb2ffc5d611,2450565909728410856,goldfish_14,Assets/Sprites/Tilesets/5389_tilesheet_goldfish.png
885cdd20c94412d43971edb2ffc5d611,-3165705482850905674,goldfish_15,Assets/Sprites/Tilesets/5389_tilesheet_goldfish.png
885cdd20c94412d43971edb2ffc5d611,-5774996654182199871,goldfish_16,Assets/Sprites/Tilesets/5389_tilesheet_goldfish.png
885cdd20c94412d43971edb2ffc5d611,4443897450750874535,goldfish_17,Assets/Sprites/Tilesets/5389_tilesheet_goldfish.png
885cdd20c94412d43971edb2ffc5d611,5661049957185019681,goldfish_18,Assets/Sprites/Tilesets/5389_tilesheet_goldfish.png
885cdd20c94412d43971edb2ffc5d611,8474981341611232960,goldfish_19,Assets/Sprites/Tilesets/5389_tilesheet_goldfish.png
885cdd20c94412d43971edb2ffc5d611,6836142153017594085,goldfish_20,Assets/Sprites/Tilesets/5389_tilesheet_goldfish.png
885cdd20c94412d43971edb2ffc5d611,2185498278340178504,goldfish_21,Assets/Sprites/Tilesets/5389_tilesheet_goldfish.png
885cdd20c94412d43971edb2ffc5d611,430984766625829748,goldfish_22,Assets/Sprites/Tilesets/5389_tilesheet_goldfish.png
885cdd20c94412d43971edb2ffc5d611,-1317986280940093683,goldfish_23,Assets/Sprites/Tilesets/5389_tilesheet_goldfish.png
885cdd20c94412d43971edb2ffc5d611,-8326724806951850010,goldfish_24,Assets/Sprites/Tilesets/5389_tilesheet_goldfish.png
885cdd20c94412d43971edb2ffc5d611,2692228934559545928,goldfish_110,Assets/Sprites/Tilesets/5389_tilesheet_goldfish.png
885cdd20c94412d43971edb2ffc5d611,8694305388649107506,goldfish_111,Assets/Sprites/Tilesets/5389_tilesheet_goldfish.png
885cdd20c94412d43971edb2ffc5d611,-6908713535308251356,goldfish_112,Assets/Sprites/Tilesets/5389_tilesheet_goldfish.png
885cdd20c94412d43971edb2ffc5d611,-4129235289053152723,goldfish_113,Assets/Sprites/Tilesets/5389_tilesheet_goldfish.png
885cdd20c94412d43971edb2ffc5d611,-5468382029055465884,goldfish_114,Assets/Sprites/Tilesets/5389_tilesheet_goldfish.png
885cdd20c94412d43971edb2ffc5d611,6734684633657039821,goldfish_115,Assets/Sprites/Tilesets/5389_tilesheet_goldfish.png
885cdd20c94412d43971edb2ffc5d611,-5903299138629098404,goldfish_116,Assets/Sprites/Tilesets/5389_tilesheet_goldfish.png
885cdd20c94412d43971edb2ffc5d611,-6398567975934360271,goldfish_117,Assets/Sprites/Tilesets/5389_tilesheet_goldfish.png
885cdd20c94412d43971edb2ffc5d611,-8957284035257282584,goldfish_118,Assets/Sprites/Tilesets/5389_tilesheet_goldfish.png
885cdd20c94412d43971edb2ffc5d611,-9138037040227770232,goldfish_119,Assets/Sprites/Tilesets/5389_tilesheet_goldfish.png
885cdd20c94412d43971edb2ffc5d611,6287607311731213131,goldfish_120,Assets/Sprites/Tilesets/5389_tilesheet_goldfish.png
885cdd20c94412d43971edb2ffc5d611,2425639911146021689,goldfish_121,Assets/Sprites/Tilesets/5389_tilesheet_goldfish.png
885cdd20c94412d43971edb2ffc5d611,7293906268319233776,goldfish_122,Assets/Sprites/Tilesets/5389_tilesheet_goldfish.png
885cdd20c94412d43971edb2ffc5d611,9174235224718242758,goldfish_123,Assets/Sprites/Tilesets/5389_tilesheet_goldfish.png
885cdd20c94412d43971edb2ffc5d611,6312037128003990989,goldfish_124,Assets/Sprites/Tilesets/5389_tilesheet_goldfish.png
885cdd20c94412d43971edb2ffc5d611,-3713311849071092161,goldfish_125,Assets/Sprites/Tilesets/5389_tilesheet_goldfish.png
885cdd20c94412d43971edb2ffc5d611,3685152125961464965,goldfish_126,Assets/Sprites/Tilesets/5389_tilesheet_goldfish.png
885cdd20c94412d43971edb2ffc5d611,3021946288986219864,goldfish_127,Assets/Sprites/Tilesets/5389_tilesheet_goldfish.png
885cdd20c94412d43971edb2ffc5d611,821699465916322869,goldfish_128,Assets/Sprites/Tilesets/5389_tilesheet_goldfish.png
885cdd20c94412d43971edb2ffc5d611,-8735441677112475752,goldfish_129,Assets/Sprites/Tilesets/5389_tilesheet_goldfish.png
885cdd20c94412d43971edb2ffc5d611,162189906751378928,goldfish_130,Assets/Sprites/Tilesets/5389_tilesheet_goldfish.png
885cdd20c94412d43971edb2ffc5d611,2551518094793869659,goldfish_131,Assets/Sprites/Tilesets/5389_tilesheet_goldfish.png
885cdd20c94412d43971edb2ffc5d611,7564170298869451445,goldfish_132,Assets/Sprites/Tilesets/5389_tilesheet_goldfish.png
885cdd20c94412d43971edb2ffc5d611,-5763829074529255567,goldfish_133,Assets/Sprites/Tilesets/5389_tilesheet_goldfish.png
885cdd20c94412d43971edb2ffc5d611,1524157299721021891,goldfish_134,Assets/Sprites/Tilesets/5389_tilesheet_goldfish.png
885cdd20c94412d43971edb2ffc5d611,-1583898042935591190,goldfish_135,Assets/Sprites/Tilesets/5389_tilesheet_goldfish.png
885cdd20c94412d43971edb2ffc5d611,-3505167688332446886,goldfish_136,Assets/Sprites/Tilesets/5389_tilesheet_goldfish.png
885cdd20c94412d43971edb2ffc5d611,-6066770748219408245,goldfish_137,Assets/Sprites/Tilesets/5389_tilesheet_goldfish.png
885cdd20c94412d43971edb2ffc5d611,6489610241198286182,goldfish_138,Assets/Sprites/Tilesets/5389_tilesheet_goldfish.png
885cdd20c94412d43971edb2ffc5d611,1641813613071775055,goldfish_139,Assets/Sprites/Tilesets/5389_tilesheet_goldfish.png
885cdd20c94412d43971edb2ffc5d611,7026842539221975203,goldfish_140,Assets/Sprites/Tilesets/5389_tilesheet_goldfish.png
885cdd20c94412d43971edb2ffc5d611,-3558287319723886022,goldfish_141,Assets/Sprites/Tilesets/5389_tilesheet_goldfish.png
885cdd20c94412d43971edb2ffc5d611,-8344083640052678453,goldfish_142,Assets/Sprites/Tilesets/5389_tilesheet_goldfish.png
885cdd20c94412d43971edb2ffc5d611,246296347441123025,goldfish_143,Assets/Sprites/Tilesets/5389_tilesheet_goldfish.png
885cdd20c94412d43971edb2ffc5d611,183212007095979961,goldfish_144,Assets/Sprites/Tilesets/5389_tilesheet_goldfish.png
885cdd20c94412d43971edb2ffc5d611,-2406893295983391241,goldfish_145,Assets/Sprites/Tilesets/5389_tilesheet_goldfish.png
885cdd20c94412d43971edb2ffc5d611,8680213767338256587,goldfish_146,Assets/Sprites/Tilesets/5389_tilesheet_goldfish.png
885cdd20c94412d43971edb2ffc5d611,-3839419028077224407,goldfish_147,Assets/Sprites/Tilesets/5389_tilesheet_goldfish.png
885cdd20c94412d43971edb2ffc5d611,-9186735260187993544,goldfish_148,Assets/Sprites/Tilesets/5389_tilesheet_goldfish.png
885cdd20c94412d43971edb2ffc5d611,-9016710347682217852,goldfish_149,Assets/Sprites/Tilesets/5389_tilesheet_goldfish.png
885cdd20c94412d43971edb2ffc5d611,-3144590571393297090,goldfish_150,Assets/Sprites/Tilesets/5389_tilesheet_goldfish.png
885cdd20c94412d43971edb2ffc5d611,-1869248515973406079,goldfish_151,Assets/Sprites/Tilesets/5389_tilesheet_goldfish.png
885cdd20c94412d43971edb2ffc5d611,1462365499702293984,goldfish_152,Assets/Sprites/Tilesets/5389_tilesheet_goldfish.png
885cdd20c94412d43971edb2ffc5d611,3117608474565576089,goldfish_153,Assets/Sprites/Tilesets/5389_tilesheet_goldfish.png
885cdd20c94412d43971edb2ffc5d611,4193222730039741841,goldfish_154,Assets/Sprites/Tilesets/5389_tilesheet_goldfish.png
885cdd20c94412d43971edb2ffc5d611,-952682199232832059,goldfish_155,Assets/Sprites/Tilesets/5389_tilesheet_goldfish.png
885cdd20c94412d43971edb2ffc5d611,-3213984598705551438,goldfish_156,Assets/Sprites/Tilesets/5389_tilesheet_goldfish.png
885cdd20c94412d43971edb2ffc5d611,-5307506109448168031,goldfish_157,Assets/Sprites/Tilesets/5389_tilesheet_goldfish.png
885cdd20c94412d43971edb2ffc5d611,6489871585197885851,goldfish_158,Assets/Sprites/Tilesets/5389_tilesheet_goldfish.png
885cdd20c94412d43971edb2ffc5d611,-5410082502029113031,goldfish_159,Assets/Sprites/Tilesets/5389_tilesheet_goldfish.png
885cdd20c94412d43971edb2ffc5d611,-8373222136145620632,goldfish_160,Assets/Sprites/Tilesets/5389_tilesheet_goldfish.png
885cdd20c94412d43971edb2ffc5d611,-2115457103611978337,goldfish_161,Assets/Sprites/Tilesets/5389_tilesheet_goldfish.png
885cdd20c94412d43971edb2ffc5d611,-7035195994024675113,goldfish_162,Assets/Sprites/Tilesets/5389_tilesheet_goldfish.png
885cdd20c94412d43971edb2ffc5d611,-5079105962311074511,goldfish_163,Assets/Sprites/Tilesets/5389_tilesheet_goldfish.png
885cdd20c94412d43971edb2ffc5d611,2733946097252187821,goldfish_164,Assets/Sprites/Tilesets/5389_tilesheet_goldfish.png
885cdd20c94412d43971edb2ffc5d611,7161397670792433542,goldfish_165,Assets/Sprites/Tilesets/5389_tilesheet_goldfish.png
885cdd20c94412d43971edb2ffc5d611,-6848136828857868286,goldfish_166,Assets/Sprites/Tilesets/5389_tilesheet_goldfish.png
885cdd20c94412d43971edb2ffc5d611,700863525252940799,goldfish_167,Assets/Sprites/Tilesets/5389_tilesheet_goldfish.png
885cdd20c94412d43971edb2ffc5d611,-3195476417298603316,goldfish_168,Assets/Sprites/Tilesets/5389_tilesheet_goldfish.png
885cdd20c94412d43971edb2ffc5d611,-7858491299808530786,goldfish_169,Assets/Sprites/Tilesets/5389_tilesheet_goldfish.png
885cdd20c94412d43971edb2ffc5d611,3739629566794811945,goldfish_210,Assets/Sprites/Tilesets/5389_tilesheet_goldfish.png
885cdd20c94412d43971edb2ffc5d611,312411451082320881,goldfish_211,Assets/Sprites/Tilesets/5389_tilesheet_goldfish.png
885cdd20c94412d43971edb2ffc5d611,7200636335243528347,goldfish_212,Assets/Sprites/Tilesets/5389_tilesheet_goldfish.png
885cdd20c94412d43971edb2ffc5d611,-3977800204531077332,goldfish_213,Assets/Sprites/Tilesets/5389_tilesheet_goldfish.png
885cdd20c94412d43971edb2ffc5d611,9018316408388942899,goldfish_214,Assets/Sprites/Tilesets/5389_tilesheet_goldfish.png
885cdd20c94412d43971edb2ffc5d611,-6167804180273747926,goldfish_220,Assets/Sprites/Tilesets/5389_tilesheet_goldfish.png
885cdd20c94412d43971edb2ffc5d611,863553802706296020,goldfish_221,Assets/Sprites/Tilesets/5389_tilesheet_goldfish.png
885cdd20c94412d43971edb2ffc5d611,-4227776513080790873,goldfish_222,Assets/Sprites/Tilesets/5389_tilesheet_goldfish.png
885cdd20c94412d43971edb2ffc5d611,-1126271621817865780,goldfish_223,Assets/Sprites/Tilesets/5389_tilesheet_goldfish.png
885cdd20c94412d43971edb2ffc5d611,7115231666849958538,goldfish_224,Assets/Sprites/Tilesets/5389_tilesheet_goldfish.png
885cdd20c94412d43971edb2ffc5d611,-201460538643699791,goldfish_lava,Assets/Sprites/Tilesets/5389_tilesheet_goldfish.png
885cdd20c94412d43971edb2ffc5d611,-4400644427685314254,goldfish_water,Assets/Sprites/Tilesets/5389_tilesheet_goldfish.png
885cdd20c94412d43971edb2ffc5d611,7055374874864954388,goldfish_water_background,Assets/Sprites/Tilesets/5389_tilesheet_goldfish.png
885cdd20c94412d43971edb2ffc5d611,8283533273962829627,goldfish_water_backwall,Assets/Sprites/Tilesets/5389_tilesheet_goldfish.png
885cdd20c94412d43971edb2ffc5d611,4392170440827130783,goldfish_waterfall,Assets/Sprites/Tilesets/5389_tilesheet_goldfish.png
08b438f9fe4f1224288c4584c5e8b124,-8655818156195654838,dreamshrine_10,Assets/Sprites/Tilesets/5390_tilesheet_dreamshrine.png
08b438f9fe4f1224288c4584c5e8b124,6346318911325233748,dreamshrine_11,Assets/Sprites/Tilesets/5390_tilesheet_dreamshrine.png
08b438f9fe4f1224288c4584c5e8b124,1840059084634729652,dreamshrine_12,Assets/Sprites/Tilesets/5390_tilesheet_dreamshrine.png
08b438f9fe4f1224288c4584c5e8b124,1127223760459724062,dreamshrine_13,Assets/Sprites/Tilesets/5390_tilesheet_dreamshrine.png
08b438f9fe4f1224288c4584c5e8b124,2450565909728410856,dreamshrine_14,Assets/Sprites/Tilesets/5390_tilesheet_dreamshrine.png
08b438f9fe4f1224288c4584c5e8b124,-3165705482850905674,dreamshrine_15,Assets/Sprites/Tilesets/5390_tilesheet_dreamshrine.png
08b438f9fe4f1224288c4584c5e8b124,-5774996654182199871,dreamshrine_16,Assets/Sprites/Tilesets/5390_tilesheet_dreamshrine.png
08b438f9fe4f1224288c4584c5e8b124,4443897450750874535,dreamshrine_17,Assets/Sprites/Tilesets/5390_tilesheet_dreamshrine.png
08b438f9fe4f1224288c4584c5e8b124,5661049957185019681,dreamshrine_18,Assets/Sprites/Tilesets/5390_tilesheet_dreamshrine.png
08b438f9fe4f1224288c4584c5e8b124,8474981341611232960,dreamshrine_19,Assets/Sprites/Tilesets/5390_tilesheet_dreamshrine.png
08b438f9fe4f1224288c4584c5e8b124,6836142153017594085,dreamshrine_20,Assets/Sprites/Tilesets/5390_tilesheet_dreamshrine.png
08b438f9fe4f1224288c4584c5e8b124,2185498278340178504,dreamshrine_21,Assets/Sprites/Tilesets/5390_tilesheet_dreamshrine.png
08b438f9fe4f1224288c4584c5e8b124,430984766625829748,dreamshrine_22,Assets/Sprites/Tilesets/5390_tilesheet_dreamshrine.png
08b438f9fe4f1224288c4584c5e8b124,-1317986280940093683,dreamshrine_23,Assets/Sprites/Tilesets/5390_tilesheet_dreamshrine.png
08b438f9fe4f1224288c4584c5e8b124,-8326724806951850010,dreamshrine_24,Assets/Sprites/Tilesets/5390_tilesheet_dreamshrine.png
08b438f9fe4f1224288c4584c5e8b124,8914089594741642868,dreamshrine_25,Assets/Sprites/Tilesets/5390_tilesheet_dreamshrine.png
08b438f9fe4f1224288c4584c5e8b124,276181914589855336,dreamshrine_26,Assets/Sprites/Tilesets/5390_tilesheet_dreamshrine.png
08b438f9fe4f1224288c4584c5e8b124,588497054336764479,dreamshrine_27,Assets/Sprites/Tilesets/5390_tilesheet_dreamshrine.png
08b438f9fe4f1224288c4584c5e8b124,-540048619370252142,dreamshrine_28,Assets/Sprites/Tilesets/5390_tilesheet_dreamshrine.png
08b438f9fe4f1224288c4584c5e8b124,-3511060238418154924,dreamshrine_29,Assets/Sprites/Tilesets/5390_tilesheet_dreamshrine.png
08b438f9fe4f1224288c4584c5e8b124,-6691012767228139306,dreamshrine_30,Assets/Sprites/Tilesets/5390_tilesheet_dreamshrine.png
08b438f9fe4f1224288c4584c5e8b124,8251907811329543855,dreamshrine_31,Assets/Sprites/Tilesets/5390_tilesheet_dreamshrine.png
08b438f9fe4f1224288c4584c5e8b124,-8946788012438720712,dreamshrine_32,Assets/Sprites/Tilesets/5390_tilesheet_dreamshrine.png
08b438f9fe4f1224288c4584c5e8b124,-3538851436377425636,dreamshrine_33,Assets/Sprites/Tilesets/5390_tilesheet_dreamshrine.png
08b438f9fe4f1224288c4584c5e8b124,5837620518785745679,dreamshrine_34,Assets/Sprites/Tilesets/5390_tilesheet_dreamshrine.png
08b438f9fe4f1224288c4584c5e8b124,735763825654373507,dreamshrine_35,Assets/Sprites/Tilesets/5390_tilesheet_dreamshrine.png
08b438f9fe4f1224288c4584c5e8b124,-6766607325196344940,dreamshrine_36,Assets/Sprites/Tilesets/5390_tilesheet_dreamshrine.png
08b438f9fe4f1224288c4584c5e8b124,7123294266852565953,dreamshrine_37,Assets/Sprites/Tilesets/5390_tilesheet_dreamshrine.png
08b438f9fe4f1224288c4584c5e8b124,1812952166184403864,dreamshrine_38,Assets/Sprites/Tilesets/5390_tilesheet_dreamshrine.png
08b438f9fe4f1224288c4584c5e8b124,765628930423093814,dreamshrine_39,Assets/Sprites/Tilesets/5390_tilesheet_dreamshrine.png
08b438f9fe4f1224288c4584c5e8b124,2692228934559545928,dreamshrine_110,Assets/Sprites/Tilesets/5390_tilesheet_dreamshrine.png
08b438f9fe4f1224288c4584c5e8b124,8694305388649107506,dreamshrine_111,Assets/Sprites/Tilesets/5390_tilesheet_dreamshrine.png
08b438f9fe4f1224288c4584c5e8b124,-6908713535308251356,dreamshrine_112,Assets/Sprites/Tilesets/5390_tilesheet_dreamshrine.png
08b438f9fe4f1224288c4584c5e8b124,-4129235289053152723,dreamshrine_113,Assets/Sprites/Tilesets/5390_tilesheet_dreamshrine.png
08b438f9fe4f1224288c4584c5e8b124,-5468382029055465884,dreamshrine_114,Assets/Sprites/Tilesets/5390_tilesheet_dreamshrine.png
08b438f9fe4f1224288c4584c5e8b124,6734684633657039821,dreamshrine_115,Assets/Sprites/Tilesets/5390_tilesheet_dreamshrine.png
08b438f9fe4f1224288c4584c5e8b124,-5903299138629098404,dreamshrine_116,Assets/Sprites/Tilesets/5390_tilesheet_dreamshrine.png
08b438f9fe4f1224288c4584c5e8b124,-6398567975934360271,dreamshrine_117,Assets/Sprites/Tilesets/5390_tilesheet_dreamshrine.png
08b438f9fe4f1224288c4584c5e8b124,-8957284035257282584,dreamshrine_118,Assets/Sprites/Tilesets/5390_tilesheet_dreamshrine.png
08b438f9fe4f1224288c4584c5e8b124,-9138037040227770232,dreamshrine_119,Assets/Sprites/Tilesets/5390_tilesheet_dreamshrine.png
08b438f9fe4f1224288c4584c5e8b124,6287607311731213131,dreamshrine_120,Assets/Sprites/Tilesets/5390_tilesheet_dreamshrine.png
08b438f9fe4f1224288c4584c5e8b124,2425639911146021689,dreamshrine_121,Assets/Sprites/Tilesets/5390_tilesheet_dreamshrine.png
08b438f9fe4f1224288c4584c5e8b124,7293906268319233776,dreamshrine_122,Assets/Sprites/Tilesets/5390_tilesheet_dreamshrine.png
08b438f9fe4f1224288c4584c5e8b124,9174235224718242758,dreamshrine_123,Assets/Sprites/Tilesets/5390_tilesheet_dreamshrine.png
08b438f9fe4f1224288c4584c5e8b124,6312037128003990989,dreamshrine_124,Assets/Sprites/Tilesets/5390_tilesheet_dreamshrine.png
08b438f9fe4f1224288c4584c5e8b124,-3713311849071092161,dreamshrine_125,Assets/Sprites/Tilesets/5390_tilesheet_dreamshrine.png
08b438f9fe4f1224288c4584c5e8b124,3685152125961464965,dreamshrine_126,Assets/Sprites/Tilesets/5390_tilesheet_dreamshrine.png
08b438f9fe4f1224288c4584c5e8b124,3021946288986219864,dreamshrine_127,Assets/Sprites/Tilesets/5390_tilesheet_dreamshrine.png
08b438f9fe4f1224288c4584c5e8b124,821699465916322869,dreamshrine_128,Assets/Sprites/Tilesets/5390_tilesheet_dreamshrine.png
08b438f9fe4f1224288c4584c5e8b124,-8735441677112475752,dreamshrine_129,Assets/Sprites/Tilesets/5390_tilesheet_dreamshrine.png
08b438f9fe4f1224288c4584c5e8b124,162189906751378928,dreamshrine_130,Assets/Sprites/Tilesets/5390_tilesheet_dreamshrine.png
08b438f9fe4f1224288c4584c5e8b124,2551518094793869659,dreamshrine_131,Assets/Sprites/Tilesets/5390_tilesheet_dreamshrine.png
08b438f9fe4f1224288c4584c5e8b124,7564170298869451445,dreamshrine_132,Assets/Sprites/Tilesets/5390_tilesheet_dreamshrine.png
08b438f9fe4f1224288c4584c5e8b124,-5763829074529255567,dreamshrine_133,Assets/Sprites/Tilesets/5390_tilesheet_dreamshrine.png
08b438f9fe4f1224288c4584c5e8b124,1524157299721021891,dreamshrine_134,Assets/Sprites/Tilesets/5390_tilesheet_dreamshrine.png
08b438f9fe4f1224288c4584c5e8b124,-1583898042935591190,dreamshrine_135,Assets/Sprites/Tilesets/5390_tilesheet_dreamshrine.png
08b438f9fe4f1224288c4584c5e8b124,-3505167688332446886,dreamshrine_136,Assets/Sprites/Tilesets/5390_tilesheet_dreamshrine.png
08b438f9fe4f1224288c4584c5e8b124,-6066770748219408245,dreamshrine_137,Assets/Sprites/Tilesets/5390_tilesheet_dreamshrine.png
08b438f9fe4f1224288c4584c5e8b124,6489610241198286182,dreamshrine_138,Assets/Sprites/Tilesets/5390_tilesheet_dreamshrine.png
08b438f9fe4f1224288c4584c5e8b124,1641813613071775055,dreamshrine_139,Assets/Sprites/Tilesets/5390_tilesheet_dreamshrine.png
08b438f9fe4f1224288c4584c5e8b124,7026842539221975203,dreamshrine_140,Assets/Sprites/Tilesets/5390_tilesheet_dreamshrine.png
08b438f9fe4f1224288c4584c5e8b124,-3558287319723886022,dreamshrine_141,Assets/Sprites/Tilesets/5390_tilesheet_dreamshrine.png
08b438f9fe4f1224288c4584c5e8b124,-8344083640052678453,dreamshrine_142,Assets/Sprites/Tilesets/5390_tilesheet_dreamshrine.png
08b438f9fe4f1224288c4584c5e8b124,246296347441123025,dreamshrine_143,Assets/Sprites/Tilesets/5390_tilesheet_dreamshrine.png
08b438f9fe4f1224288c4584c5e8b124,183212007095979961,dreamshrine_144,Assets/Sprites/Tilesets/5390_tilesheet_dreamshrine.png
08b438f9fe4f1224288c4584c5e8b124,-2406893295983391241,dreamshrine_145,Assets/Sprites/Tilesets/5390_tilesheet_dreamshrine.png
08b438f9fe4f1224288c4584c5e8b124,8680213767338256587,dreamshrine_146,Assets/Sprites/Tilesets/5390_tilesheet_dreamshrine.png
08b438f9fe4f1224288c4584c5e8b124,-3839419028077224407,dreamshrine_147,Assets/Sprites/Tilesets/5390_tilesheet_dreamshrine.png
08b438f9fe4f1224288c4584c5e8b124,-9186735260187993544,dreamshrine_148,Assets/Sprites/Tilesets/5390_tilesheet_dreamshrine.png
08b438f9fe4f1224288c4584c5e8b124,-9016710347682217852,dreamshrine_149,Assets/Sprites/Tilesets/5390_tilesheet_dreamshrine.png
08b438f9fe4f1224288c4584c5e8b124,-3144590571393297090,dreamshrine_150,Assets/Sprites/Tilesets/5390_tilesheet_dreamshrine.png
08b438f9fe4f1224288c4584c5e8b124,-1869248515973406079,dreamshrine_151,Assets/Sprites/Tilesets/5390_tilesheet_dreamshrine.png
08b438f9fe4f1224288c4584c5e8b124,1462365499702293984,dreamshrine_152,Assets/Sprites/Tilesets/5390_tilesheet_dreamshrine.png
08b438f9fe4f1224288c4584c5e8b124,3117608474565576089,dreamshrine_153,Assets/Sprites/Tilesets/5390_tilesheet_dreamshrine.png
08b438f9fe4f1224288c4584c5e8b124,4193222730039741841,dreamshrine_154,Assets/Sprites/Tilesets/5390_tilesheet_dreamshrine.png
08b438f9fe4f1224288c4584c5e8b124,-952682199232832059,dreamshrine_155,Assets/Sprites/Tilesets/5390_tilesheet_dreamshrine.png
08b438f9fe4f1224288c4584c5e8b124,-3213984598705551438,dreamshrine_156,Assets/Sprites/Tilesets/5390_tilesheet_dreamshrine.png
08b438f9fe4f1224288c4584c5e8b124,-5307506109448168031,dreamshrine_157,Assets/Sprites/Tilesets/5390_tilesheet_dreamshrine.png
08b438f9fe4f1224288c4584c5e8b124,6489871585197885851,dreamshrine_158,Assets/Sprites/Tilesets/5390_tilesheet_dreamshrine.png
08b438f9fe4f1224288c4584c5e8b124,-5410082502029113031,dreamshrine_159,Assets/Sprites/Tilesets/5390_tilesheet_dreamshrine.png
08b438f9fe4f1224288c4584c5e8b124,-8373222136145620632,dreamshrine_160,Assets/Sprites/Tilesets/5390_tilesheet_dreamshrine.png
08b438f9fe4f1224288c4584c5e8b124,-2115457103611978337,dreamshrine_161,Assets/Sprites/Tilesets/5390_tilesheet_dreamshrine.png
08b438f9fe4f1224288c4584c5e8b124,-7035195994024675113,dreamshrine_162,Assets/Sprites/Tilesets/5390_tilesheet_dreamshrine.png
08b438f9fe4f1224288c4584c5e8b124,-5079105962311074511,dreamshrine_163,Assets/Sprites/Tilesets/5390_tilesheet_dreamshrine.png
08b438f9fe4f1224288c4584c5e8b124,2733946097252187821,dreamshrine_164,Assets/Sprites/Tilesets/5390_tilesheet_dreamshrine.png
08b438f9fe4f1224288c4584c5e8b124,7161397670792433542,dreamshrine_165,Assets/Sprites/Tilesets/5390_tilesheet_dreamshrine.png
08b438f9fe4f1224288c4584c5e8b124,-6848136828857868286,dreamshrine_166,Assets/Sprites/Tilesets/5390_tilesheet_dreamshrine.png
08b438f9fe4f1224288c4584c5e8b124,700863525252940799,dreamshrine_167,Assets/Sprites/Tilesets/5390_tilesheet_dreamshrine.png
08b438f9fe4f1224288c4584c5e8b124,-3195476417298603316,dreamshrine_168,Assets/Sprites/Tilesets/5390_tilesheet_dreamshrine.png
08b438f9fe4f1224288c4584c5e8b124,-7858491299808530786,dreamshrine_169,Assets/Sprites/Tilesets/5390_tilesheet_dreamshrine.png
08b438f9fe4f1224288c4584c5e8b124,1701854330767516314,dreamshrine_170,Assets/Sprites/Tilesets/5390_tilesheet_dreamshrine.png
08b438f9fe4f1224288c4584c5e8b124,5932739100274104364,dreamshrine_171,Assets/Sprites/Tilesets/5390_tilesheet_dreamshrine.png
08b438f9fe4f1224288c4584c5e8b124,-6467276799757248785,dreamshrine_172,Assets/Sprites/Tilesets/5390_tilesheet_dreamshrine.png
08b438f9fe4f1224288c4584c5e8b124,-1300805632072158905,dreamshrine_173,Assets/Sprites/Tilesets/5390_tilesheet_dreamshrine.png
08b438f9fe4f1224288c4584c5e8b124,605696201848019545,dreamshrine_174,Assets/Sprites/Tilesets/5390_tilesheet_dreamshrine.png
08b438f9fe4f1224288c4584c5e8b124,-1724086907042617910,dreamshrine_175,Assets/Sprites/Tilesets/5390_tilesheet_dreamshrine.png
08b438f9fe4f1224288c4584c5e8b124,8475284525710512774,dreamshrine_176,Assets/Sprites/Tilesets/5390_tilesheet_dreamshrine.png
08b438f9fe4f1224288c4584c5e8b124,-3822713577358298166,dreamshrine_177,Assets/Sprites/Tilesets/5390_tilesheet_dreamshrine.png
08b438f9fe4f1224288c4584c5e8b124,1768339233626080706,dreamshrine_178,Assets/Sprites/Tilesets/5390_tilesheet_dreamshrine.png
08b438f9fe4f1224288c4584c5e8b124,-6841722765060534419,dreamshrine_179,Assets/Sprites/Tilesets/5390_tilesheet_dreamshrine.png
08b438f9fe4f1224288c4584c5e8b124,-3493160027052846601,dreamshrine_180,Assets/Sprites/Tilesets/5390_tilesheet_dreamshrine.png
08b438f9fe4f1224288c4584c5e8b124,-554438106920706084,dreamshrine_181,Assets/Sprites/Tilesets/5390_tilesheet_dreamshrine.png
08b438f9fe4f1224288c4584c5e8b124,-5341870609494625678,dreamshrine_182,Assets/Sprites/Tilesets/5390_tilesheet_dreamshrine.png
08b438f9fe4f1224288c4584c5e8b124,-8905662136806812126,dreamshrine_183,Assets/Sprites/Tilesets/5390_tilesheet_dreamshrine.png
08b438f9fe4f1224288c4584c5e8b124,5281638212969618885,dreamshrine_184,Assets/Sprites/Tilesets/5390_tilesheet_dreamshrine.png
08b438f9fe4f1224288c4584c5e8b124,-3150301486310352595,dreamshrine_185,Assets/Sprites/Tilesets/5390_tilesheet_dreamshrine.png
08b438f9fe4f1224288c4584c5e8b124,-733222574896515085,dreamshrine_186,Assets/Sprites/Tilesets/5390_tilesheet_dreamshrine.png
08b438f9fe4f1224288c4584c5e8b124,-3204314713441666975,dreamshrine_187,Assets/Sprites/Tilesets/5390_tilesheet_dreamshrine.png
08b438f9fe4f1224288c4584c5e8b124,-8295142853972654705,dreamshrine_188,Assets/Sprites/Tilesets/5390_tilesheet_dreamshrine.png
08b438f9fe4f1224288c4584c5e8b124,-1977760837791518271,dreamshrine_189,Assets/Sprites/Tilesets/5390_tilesheet_dreamshrine.png
08b438f9fe4f1224288c4584c5e8b124,4226848489356718782,dreamshrine_190,Assets/Sprites/Tilesets/5390_tilesheet_dreamshrine.png
08b438f9fe4f1224288c4584c5e8b124,-8236584472190259415,dreamshrine_191,Assets/Sprites/Tilesets/5390_tilesheet_dreamshrine.png
08b438f9fe4f1224288c4584c5e8b124,-8992005622729389307,dreamshrine_192,Assets/Sprites/Tilesets/5390_tilesheet_dreamshrine.png
08b438f9fe4f1224288c4584c5e8b124,9185226273848547440,dreamshrine_193,Assets/Sprites/Tilesets/5390_tilesheet_dreamshrine.png
08b438f9fe4f1224288c4584c5e8b124,-7367521910513102346,dreamshrine_194,Assets/Sprites/Tilesets/5390_tilesheet_dreamshrine.png
08b438f9fe4f1224288c4584c5e8b124,4652559125209467337,dreamshrine_195,Assets/Sprites/Tilesets/5390_tilesheet_dreamshrine.png
08b438f9fe4f1224288c4584c5e8b124,-2461449556822371205,dreamshrine_196,Assets/Sprites/Tilesets/5390_tilesheet_dreamshrine.png
08b438f9fe4f1224288c4584c5e8b124,2881414327404933116,dreamshrine_197,Assets/Sprites/Tilesets/5390_tilesheet_dreamshrine.png
08b438f9fe4f1224288c4584c5e8b124,-2807883170600298723,dreamshrine_198,Assets/Sprites/Tilesets/5390_tilesheet_dreamshrine.png
08b438f9fe4f1224288c4584c5e8b124,-1124929230099341800,dreamshrine_199,Assets/Sprites/Tilesets/5390_tilesheet_dreamshrine.png
08b438f9fe4f1224288c4584c5e8b124,3739629566794811945,dreamshrine_210,Assets/Sprites/Tilesets/5390_tilesheet_dreamshrine.png
08b438f9fe4f1224288c4584c5e8b124,312411451082320881,dreamshrine_211,Assets/Sprites/Tilesets/5390_tilesheet_dreamshrine.png
08b438f9fe4f1224288c4584c5e8b124,7200636335243528347,dreamshrine_212,Assets/Sprites/Tilesets/5390_tilesheet_dreamshrine.png
08b438f9fe4f1224288c4584c5e8b124,-3977800204531077332,dreamshrine_213,Assets/Sprites/Tilesets/5390_tilesheet_dreamshrine.png
08b438f9fe4f1224288c4584c5e8b124,9018316408388942899,dreamshrine_214,Assets/Sprites/Tilesets/5390_tilesheet_dreamshrine.png
08b438f9fe4f1224288c4584c5e8b124,-2570949691034005900,dreamshrine_215,Assets/Sprites/Tilesets/5390_tilesheet_dreamshrine.png
08b438f9fe4f1224288c4584c5e8b124,2791595852367629972,dreamshrine_216,Assets/Sprites/Tilesets/5390_tilesheet_dreamshrine.png
08b438f9fe4f1224288c4584c5e8b124,7560987481910819968,dreamshrine_217,Assets/Sprites/Tilesets/5390_tilesheet_dreamshrine.png
08b438f9fe4f1224288c4584c5e8b124,8628016325019199391,dreamshrine_218,Assets/Sprites/Tilesets/5390_tilesheet_dreamshrine.png
08b438f9fe4f1224288c4584c5e8b124,2294871103751515929,dreamshrine_219,Assets/Sprites/Tilesets/5390_tilesheet_dreamshrine.png
08b438f9fe4f1224288c4584c5e8b124,-6167804180273747926,dreamshrine_220,Assets/Sprites/Tilesets/5390_tilesheet_dreamshrine.png
08b438f9fe4f1224288c4584c5e8b124,863553802706296020,dreamshrine_221,Assets/Sprites/Tilesets/5390_tilesheet_dreamshrine.png
08b438f9fe4f1224288c4584c5e8b124,-4227776513080790873,dreamshrine_222,Assets/Sprites/Tilesets/5390_tilesheet_dreamshrine.png
08b438f9fe4f1224288c4584c5e8b124,-1126271621817865780,dreamshrine_223,Assets/Sprites/Tilesets/5390_tilesheet_dreamshrine.png
08b438f9fe4f1224288c4584c5e8b124,7115231666849958538,dreamshrine_224,Assets/Sprites/Tilesets/5390_tilesheet_dreamshrine.png
08b438f9fe4f1224288c4584c5e8b124,-2376931319762873690,dreamshrine_225,Assets/Sprites/Tilesets/5390_tilesheet_dreamshrine.png
08b438f9fe4f1224288c4584c5e8b124,-609758178335434047,dreamshrine_226,Assets/Sprites/Tilesets/5390_tilesheet_dreamshrine.png
08b438f9fe4f1224288c4584c5e8b124,-4405719728687186775,dreamshrine_227,Assets/Sprites/Tilesets/5390_tilesheet_dreamshrine.png
08b438f9fe4f1224288c4584c5e8b124,6698147340294147897,dreamshrine_228,Assets/Sprites/Tilesets/5390_tilesheet_dreamshrine.png
08b438f9fe4f1224288c4584c5e8b124,5365529030329516596,dreamshrine_229,Assets/Sprites/Tilesets/5390_tilesheet_dreamshrine.png
08b438f9fe4f1224288c4584c5e8b124,8298471800516993061,dreamshrine_230,Assets/Sprites/Tilesets/5390_tilesheet_dreamshrine.png
08b438f9fe4f1224288c4584c5e8b124,-7397664776066113000,dreamshrine_231,Assets/Sprites/Tilesets/5390_tilesheet_dreamshrine.png
08b438f9fe4f1224288c4584c5e8b124,2482586323228808731,dreamshrine_232,Assets/Sprites/Tilesets/5390_tilesheet_dreamshrine.png
08b438f9fe4f1224288c4584c5e8b124,1994940757356745112,dreamshrine_233,Assets/Sprites/Tilesets/5390_tilesheet_dreamshrine.png
08b438f9fe4f1224288c4584c5e8b124,-1078203913016493803,dreamshrine_234,Assets/Sprites/Tilesets/5390_tilesheet_dreamshrine.png
08b438f9fe4f1224288c4584c5e8b124,-6752338200585653871,dreamshrine_235,Assets/Sprites/Tilesets/5390_tilesheet_dreamshrine.png
08b438f9fe4f1224288c4584c5e8b124,8127992217002793755,dreamshrine_236,Assets/Sprites/Tilesets/5390_tilesheet_dreamshrine.png
08b438f9fe4f1224288c4584c5e8b124,-4101432685032244580,dreamshrine_237,Assets/Sprites/Tilesets/5390_tilesheet_dreamshrine.png
08b438f9fe4f1224288c4584c5e8b124,8265415928279550358,dreamshrine_238,Assets/Sprites/Tilesets/5390_tilesheet_dreamshrine.png
08b438f9fe4f1224288c4584c5e8b124,-6674396443900270943,dreamshrine_239,Assets/Sprites/Tilesets/5390_tilesheet_dreamshrine.png
08b438f9fe4f1224288c4584c5e8b124,1080804530591515564,dreamshrine_240,Assets/Sprites/Tilesets/5390_tilesheet_dreamshrine.png
08b438f9fe4f1224288c4584c5e8b124,-506354789666657039,dreamshrine_241,Assets/Sprites/Tilesets/5390_tilesheet_dreamshrine.png
08b438f9fe4f1224288c4584c5e8b124,2673319297951487583,dreamshrine_242,Assets/Sprites/Tilesets/5390_tilesheet_dreamshrine.png
08b438f9fe4f1224288c4584c5e8b124,-9008657601438776649,dreamshrine_243,Assets/Sprites/Tilesets/5390_tilesheet_dreamshrine.png
08b438f9fe4f1224288c4584c5e8b124,2147599006017125171,dreamshrine_244,Assets/Sprites/Tilesets/5390_tilesheet_dreamshrine.png
08b438f9fe4f1224288c4584c5e8b124,8244018970315126061,dreamshrine_245,Assets/Sprites/Tilesets/5390_tilesheet_dreamshrine.png
08b438f9fe4f1224288c4584c5e8b124,5361997221339473481,dreamshrine_246,Assets/Sprites/Tilesets/5390_tilesheet_dreamshrine.png
08b438f9fe4f1224288c4584c5e8b124,4325820406135612389,dreamshrine_247,Assets/Sprites/Tilesets/5390_tilesheet_dreamshrine.png
08b438f9fe4f1224288c4584c5e8b124,-7925412122032304329,dreamshrine_248,Assets/Sprites/Tilesets/5390_tilesheet_dreamshrine.png
08b438f9fe4f1224288c4584c5e8b124,8322959718669543486,dreamshrine_249,Assets/Sprites/Tilesets/5390_tilesheet_dreamshrine.png
08b438f9fe4f1224288c4584c5e8b124,7685791235311492198,dreamshrine_250,Assets/Sprites/Tilesets/5390_tilesheet_dreamshrine.png
08b438f9fe4f1224288c4584c5e8b124,6097070106790314979,dreamshrine_251,Assets/Sprites/Tilesets/5390_tilesheet_dreamshrine.png
08b438f9fe4f1224288c4584c5e8b124,1166535890125575309,dreamshrine_252,Assets/Sprites/Tilesets/5390_tilesheet_dreamshrine.png
08b438f9fe4f1224288c4584c5e8b124,-3529375166929399159,dreamshrine_253,Assets/Sprites/Tilesets/5390_tilesheet_dreamshrine.png
08b438f9fe4f1224288c4584c5e8b124,-5618943293163073787,dreamshrine_254,Assets/Sprites/Tilesets/5390_tilesheet_dreamshrine.png
08b438f9fe4f1224288c4584c5e8b124,-8088098303998425932,dreamshrine_255,Assets/Sprites/Tilesets/5390_tilesheet_dreamshrine.png
08b438f9fe4f1224288c4584c5e8b124,6020228106289174833,dreamshrine_256,Assets/Sprites/Tilesets/5390_tilesheet_dreamshrine.png
08b438f9fe4f1224288c4584c5e8b124,-5818354559177891042,dreamshrine_257,Assets/Sprites/Tilesets/5390_tilesheet_dreamshrine.png
08b438f9fe4f1224288c4584c5e8b124,271178689467477090,dreamshrine_258,Assets/Sprites/Tilesets/5390_tilesheet_dreamshrine.png
08b438f9fe4f1224288c4584c5e8b124,4659752456874887765,dreamshrine_259,Assets/Sprites/Tilesets/5390_tilesheet_dreamshrine.png
08b438f9fe4f1224288c4584c5e8b124,-5126770328913247271,dreamshrine_310,Assets/Sprites/Tilesets/5390_tilesheet_dreamshrine.png
08b438f9fe4f1224288c4584c5e8b124,7946168081469297458,dreamshrine_311,Assets/Sprites/Tilesets/5390_tilesheet_dreamshrine.png
08b438f9fe4f1224288c4584c5e8b124,2527338040782231141,dreamshrine_312,Assets/Sprites/Tilesets/5390_tilesheet_dreamshrine.png
08b438f9fe4f1224288c4584c5e8b124,-8435350848283442103,dreamshrine_313,Assets/Sprites/Tilesets/5390_tilesheet_dreamshrine.png
08b438f9fe4f1224288c4584c5e8b124,4282322130146762943,dreamshrine_314,Assets/Sprites/Tilesets/5390_tilesheet_dreamshrine.png
08b438f9fe4f1224288c4584c5e8b124,3682794847301178665,dreamshrine_315,Assets/Sprites/Tilesets/5390_tilesheet_dreamshrine.png
08b438f9fe4f1224288c4584c5e8b124,1659778227345637010,dreamshrine_316,Assets/Sprites/Tilesets/5390_tilesheet_dreamshrine.png
08b438f9fe4f1224288c4584c5e8b124,-7080128163828701033,dreamshrine_317,Assets/Sprites/Tilesets/5390_tilesheet_dreamshrine.png
08b438f9fe4f1224288c4584c5e8b124,9125346741212962701,dreamshrine_318,Assets/Sprites/Tilesets/5390_tilesheet_dreamshrine.png
08b438f9fe4f1224288c4584c5e8b124,5290670118394407882,dreamshrine_319,Assets/Sprites/Tilesets/5390_tilesheet_dreamshrine.png
08b438f9fe4f1224288c4584c5e8b124,2717723488615757018,dreamshrine_320,Assets/Sprites/Tilesets/5390_tilesheet_dreamshrine.png
08b438f9fe4f1224288c4584c5e8b124,-5202534442311399235,dreamshrine_321,Assets/Sprites/Tilesets/5390_tilesheet_dreamshrine.png
08b438f9fe4f1224288c4584c5e8b124,7003119491202799949,dreamshrine_322,Assets/Sprites/Tilesets/5390_tilesheet_dreamshrine.png
08b438f9fe4f1224288c4584c5e8b124,-1516101246683267341,dreamshrine_323,Assets/Sprites/Tilesets/5390_tilesheet_dreamshrine.png
08b438f9fe4f1224288c4584c5e8b124,4262453134342189748,dreamshrine_324,Assets/Sprites/Tilesets/5390_tilesheet_dreamshrine.png
08b438f9fe4f1224288c4584c5e8b124,6228360690865079267,dreamshrine_325,Assets/Sprites/Tilesets/5390_tilesheet_dreamshrine.png
08b438f9fe4f1224288c4584c5e8b124,9160419723727516329,dreamshrine_326,Assets/Sprites/Tilesets/5390_tilesheet_dreamshrine.png
08b438f9fe4f1224288c4584c5e8b124,-5622098513726520222,dreamshrine_327,Assets/Sprites/Tilesets/5390_tilesheet_dreamshrine.png
08b438f9fe4f1224288c4584c5e8b124,-5773599922294629756,dreamshrine_328,Assets/Sprites/Tilesets/5390_tilesheet_dreamshrine.png
08b438f9fe4f1224288c4584c5e8b124,-4491712781077807811,dreamshrine_329,Assets/Sprites/Tilesets/5390_tilesheet_dreamshrine.png
08b438f9fe4f1224288c4584c5e8b124,3858445796382837725,dreamshrine_330,Assets/Sprites/Tilesets/5390_tilesheet_dreamshrine.png
08b438f9fe4f1224288c4584c5e8b124,1576982563517511918,dreamshrine_331,Assets/Sprites/Tilesets/5390_tilesheet_dreamshrine.png
08b438f9fe4f1224288c4584c5e8b124,-8957563533776167652,dreamshrine_332,Assets/Sprites/Tilesets/5390_tilesheet_dreamshrine.png
08b438f9fe4f1224288c4584c5e8b124,4715161180640803526,dreamshrine_333,Assets/Sprites/Tilesets/5390_tilesheet_dreamshrine.png
08b438f9fe4f1224288c4584c5e8b124,-6257506664081412805,dreamshrine_334,Assets/Sprites/Tilesets/5390_tilesheet_dreamshrine.png
08b438f9fe4f1224288c4584c5e8b124,-4680067152379755720,dreamshrine_335,Assets/Sprites/Tilesets/5390_tilesheet_dreamshrine.png
08b438f9fe4f1224288c4584c5e8b124,2244374295097005331,dreamshrine_336,Assets/Sprites/Tilesets/5390_tilesheet_dreamshrine.png
08b438f9fe4f1224288c4584c5e8b124,7076060437303199293,dreamshrine_337,Assets/Sprites/Tilesets/5390_tilesheet_dreamshrine.png
08b438f9fe4f1224288c4584c5e8b124,5159104344043786886,dreamshrine_338,Assets/Sprites/Tilesets/5390_tilesheet_dreamshrine.png
08b438f9fe4f1224288c4584c5e8b124,-5744708227062500044,dreamshrine_339,Assets/Sprites/Tilesets/5390_tilesheet_dreamshrine.png
08b438f9fe4f1224288c4584c5e8b124,-7569774998583758339,dreamshrine_1100,Assets/Sprites/Tilesets/5390_tilesheet_dreamshrine.png
08b438f9fe4f1224288c4584c5e8b124,5724964047476610699,dreamshrine_1101,Assets/Sprites/Tilesets/5390_tilesheet_dreamshrine.png
08b438f9fe4f1224288c4584c5e8b124,-8176903463482961363,dreamshrine_1102,Assets/Sprites/Tilesets/5390_tilesheet_dreamshrine.png
08b438f9fe4f1224288c4584c5e8b124,772099505048300058,dreamshrine_1103,Assets/Sprites/Tilesets/5390_tilesheet_dreamshrine.png
08b438f9fe4f1224288c4584c5e8b124,-1546089664426798931,dreamshrine_1104,Assets/Sprites/Tilesets/5390_tilesheet_dreamshrine.png
08b438f9fe4f1224288c4584c5e8b124,3057489228873141528,dreamshrine_1105,Assets/Sprites/Tilesets/5390_tilesheet_dreamshrine.png
08b438f9fe4f1224288c4584c5e8b124,-489555711401333540,dreamshrine_1106,Assets/Sprites/Tilesets/5390_tilesheet_dreamshrine.png
08b438f9fe4f1224288c4584c5e8b124,5291237931218343278,dreamshrine_1107,Assets/Sprites/Tilesets/5390_tilesheet_dreamshrine.png
08b438f9fe4f1224288c4584c5e8b124,-2420368013389638570,dreamshrine_1108,Assets/Sprites/Tilesets/5390_tilesheet_dreamshrine.png
08b438f9fe4f1224288c4584c5e8b124,-6574934626188038903,dreamshrine_1109,Assets/Sprites/Tilesets/5390_tilesheet_dreamshrine.png
08b438f9fe4f1224288c4584c5e8b124,-182938280624200346,dreamshrine_1110,Assets/Sprites/Tilesets/5390_tilesheet_dreamshrine.png
08b438f9fe4f1224288c4584c5e8b124,2695682918337805038,dreamshrine_1111,Assets/Sprites/Tilesets/5390_tilesheet_dreamshrine.png
08b438f9fe4f1224288c4584c5e8b124,-5707155909472643132,dreamshrine_1112,Assets/Sprites/Tilesets/5390_tilesheet_dreamshrine.png
08b438f9fe4f1224288c4584c5e8b124,1152055973426475995,dreamshrine_1113,Assets/Sprites/Tilesets/5390_tilesheet_dreamshrine.png
08b438f9fe4f1224288c4584c5e8b124,5542024361733993677,dreamshrine_1114,Assets/Sprites/Tilesets/5390_tilesheet_dreamshrine.png
08b438f9fe4f1224288c4584c5e8b124,-5921179608863644580,dreamshrine_1115,Assets/Sprites/Tilesets/5390_tilesheet_dreamshrine.png
08b438f9fe4f1224288c4584c5e8b124,192535865646147348,dreamshrine_1116,Assets/Sprites/Tilesets/5390_tilesheet_dreamshrine.png
08b438f9fe4f1224288c4584c5e8b124,3633457353596406767,dreamshrine_1117,Assets/Sprites/Tilesets/5390_tilesheet_dreamshrine.png
08b438f9fe4f1224288c4584c5e8b124,2269496297103612743,dreamshrine_1118,Assets/Sprites/Tilesets/5390_tilesheet_dreamshrine.png
08b438f9fe4f1224288c4584c5e8b124,-5823631361897592655,dreamshrine_1119,Assets/Sprites/Tilesets/5390_tilesheet_dreamshrine.png
08b438f9fe4f1224288c4584c5e8b124,338422849111642521,dreamshrine_1120,Assets/Sprites/Tilesets/5390_tilesheet_dreamshrine.png
08b438f9fe4f1224288c4584c5e8b124,8129645087164880051,dreamshrine_1121,Assets/Sprites/Tilesets/5390_tilesheet_dreamshrine.png
08b438f9fe4f1224288c4584c5e8b124,7890734307253313622,dreamshrine_1122,Assets/Sprites/Tilesets/5390_tilesheet_dreamshrine.png
08b438f9fe4f1224288c4584c5e8b124,-9040940687665429480,dreamshrine_1123,Assets/Sprites/Tilesets/5390_tilesheet_dreamshrine.png
08b438f9fe4f1224288c4584c5e8b124,7087767300613358459,dreamshrine_1124,Assets/Sprites/Tilesets/5390_tilesheet_dreamshrine.png
08b438f9fe4f1224288c4584c5e8b124,7775273710260745714,dreamshrine_1125,Assets/Sprites/Tilesets/5390_tilesheet_dreamshrine.png
08b438f9fe4f1224288c4584c5e8b124,-2011197540995757177,dreamshrine_1126,Assets/Sprites/Tilesets/5390_tilesheet_dreamshrine.png
08b438f9fe4f1224288c4584c5e8b124,-6251588895976766832,dreamshrine_1127,Assets/Sprites/Tilesets/5390_tilesheet_dreamshrine.png
08b438f9fe4f1224288c4584c5e8b124,7108188872106161035,dreamshrine_1128,Assets/Sprites/Tilesets/5390_tilesheet_dreamshrine.png
08b438f9fe4f1224288c4584c5e8b124,2053881273269552942,dreamshrine_1129,Assets/Sprites/Tilesets/5390_tilesheet_dreamshrine.png
08b438f9fe4f1224288c4584c5e8b124,-201460538643699791,dreamshrine_lava,Assets/Sprites/Tilesets/5390_tilesheet_dreamshrine.png
08b438f9fe4f1224288c4584c5e8b124,-4400644427685314254,dreamshrine_water,Assets/Sprites/Tilesets/5390_tilesheet_dreamshrine.png
08b438f9fe4f1224288c4584c5e8b124,7055374874864954388,dreamshrine_water_background,Assets/Sprites/Tilesets/5390_tilesheet_dreamshrine.png
08b438f9fe4f1224288c4584c5e8b124,8283533273962829627,dreamshrine_water_backwall,Assets/Sprites/Tilesets/5390_tilesheet_dreamshrine.png
08b438f9fe4f1224288c4584c5e8b124,4392170440827130783,dreamshrine_waterfall,Assets/Sprites/Tilesets/5390_tilesheet_dreamshrine.png
065beb58771c3e143a59ef103625e724,-8655818156195654838,dragonlair_10,Assets/Sprites/Tilesets/5391_tilesheet_dragonlair.png
065beb58771c3e143a59ef103625e724,6346318911325233748,dragonlair_11,Assets/Sprites/Tilesets/5391_tilesheet_dragonlair.png
065beb58771c3e143a59ef103625e724,1840059084634729652,dragonlair_12,Assets/Sprites/Tilesets/5391_tilesheet_dragonlair.png
065beb58771c3e143a59ef103625e724,1127223760459724062,dragonlair_13,Assets/Sprites/Tilesets/5391_tilesheet_dragonlair.png
065beb58771c3e143a59ef103625e724,2450565909728410856,dragonlair_14,Assets/Sprites/Tilesets/5391_tilesheet_dragonlair.png
065beb58771c3e143a59ef103625e724,-3165705482850905674,dragonlair_15,Assets/Sprites/Tilesets/5391_tilesheet_dragonlair.png
065beb58771c3e143a59ef103625e724,-5774996654182199871,dragonlair_16,Assets/Sprites/Tilesets/5391_tilesheet_dragonlair.png
065beb58771c3e143a59ef103625e724,4443897450750874535,dragonlair_17,Assets/Sprites/Tilesets/5391_tilesheet_dragonlair.png
065beb58771c3e143a59ef103625e724,5661049957185019681,dragonlair_18,Assets/Sprites/Tilesets/5391_tilesheet_dragonlair.png
065beb58771c3e143a59ef103625e724,8474981341611232960,dragonlair_19,Assets/Sprites/Tilesets/5391_tilesheet_dragonlair.png
065beb58771c3e143a59ef103625e724,-201460538643699791,dragonlair_lava,Assets/Sprites/Tilesets/5391_tilesheet_dragonlair.png
065beb58771c3e143a59ef103625e724,-4400644427685314254,dragonlair_water,Assets/Sprites/Tilesets/5391_tilesheet_dragonlair.png
065beb58771c3e143a59ef103625e724,7055374874864954388,dragonlair_water_background,Assets/Sprites/Tilesets/5391_tilesheet_dragonlair.png
065beb58771c3e143a59ef103625e724,8283533273962829627,dragonlair_water_backwall,Assets/Sprites/Tilesets/5391_tilesheet_dragonlair.png
065beb58771c3e143a59ef103625e724,4392170440827130783,dragonlair_waterfall,Assets/Sprites/Tilesets/5391_tilesheet_dragonlair.png
d76e178a1f6ac7648b84ea9890218716,-8655818156195654838,desert_10,Assets/Sprites/Tilesets/5392_tilesheet_desert.png
d76e178a1f6ac7648b84ea9890218716,6346318911325233748,desert_11,Assets/Sprites/Tilesets/5392_tilesheet_desert.png
d76e178a1f6ac7648b84ea9890218716,1840059084634729652,desert_12,Assets/Sprites/Tilesets/5392_tilesheet_desert.png
d76e178a1f6ac7648b84ea9890218716,1127223760459724062,desert_13,Assets/Sprites/Tilesets/5392_tilesheet_desert.png
d76e178a1f6ac7648b84ea9890218716,2450565909728410856,desert_14,Assets/Sprites/Tilesets/5392_tilesheet_desert.png
d76e178a1f6ac7648b84ea9890218716,-3165705482850905674,desert_15,Assets/Sprites/Tilesets/5392_tilesheet_desert.png
d76e178a1f6ac7648b84ea9890218716,-5774996654182199871,desert_16,Assets/Sprites/Tilesets/5392_tilesheet_desert.png
d76e178a1f6ac7648b84ea9890218716,4443897450750874535,desert_17,Assets/Sprites/Tilesets/5392_tilesheet_desert.png
d76e178a1f6ac7648b84ea9890218716,5661049957185019681,desert_18,Assets/Sprites/Tilesets/5392_tilesheet_desert.png
d76e178a1f6ac7648b84ea9890218716,8474981341611232960,desert_19,Assets/Sprites/Tilesets/5392_tilesheet_desert.png
d76e178a1f6ac7648b84ea9890218716,6836142153017594085,desert_20,Assets/Sprites/Tilesets/5392_tilesheet_desert.png
d76e178a1f6ac7648b84ea9890218716,2185498278340178504,desert_21,Assets/Sprites/Tilesets/5392_tilesheet_desert.png
d76e178a1f6ac7648b84ea9890218716,430984766625829748,desert_22,Assets/Sprites/Tilesets/5392_tilesheet_desert.png
d76e178a1f6ac7648b84ea9890218716,-1317986280940093683,desert_23,Assets/Sprites/Tilesets/5392_tilesheet_desert.png
d76e178a1f6ac7648b84ea9890218716,-8326724806951850010,desert_24,Assets/Sprites/Tilesets/5392_tilesheet_desert.png
d76e178a1f6ac7648b84ea9890218716,8914089594741642868,desert_25,Assets/Sprites/Tilesets/5392_tilesheet_desert.png
d76e178a1f6ac7648b84ea9890218716,276181914589855336,desert_26,Assets/Sprites/Tilesets/5392_tilesheet_desert.png
d76e178a1f6ac7648b84ea9890218716,588497054336764479,desert_27,Assets/Sprites/Tilesets/5392_tilesheet_desert.png
d76e178a1f6ac7648b84ea9890218716,-540048619370252142,desert_28,Assets/Sprites/Tilesets/5392_tilesheet_desert.png
d76e178a1f6ac7648b84ea9890218716,-3511060238418154924,desert_29,Assets/Sprites/Tilesets/5392_tilesheet_desert.png
d76e178a1f6ac7648b84ea9890218716,-6691012767228139306,desert_30,Assets/Sprites/Tilesets/5392_tilesheet_desert.png
d76e178a1f6ac7648b84ea9890218716,8251907811329543855,desert_31,Assets/Sprites/Tilesets/5392_tilesheet_desert.png
d76e178a1f6ac7648b84ea9890218716,-8946788012438720712,desert_32,Assets/Sprites/Tilesets/5392_tilesheet_desert.png
d76e178a1f6ac7648b84ea9890218716,-3538851436377425636,desert_33,Assets/Sprites/Tilesets/5392_tilesheet_desert.png
d76e178a1f6ac7648b84ea9890218716,5837620518785745679,desert_34,Assets/Sprites/Tilesets/5392_tilesheet_desert.png
d76e178a1f6ac7648b84ea9890218716,735763825654373507,desert_35,Assets/Sprites/Tilesets/5392_tilesheet_desert.png
d76e178a1f6ac7648b84ea9890218716,-6766607325196344940,desert_36,Assets/Sprites/Tilesets/5392_tilesheet_desert.png
d76e178a1f6ac7648b84ea9890218716,7123294266852565953,desert_37,Assets/Sprites/Tilesets/5392_tilesheet_desert.png
d76e178a1f6ac7648b84ea9890218716,1812952166184403864,desert_38,Assets/Sprites/Tilesets/5392_tilesheet_desert.png
d76e178a1f6ac7648b84ea9890218716,765628930423093814,desert_39,Assets/Sprites/Tilesets/5392_tilesheet_desert.png
d76e178a1f6ac7648b84ea9890218716,2692228934559545928,desert_110,Assets/Sprites/Tilesets/5392_tilesheet_desert.png
d76e178a1f6ac7648b84ea9890218716,8694305388649107506,desert_111,Assets/Sprites/Tilesets/5392_tilesheet_desert.png
d76e178a1f6ac7648b84ea9890218716,-6908713535308251356,desert_112,Assets/Sprites/Tilesets/5392_tilesheet_desert.png
d76e178a1f6ac7648b84ea9890218716,-4129235289053152723,desert_113,Assets/Sprites/Tilesets/5392_tilesheet_desert.png
d76e178a1f6ac7648b84ea9890218716,-5468382029055465884,desert_114,Assets/Sprites/Tilesets/5392_tilesheet_desert.png
d76e178a1f6ac7648b84ea9890218716,6734684633657039821,desert_115,Assets/Sprites/Tilesets/5392_tilesheet_desert.png
d76e178a1f6ac7648b84ea9890218716,-5903299138629098404,desert_116,Assets/Sprites/Tilesets/5392_tilesheet_desert.png
d76e178a1f6ac7648b84ea9890218716,-6398567975934360271,desert_117,Assets/Sprites/Tilesets/5392_tilesheet_desert.png
d76e178a1f6ac7648b84ea9890218716,-8957284035257282584,desert_118,Assets/Sprites/Tilesets/5392_tilesheet_desert.png
d76e178a1f6ac7648b84ea9890218716,-9138037040227770232,desert_119,Assets/Sprites/Tilesets/5392_tilesheet_desert.png
d76e178a1f6ac7648b84ea9890218716,6287607311731213131,desert_120,Assets/Sprites/Tilesets/5392_tilesheet_desert.png
d76e178a1f6ac7648b84ea9890218716,2425639911146021689,desert_121,Assets/Sprites/Tilesets/5392_tilesheet_desert.png
d76e178a1f6ac7648b84ea9890218716,7293906268319233776,desert_122,Assets/Sprites/Tilesets/5392_tilesheet_desert.png
d76e178a1f6ac7648b84ea9890218716,9174235224718242758,desert_123,Assets/Sprites/Tilesets/5392_tilesheet_desert.png
d76e178a1f6ac7648b84ea9890218716,6312037128003990989,desert_124,Assets/Sprites/Tilesets/5392_tilesheet_desert.png
d76e178a1f6ac7648b84ea9890218716,-3713311849071092161,desert_125,Assets/Sprites/Tilesets/5392_tilesheet_desert.png
d76e178a1f6ac7648b84ea9890218716,3685152125961464965,desert_126,Assets/Sprites/Tilesets/5392_tilesheet_desert.png
d76e178a1f6ac7648b84ea9890218716,3021946288986219864,desert_127,Assets/Sprites/Tilesets/5392_tilesheet_desert.png
d76e178a1f6ac7648b84ea9890218716,821699465916322869,desert_128,Assets/Sprites/Tilesets/5392_tilesheet_desert.png
d76e178a1f6ac7648b84ea9890218716,-8735441677112475752,desert_129,Assets/Sprites/Tilesets/5392_tilesheet_desert.png
d76e178a1f6ac7648b84ea9890218716,162189906751378928,desert_130,Assets/Sprites/Tilesets/5392_tilesheet_desert.png
d76e178a1f6ac7648b84ea9890218716,2551518094793869659,desert_131,Assets/Sprites/Tilesets/5392_tilesheet_desert.png
d76e178a1f6ac7648b84ea9890218716,7564170298869451445,desert_132,Assets/Sprites/Tilesets/5392_tilesheet_desert.png
d76e178a1f6ac7648b84ea9890218716,-5763829074529255567,desert_133,Assets/Sprites/Tilesets/5392_tilesheet_desert.png
d76e178a1f6ac7648b84ea9890218716,1524157299721021891,desert_134,Assets/Sprites/Tilesets/5392_tilesheet_desert.png
d76e178a1f6ac7648b84ea9890218716,-1583898042935591190,desert_135,Assets/Sprites/Tilesets/5392_tilesheet_desert.png
d76e178a1f6ac7648b84ea9890218716,-3505167688332446886,desert_136,Assets/Sprites/Tilesets/5392_tilesheet_desert.png
d76e178a1f6ac7648b84ea9890218716,-6066770748219408245,desert_137,Assets/Sprites/Tilesets/5392_tilesheet_desert.png
d76e178a1f6ac7648b84ea9890218716,6489610241198286182,desert_138,Assets/Sprites/Tilesets/5392_tilesheet_desert.png
d76e178a1f6ac7648b84ea9890218716,1641813613071775055,desert_139,Assets/Sprites/Tilesets/5392_tilesheet_desert.png
d76e178a1f6ac7648b84ea9890218716,3739629566794811945,desert_210,Assets/Sprites/Tilesets/5392_tilesheet_desert.png
d76e178a1f6ac7648b84ea9890218716,312411451082320881,desert_211,Assets/Sprites/Tilesets/5392_tilesheet_desert.png
d76e178a1f6ac7648b84ea9890218716,7200636335243528347,desert_212,Assets/Sprites/Tilesets/5392_tilesheet_desert.png
d76e178a1f6ac7648b84ea9890218716,-3977800204531077332,desert_213,Assets/Sprites/Tilesets/5392_tilesheet_desert.png
d76e178a1f6ac7648b84ea9890218716,9018316408388942899,desert_214,Assets/Sprites/Tilesets/5392_tilesheet_desert.png
d76e178a1f6ac7648b84ea9890218716,-2570949691034005900,desert_215,Assets/Sprites/Tilesets/5392_tilesheet_desert.png
d76e178a1f6ac7648b84ea9890218716,2791595852367629972,desert_216,Assets/Sprites/Tilesets/5392_tilesheet_desert.png
d76e178a1f6ac7648b84ea9890218716,7560987481910819968,desert_217,Assets/Sprites/Tilesets/5392_tilesheet_desert.png
d76e178a1f6ac7648b84ea9890218716,8628016325019199391,desert_218,Assets/Sprites/Tilesets/5392_tilesheet_desert.png
d76e178a1f6ac7648b84ea9890218716,2294871103751515929,desert_219,Assets/Sprites/Tilesets/5392_tilesheet_desert.png
d76e178a1f6ac7648b84ea9890218716,-201460538643699791,desert_lava,Assets/Sprites/Tilesets/5392_tilesheet_desert.png
d76e178a1f6ac7648b84ea9890218716,-4400644427685314254,desert_water,Assets/Sprites/Tilesets/5392_tilesheet_desert.png
d76e178a1f6ac7648b84ea9890218716,7055374874864954388,desert_water_background,Assets/Sprites/Tilesets/5392_tilesheet_desert.png
d76e178a1f6ac7648b84ea9890218716,8283533273962829627,desert_water_backwall,Assets/Sprites/Tilesets/5392_tilesheet_desert.png
d76e178a1f6ac7648b84ea9890218716,4392170440827130783,desert_waterfall,Assets/Sprites/Tilesets/5392_tilesheet_desert.png
7991376ac659eef43b68784bc2be6a44,-8655818156195654838,deadhouse_10,Assets/Sprites/Tilesets/5393_tilesheet_deadhouse.png
7991376ac659eef43b68784bc2be6a44,6346318911325233748,deadhouse_11,Assets/Sprites/Tilesets/5393_tilesheet_deadhouse.png
7991376ac659eef43b68784bc2be6a44,1840059084634729652,deadhouse_12,Assets/Sprites/Tilesets/5393_tilesheet_deadhouse.png
7991376ac659eef43b68784bc2be6a44,1127223760459724062,deadhouse_13,Assets/Sprites/Tilesets/5393_tilesheet_deadhouse.png
7991376ac659eef43b68784bc2be6a44,2450565909728410856,deadhouse_14,Assets/Sprites/Tilesets/5393_tilesheet_deadhouse.png
7991376ac659eef43b68784bc2be6a44,-3165705482850905674,deadhouse_15,Assets/Sprites/Tilesets/5393_tilesheet_deadhouse.png
7991376ac659eef43b68784bc2be6a44,-5774996654182199871,deadhouse_16,Assets/Sprites/Tilesets/5393_tilesheet_deadhouse.png
7991376ac659eef43b68784bc2be6a44,4443897450750874535,deadhouse_17,Assets/Sprites/Tilesets/5393_tilesheet_deadhouse.png
7991376ac659eef43b68784bc2be6a44,5661049957185019681,deadhouse_18,Assets/Sprites/Tilesets/5393_tilesheet_deadhouse.png
7991376ac659eef43b68784bc2be6a44,8474981341611232960,deadhouse_19,Assets/Sprites/Tilesets/5393_tilesheet_deadhouse.png
7991376ac659eef43b68784bc2be6a44,6836142153017594085,deadhouse_20,Assets/Sprites/Tilesets/5393_tilesheet_deadhouse.png
7991376ac659eef43b68784bc2be6a44,2185498278340178504,deadhouse_21,Assets/Sprites/Tilesets/5393_tilesheet_deadhouse.png
7991376ac659eef43b68784bc2be6a44,430984766625829748,deadhouse_22,Assets/Sprites/Tilesets/5393_tilesheet_deadhouse.png
7991376ac659eef43b68784bc2be6a44,-1317986280940093683,deadhouse_23,Assets/Sprites/Tilesets/5393_tilesheet_deadhouse.png
7991376ac659eef43b68784bc2be6a44,-8326724806951850010,deadhouse_24,Assets/Sprites/Tilesets/5393_tilesheet_deadhouse.png
7991376ac659eef43b68784bc2be6a44,8914089594741642868,deadhouse_25,Assets/Sprites/Tilesets/5393_tilesheet_deadhouse.png
7991376ac659eef43b68784bc2be6a44,276181914589855336,deadhouse_26,Assets/Sprites/Tilesets/5393_tilesheet_deadhouse.png
7991376ac659eef43b68784bc2be6a44,588497054336764479,deadhouse_27,Assets/Sprites/Tilesets/5393_tilesheet_deadhouse.png
7991376ac659eef43b68784bc2be6a44,-540048619370252142,deadhouse_28,Assets/Sprites/Tilesets/5393_tilesheet_deadhouse.png
7991376ac659eef43b68784bc2be6a44,-3511060238418154924,deadhouse_29,Assets/Sprites/Tilesets/5393_tilesheet_deadhouse.png
7991376ac659eef43b68784bc2be6a44,-6691012767228139306,deadhouse_30,Assets/Sprites/Tilesets/5393_tilesheet_deadhouse.png
7991376ac659eef43b68784bc2be6a44,2692228934559545928,deadhouse_110,Assets/Sprites/Tilesets/5393_tilesheet_deadhouse.png
7991376ac659eef43b68784bc2be6a44,8694305388649107506,deadhouse_111,Assets/Sprites/Tilesets/5393_tilesheet_deadhouse.png
7991376ac659eef43b68784bc2be6a44,-6908713535308251356,deadhouse_112,Assets/Sprites/Tilesets/5393_tilesheet_deadhouse.png
7991376ac659eef43b68784bc2be6a44,-4129235289053152723,deadhouse_113,Assets/Sprites/Tilesets/5393_tilesheet_deadhouse.png
7991376ac659eef43b68784bc2be6a44,-5468382029055465884,deadhouse_114,Assets/Sprites/Tilesets/5393_tilesheet_deadhouse.png
7991376ac659eef43b68784bc2be6a44,6734684633657039821,deadhouse_115,Assets/Sprites/Tilesets/5393_tilesheet_deadhouse.png
7991376ac659eef43b68784bc2be6a44,-5903299138629098404,deadhouse_116,Assets/Sprites/Tilesets/5393_tilesheet_deadhouse.png
7991376ac659eef43b68784bc2be6a44,-6398567975934360271,deadhouse_117,Assets/Sprites/Tilesets/5393_tilesheet_deadhouse.png
7991376ac659eef43b68784bc2be6a44,-8957284035257282584,deadhouse_118,Assets/Sprites/Tilesets/5393_tilesheet_deadhouse.png
7991376ac659eef43b68784bc2be6a44,-9138037040227770232,deadhouse_119,Assets/Sprites/Tilesets/5393_tilesheet_deadhouse.png
7991376ac659eef43b68784bc2be6a44,6287607311731213131,deadhouse_120,Assets/Sprites/Tilesets/5393_tilesheet_deadhouse.png
7991376ac659eef43b68784bc2be6a44,2425639911146021689,deadhouse_121,Assets/Sprites/Tilesets/5393_tilesheet_deadhouse.png
7991376ac659eef43b68784bc2be6a44,7293906268319233776,deadhouse_122,Assets/Sprites/Tilesets/5393_tilesheet_deadhouse.png
7991376ac659eef43b68784bc2be6a44,9174235224718242758,deadhouse_123,Assets/Sprites/Tilesets/5393_tilesheet_deadhouse.png
7991376ac659eef43b68784bc2be6a44,6312037128003990989,deadhouse_124,Assets/Sprites/Tilesets/5393_tilesheet_deadhouse.png
7991376ac659eef43b68784bc2be6a44,-3713311849071092161,deadhouse_125,Assets/Sprites/Tilesets/5393_tilesheet_deadhouse.png
7991376ac659eef43b68784bc2be6a44,3685152125961464965,deadhouse_126,Assets/Sprites/Tilesets/5393_tilesheet_deadhouse.png
7991376ac659eef43b68784bc2be6a44,3021946288986219864,deadhouse_127,Assets/Sprites/Tilesets/5393_tilesheet_deadhouse.png
7991376ac659eef43b68784bc2be6a44,821699465916322869,deadhouse_128,Assets/Sprites/Tilesets/5393_tilesheet_deadhouse.png
7991376ac659eef43b68784bc2be6a44,-8735441677112475752,deadhouse_129,Assets/Sprites/Tilesets/5393_tilesheet_deadhouse.png
7991376ac659eef43b68784bc2be6a44,162189906751378928,deadhouse_130,Assets/Sprites/Tilesets/5393_tilesheet_deadhouse.png
7991376ac659eef43b68784bc2be6a44,2551518094793869659,deadhouse_131,Assets/Sprites/Tilesets/5393_tilesheet_deadhouse.png
7991376ac659eef43b68784bc2be6a44,7564170298869451445,deadhouse_132,Assets/Sprites/Tilesets/5393_tilesheet_deadhouse.png
7991376ac659eef43b68784bc2be6a44,-5763829074529255567,deadhouse_133,Assets/Sprites/Tilesets/5393_tilesheet_deadhouse.png
7991376ac659eef43b68784bc2be6a44,1524157299721021891,deadhouse_134,Assets/Sprites/Tilesets/5393_tilesheet_deadhouse.png
7991376ac659eef43b68784bc2be6a44,-1583898042935591190,deadhouse_135,Assets/Sprites/Tilesets/5393_tilesheet_deadhouse.png
7991376ac659eef43b68784bc2be6a44,-3505167688332446886,deadhouse_136,Assets/Sprites/Tilesets/5393_tilesheet_deadhouse.png
7991376ac659eef43b68784bc2be6a44,-6066770748219408245,deadhouse_137,Assets/Sprites/Tilesets/5393_tilesheet_deadhouse.png
7991376ac659eef43b68784bc2be6a44,6489610241198286182,deadhouse_138,Assets/Sprites/Tilesets/5393_tilesheet_deadhouse.png
7991376ac659eef43b68784bc2be6a44,1641813613071775055,deadhouse_139,Assets/Sprites/Tilesets/5393_tilesheet_deadhouse.png
7991376ac659eef43b68784bc2be6a44,3739629566794811945,deadhouse_210,Assets/Sprites/Tilesets/5393_tilesheet_deadhouse.png
7991376ac659eef43b68784bc2be6a44,312411451082320881,deadhouse_211,Assets/Sprites/Tilesets/5393_tilesheet_deadhouse.png
7991376ac659eef43b68784bc2be6a44,7200636335243528347,deadhouse_212,Assets/Sprites/Tilesets/5393_tilesheet_deadhouse.png
7991376ac659eef43b68784bc2be6a44,-3977800204531077332,deadhouse_213,Assets/Sprites/Tilesets/5393_tilesheet_deadhouse.png
7991376ac659eef43b68784bc2be6a44,9018316408388942899,deadhouse_214,Assets/Sprites/Tilesets/5393_tilesheet_deadhouse.png
7991376ac659eef43b68784bc2be6a44,-2570949691034005900,deadhouse_215,Assets/Sprites/Tilesets/5393_tilesheet_deadhouse.png
7991376ac659eef43b68784bc2be6a44,2791595852367629972,deadhouse_216,Assets/Sprites/Tilesets/5393_tilesheet_deadhouse.png
7991376ac659eef43b68784bc2be6a44,7560987481910819968,deadhouse_217,Assets/Sprites/Tilesets/5393_tilesheet_deadhouse.png
7991376ac659eef43b68784bc2be6a44,8628016325019199391,deadhouse_218,Assets/Sprites/Tilesets/5393_tilesheet_deadhouse.png
7991376ac659eef43b68784bc2be6a44,2294871103751515929,deadhouse_219,Assets/Sprites/Tilesets/5393_tilesheet_deadhouse.png
7991376ac659eef43b68784bc2be6a44,-201460538643699791,deadhouse_lava,Assets/Sprites/Tilesets/5393_tilesheet_deadhouse.png
7991376ac659eef43b68784bc2be6a44,-4400644427685314254,deadhouse_water,Assets/Sprites/Tilesets/5393_tilesheet_deadhouse.png
7991376ac659eef43b68784bc2be6a44,7055374874864954388,deadhouse_water_background,Assets/Sprites/Tilesets/5393_tilesheet_deadhouse.png
7991376ac659eef43b68784bc2be6a44,8283533273962829627,deadhouse_water_backwall,Assets/Sprites/Tilesets/5393_tilesheet_deadhouse.png
7991376ac659eef43b68784bc2be6a44,4392170440827130783,deadhouse_waterfall,Assets/Sprites/Tilesets/5393_tilesheet_deadhouse.png
f9476609d300b0a408dff28b048fea21,-8655818156195654838,darkwood_dream_10,Assets/Sprites/Tilesets/5394_tilesheet_darkwood_dream.png
f9476609d300b0a408dff28b048fea21,6346318911325233748,darkwood_dream_11,Assets/Sprites/Tilesets/5394_tilesheet_darkwood_dream.png
f9476609d300b0a408dff28b048fea21,1840059084634729652,darkwood_dream_12,Assets/Sprites/Tilesets/5394_tilesheet_darkwood_dream.png
f9476609d300b0a408dff28b048fea21,1127223760459724062,darkwood_dream_13,Assets/Sprites/Tilesets/5394_tilesheet_darkwood_dream.png
f9476609d300b0a408dff28b048fea21,2450565909728410856,darkwood_dream_14,Assets/Sprites/Tilesets/5394_tilesheet_darkwood_dream.png
f9476609d300b0a408dff28b048fea21,-3165705482850905674,darkwood_dream_15,Assets/Sprites/Tilesets/5394_tilesheet_darkwood_dream.png
f9476609d300b0a408dff28b048fea21,-5774996654182199871,darkwood_dream_16,Assets/Sprites/Tilesets/5394_tilesheet_darkwood_dream.png
f9476609d300b0a408dff28b048fea21,4443897450750874535,darkwood_dream_17,Assets/Sprites/Tilesets/5394_tilesheet_darkwood_dream.png
f9476609d300b0a408dff28b048fea21,5661049957185019681,darkwood_dream_18,Assets/Sprites/Tilesets/5394_tilesheet_darkwood_dream.png
f9476609d300b0a408dff28b048fea21,8474981341611232960,darkwood_dream_19,Assets/Sprites/Tilesets/5394_tilesheet_darkwood_dream.png
f9476609d300b0a408dff28b048fea21,6836142153017594085,darkwood_dream_20,Assets/Sprites/Tilesets/5394_tilesheet_darkwood_dream.png
f9476609d300b0a408dff28b048fea21,2185498278340178504,darkwood_dream_21,Assets/Sprites/Tilesets/5394_tilesheet_darkwood_dream.png
f9476609d300b0a408dff28b048fea21,430984766625829748,darkwood_dream_22,Assets/Sprites/Tilesets/5394_tilesheet_darkwood_dream.png
f9476609d300b0a408dff28b048fea21,-1317986280940093683,darkwood_dream_23,Assets/Sprites/Tilesets/5394_tilesheet_darkwood_dream.png
f9476609d300b0a408dff28b048fea21,-8326724806951850010,darkwood_dream_24,Assets/Sprites/Tilesets/5394_tilesheet_darkwood_dream.png
f9476609d300b0a408dff28b048fea21,8914089594741642868,darkwood_dream_25,Assets/Sprites/Tilesets/5394_tilesheet_darkwood_dream.png
f9476609d300b0a408dff28b048fea21,276181914589855336,darkwood_dream_26,Assets/Sprites/Tilesets/5394_tilesheet_darkwood_dream.png
f9476609d300b0a408dff28b048fea21,588497054336764479,darkwood_dream_27,Assets/Sprites/Tilesets/5394_tilesheet_darkwood_dream.png
f9476609d300b0a408dff28b048fea21,-540048619370252142,darkwood_dream_28,Assets/Sprites/Tilesets/5394_tilesheet_darkwood_dream.png
f9476609d300b0a408dff28b048fea21,-3511060238418154924,darkwood_dream_29,Assets/Sprites/Tilesets/5394_tilesheet_darkwood_dream.png
f9476609d300b0a408dff28b048fea21,-6691012767228139306,darkwood_dream_30,Assets/Sprites/Tilesets/5394_tilesheet_darkwood_dream.png
f9476609d300b0a408dff28b048fea21,8251907811329543855,darkwood_dream_31,Assets/Sprites/Tilesets/5394_tilesheet_darkwood_dream.png
f9476609d300b0a408dff28b048fea21,-8946788012438720712,darkwood_dream_32,Assets/Sprites/Tilesets/5394_tilesheet_darkwood_dream.png
f9476609d300b0a408dff28b048fea21,-3538851436377425636,darkwood_dream_33,Assets/Sprites/Tilesets/5394_tilesheet_darkwood_dream.png
f9476609d300b0a408dff28b048fea21,5837620518785745679,darkwood_dream_34,Assets/Sprites/Tilesets/5394_tilesheet_darkwood_dream.png
f9476609d300b0a408dff28b048fea21,735763825654373507,darkwood_dream_35,Assets/Sprites/Tilesets/5394_tilesheet_darkwood_dream.png
f9476609d300b0a408dff28b048fea21,-6766607325196344940,darkwood_dream_36,Assets/Sprites/Tilesets/5394_tilesheet_darkwood_dream.png
f9476609d300b0a408dff28b048fea21,7123294266852565953,darkwood_dream_37,Assets/Sprites/Tilesets/5394_tilesheet_darkwood_dream.png
f9476609d300b0a408dff28b048fea21,1812952166184403864,darkwood_dream_38,Assets/Sprites/Tilesets/5394_tilesheet_darkwood_dream.png
f9476609d300b0a408dff28b048fea21,765628930423093814,darkwood_dream_39,Assets/Sprites/Tilesets/5394_tilesheet_darkwood_dream.png
f9476609d300b0a408dff28b048fea21,2692228934559545928,darkwood_dream_110,Assets/Sprites/Tilesets/5394_tilesheet_darkwood_dream.png
f9476609d300b0a408dff28b048fea21,8694305388649107506,darkwood_dream_111,Assets/Sprites/Tilesets/5394_tilesheet_darkwood_dream.png
f9476609d300b0a408dff28b048fea21,-6908713535308251356,darkwood_dream_112,Assets/Sprites/Tilesets/5394_tilesheet_darkwood_dream.png
f9476609d300b0a408dff28b048fea21,-4129235289053152723,darkwood_dream_113,Assets/Sprites/Tilesets/5394_tilesheet_darkwood_dream.png
f9476609d300b0a408dff28b048fea21,-5468382029055465884,darkwood_dream_114,Assets/Sprites/Tilesets/5394_tilesheet_darkwood_dream.png
f9476609d300b0a408dff28b048fea21,6734684633657039821,darkwood_dream_115,Assets/Sprites/Tilesets/5394_tilesheet_darkwood_dream.png
f9476609d300b0a408dff28b048fea21,-5903299138629098404,darkwood_dream_116,Assets/Sprites/Tilesets/5394_tilesheet_darkwood_dream.png
f9476609d300b0a408dff28b048fea21,-6398567975934360271,darkwood_dream_117,Assets/Sprites/Tilesets/5394_tilesheet_darkwood_dream.png
f9476609d300b0a408dff28b048fea21,-8957284035257282584,darkwood_dream_118,Assets/Sprites/Tilesets/5394_tilesheet_darkwood_dream.png
f9476609d300b0a408dff28b048fea21,-9138037040227770232,darkwood_dream_119,Assets/Sprites/Tilesets/5394_tilesheet_darkwood_dream.png
f9476609d300b0a408dff28b048fea21,6287607311731213131,darkwood_dream_120,Assets/Sprites/Tilesets/5394_tilesheet_darkwood_dream.png
f9476609d300b0a408dff28b048fea21,2425639911146021689,darkwood_dream_121,Assets/Sprites/Tilesets/5394_tilesheet_darkwood_dream.png
f9476609d300b0a408dff28b048fea21,7293906268319233776,darkwood_dream_122,Assets/Sprites/Tilesets/5394_tilesheet_darkwood_dream.png
f9476609d300b0a408dff28b048fea21,9174235224718242758,darkwood_dream_123,Assets/Sprites/Tilesets/5394_tilesheet_darkwood_dream.png
f9476609d300b0a408dff28b048fea21,6312037128003990989,darkwood_dream_124,Assets/Sprites/Tilesets/5394_tilesheet_darkwood_dream.png
f9476609d300b0a408dff28b048fea21,-3713311849071092161,darkwood_dream_125,Assets/Sprites/Tilesets/5394_tilesheet_darkwood_dream.png
f9476609d300b0a408dff28b048fea21,3685152125961464965,darkwood_dream_126,Assets/Sprites/Tilesets/5394_tilesheet_darkwood_dream.png
f9476609d300b0a408dff28b048fea21,3021946288986219864,darkwood_dream_127,Assets/Sprites/Tilesets/5394_tilesheet_darkwood_dream.png
f9476609d300b0a408dff28b048fea21,821699465916322869,darkwood_dream_128,Assets/Sprites/Tilesets/5394_tilesheet_darkwood_dream.png
f9476609d300b0a408dff28b048fea21,-8735441677112475752,darkwood_dream_129,Assets/Sprites/Tilesets/5394_tilesheet_darkwood_dream.png
f9476609d300b0a408dff28b048fea21,162189906751378928,darkwood_dream_130,Assets/Sprites/Tilesets/5394_tilesheet_darkwood_dream.png
f9476609d300b0a408dff28b048fea21,2551518094793869659,darkwood_dream_131,Assets/Sprites/Tilesets/5394_tilesheet_darkwood_dream.png
f9476609d300b0a408dff28b048fea21,7564170298869451445,darkwood_dream_132,Assets/Sprites/Tilesets/5394_tilesheet_darkwood_dream.png
f9476609d300b0a408dff28b048fea21,-5763829074529255567,darkwood_dream_133,Assets/Sprites/Tilesets/5394_tilesheet_darkwood_dream.png
f9476609d300b0a408dff28b048fea21,1524157299721021891,darkwood_dream_134,Assets/Sprites/Tilesets/5394_tilesheet_darkwood_dream.png
f9476609d300b0a408dff28b048fea21,-1583898042935591190,darkwood_dream_135,Assets/Sprites/Tilesets/5394_tilesheet_darkwood_dream.png
f9476609d300b0a408dff28b048fea21,-3505167688332446886,darkwood_dream_136,Assets/Sprites/Tilesets/5394_tilesheet_darkwood_dream.png
f9476609d300b0a408dff28b048fea21,-6066770748219408245,darkwood_dream_137,Assets/Sprites/Tilesets/5394_tilesheet_darkwood_dream.png
f9476609d300b0a408dff28b048fea21,6489610241198286182,darkwood_dream_138,Assets/Sprites/Tilesets/5394_tilesheet_darkwood_dream.png
f9476609d300b0a408dff28b048fea21,1641813613071775055,darkwood_dream_139,Assets/Sprites/Tilesets/5394_tilesheet_darkwood_dream.png
f9476609d300b0a408dff28b048fea21,7026842539221975203,darkwood_dream_140,Assets/Sprites/Tilesets/5394_tilesheet_darkwood_dream.png
f9476609d300b0a408dff28b048fea21,-3558287319723886022,darkwood_dream_141,Assets/Sprites/Tilesets/5394_tilesheet_darkwood_dream.png
f9476609d300b0a408dff28b048fea21,-8344083640052678453,darkwood_dream_142,Assets/Sprites/Tilesets/5394_tilesheet_darkwood_dream.png
f9476609d300b0a408dff28b048fea21,246296347441123025,darkwood_dream_143,Assets/Sprites/Tilesets/5394_tilesheet_darkwood_dream.png
f9476609d300b0a408dff28b048fea21,183212007095979961,darkwood_dream_144,Assets/Sprites/Tilesets/5394_tilesheet_darkwood_dream.png
f9476609d300b0a408dff28b048fea21,-2406893295983391241,darkwood_dream_145,Assets/Sprites/Tilesets/5394_tilesheet_darkwood_dream.png
f9476609d300b0a408dff28b048fea21,8680213767338256587,darkwood_dream_146,Assets/Sprites/Tilesets/5394_tilesheet_darkwood_dream.png
f9476609d300b0a408dff28b048fea21,-3839419028077224407,darkwood_dream_147,Assets/Sprites/Tilesets/5394_tilesheet_darkwood_dream.png
f9476609d300b0a408dff28b048fea21,-9186735260187993544,darkwood_dream_148,Assets/Sprites/Tilesets/5394_tilesheet_darkwood_dream.png
f9476609d300b0a408dff28b048fea21,-9016710347682217852,darkwood_dream_149,Assets/Sprites/Tilesets/5394_tilesheet_darkwood_dream.png
f9476609d300b0a408dff28b048fea21,-3144590571393297090,darkwood_dream_150,Assets/Sprites/Tilesets/5394_tilesheet_darkwood_dream.png
f9476609d300b0a408dff28b048fea21,-1869248515973406079,darkwood_dream_151,Assets/Sprites/Tilesets/5394_tilesheet_darkwood_dream.png
f9476609d300b0a408dff28b048fea21,1462365499702293984,darkwood_dream_152,Assets/Sprites/Tilesets/5394_tilesheet_darkwood_dream.png
f9476609d300b0a408dff28b048fea21,3117608474565576089,darkwood_dream_153,Assets/Sprites/Tilesets/5394_tilesheet_darkwood_dream.png
f9476609d300b0a408dff28b048fea21,4193222730039741841,darkwood_dream_154,Assets/Sprites/Tilesets/5394_tilesheet_darkwood_dream.png
f9476609d300b0a408dff28b048fea21,-952682199232832059,darkwood_dream_155,Assets/Sprites/Tilesets/5394_tilesheet_darkwood_dream.png
f9476609d300b0a408dff28b048fea21,-3213984598705551438,darkwood_dream_156,Assets/Sprites/Tilesets/5394_tilesheet_darkwood_dream.png
f9476609d300b0a408dff28b048fea21,-5307506109448168031,darkwood_dream_157,Assets/Sprites/Tilesets/5394_tilesheet_darkwood_dream.png
f9476609d300b0a408dff28b048fea21,6489871585197885851,darkwood_dream_158,Assets/Sprites/Tilesets/5394_tilesheet_darkwood_dream.png
f9476609d300b0a408dff28b048fea21,-5410082502029113031,darkwood_dream_159,Assets/Sprites/Tilesets/5394_tilesheet_darkwood_dream.png
f9476609d300b0a408dff28b048fea21,3739629566794811945,darkwood_dream_210,Assets/Sprites/Tilesets/5394_tilesheet_darkwood_dream.png
f9476609d300b0a408dff28b048fea21,312411451082320881,darkwood_dream_211,Assets/Sprites/Tilesets/5394_tilesheet_darkwood_dream.png
f9476609d300b0a408dff28b048fea21,7200636335243528347,darkwood_dream_212,Assets/Sprites/Tilesets/5394_tilesheet_darkwood_dream.png
f9476609d300b0a408dff28b048fea21,-3977800204531077332,darkwood_dream_213,Assets/Sprites/Tilesets/5394_tilesheet_darkwood_dream.png
f9476609d300b0a408dff28b048fea21,9018316408388942899,darkwood_dream_214,Assets/Sprites/Tilesets/5394_tilesheet_darkwood_dream.png
f9476609d300b0a408dff28b048fea21,-2570949691034005900,darkwood_dream_215,Assets/Sprites/Tilesets/5394_tilesheet_darkwood_dream.png
f9476609d300b0a408dff28b048fea21,2791595852367629972,darkwood_dream_216,Assets/Sprites/Tilesets/5394_tilesheet_darkwood_dream.png
f9476609d300b0a408dff28b048fea21,7560987481910819968,darkwood_dream_217,Assets/Sprites/Tilesets/5394_tilesheet_darkwood_dream.png
f9476609d300b0a408dff28b048fea21,8628016325019199391,darkwood_dream_218,Assets/Sprites/Tilesets/5394_tilesheet_darkwood_dream.png
f9476609d300b0a408dff28b048fea21,2294871103751515929,darkwood_dream_219,Assets/Sprites/Tilesets/5394_tilesheet_darkwood_dream.png
f9476609d300b0a408dff28b048fea21,-6167804180273747926,darkwood_dream_220,Assets/Sprites/Tilesets/5394_tilesheet_darkwood_dream.png
f9476609d300b0a408dff28b048fea21,863553802706296020,darkwood_dream_221,Assets/Sprites/Tilesets/5394_tilesheet_darkwood_dream.png
f9476609d300b0a408dff28b048fea21,-4227776513080790873,darkwood_dream_222,Assets/Sprites/Tilesets/5394_tilesheet_darkwood_dream.png
f9476609d300b0a408dff28b048fea21,-1126271621817865780,darkwood_dream_223,Assets/Sprites/Tilesets/5394_tilesheet_darkwood_dream.png
f9476609d300b0a408dff28b048fea21,7115231666849958538,darkwood_dream_224,Assets/Sprites/Tilesets/5394_tilesheet_darkwood_dream.png
f9476609d300b0a408dff28b048fea21,-2376931319762873690,darkwood_dream_225,Assets/Sprites/Tilesets/5394_tilesheet_darkwood_dream.png
f9476609d300b0a408dff28b048fea21,-609758178335434047,darkwood_dream_226,Assets/Sprites/Tilesets/5394_tilesheet_darkwood_dream.png
f9476609d300b0a408dff28b048fea21,-4405719728687186775,darkwood_dream_227,Assets/Sprites/Tilesets/5394_tilesheet_darkwood_dream.png
f9476609d300b0a408dff28b048fea21,6698147340294147897,darkwood_dream_228,Assets/Sprites/Tilesets/5394_tilesheet_darkwood_dream.png
f9476609d300b0a408dff28b048fea21,5365529030329516596,darkwood_dream_229,Assets/Sprites/Tilesets/5394_tilesheet_darkwood_dream.png
f9476609d300b0a408dff28b048fea21,-5126770328913247271,darkwood_dream_310,Assets/Sprites/Tilesets/5394_tilesheet_darkwood_dream.png
f9476609d300b0a408dff28b048fea21,7946168081469297458,darkwood_dream_311,Assets/Sprites/Tilesets/5394_tilesheet_darkwood_dream.png
f9476609d300b0a408dff28b048fea21,2527338040782231141,darkwood_dream_312,Assets/Sprites/Tilesets/5394_tilesheet_darkwood_dream.png
f9476609d300b0a408dff28b048fea21,-8435350848283442103,darkwood_dream_313,Assets/Sprites/Tilesets/5394_tilesheet_darkwood_dream.png
f9476609d300b0a408dff28b048fea21,4282322130146762943,darkwood_dream_314,Assets/Sprites/Tilesets/5394_tilesheet_darkwood_dream.png
f9476609d300b0a408dff28b048fea21,3682794847301178665,darkwood_dream_315,Assets/Sprites/Tilesets/5394_tilesheet_darkwood_dream.png
f9476609d300b0a408dff28b048fea21,1659778227345637010,darkwood_dream_316,Assets/Sprites/Tilesets/5394_tilesheet_darkwood_dream.png
f9476609d300b0a408dff28b048fea21,-7080128163828701033,darkwood_dream_317,Assets/Sprites/Tilesets/5394_tilesheet_darkwood_dream.png
f9476609d300b0a408dff28b048fea21,9125346741212962701,darkwood_dream_318,Assets/Sprites/Tilesets/5394_tilesheet_darkwood_dream.png
f9476609d300b0a408dff28b048fea21,5290670118394407882,darkwood_dream_319,Assets/Sprites/Tilesets/5394_tilesheet_darkwood_dream.png
f9476609d300b0a408dff28b048fea21,-201460538643699791,darkwood_dream_lava,Assets/Sprites/Tilesets/5394_tilesheet_darkwood_dream.png
f9476609d300b0a408dff28b048fea21,-4400644427685314254,darkwood_dream_water,Assets/Sprites/Tilesets/5394_tilesheet_darkwood_dream.png
f9476609d300b0a408dff28b048fea21,7055374874864954388,darkwood_dream_water_background,Assets/Sprites/Tilesets/5394_tilesheet_darkwood_dream.png
f9476609d300b0a408dff28b048fea21,8283533273962829627,darkwood_dream_water_backwall,Assets/Sprites/Tilesets/5394_tilesheet_darkwood_dream.png
f9476609d300b0a408dff28b048fea21,4392170440827130783,darkwood_dream_waterfall,Assets/Sprites/Tilesets/5394_tilesheet_darkwood_dream.png
b9e558e53f7709943a543284ee4591ef,-8655818156195654838,darkwood_10,Assets/Sprites/Tilesets/5395_tilesheet_darkwood.png
b9e558e53f7709943a543284ee4591ef,6346318911325233748,darkwood_11,Assets/Sprites/Tilesets/5395_tilesheet_darkwood.png
b9e558e53f7709943a543284ee4591ef,1840059084634729652,darkwood_12,Assets/Sprites/Tilesets/5395_tilesheet_darkwood.png
b9e558e53f7709943a543284ee4591ef,1127223760459724062,darkwood_13,Assets/Sprites/Tilesets/5395_tilesheet_darkwood.png
b9e558e53f7709943a543284ee4591ef,2450565909728410856,darkwood_14,Assets/Sprites/Tilesets/5395_tilesheet_darkwood.png
b9e558e53f7709943a543284ee4591ef,-3165705482850905674,darkwood_15,Assets/Sprites/Tilesets/5395_tilesheet_darkwood.png
b9e558e53f7709943a543284ee4591ef,-5774996654182199871,darkwood_16,Assets/Sprites/Tilesets/5395_tilesheet_darkwood.png
b9e558e53f7709943a543284ee4591ef,4443897450750874535,darkwood_17,Assets/Sprites/Tilesets/5395_tilesheet_darkwood.png
b9e558e53f7709943a543284ee4591ef,5661049957185019681,darkwood_18,Assets/Sprites/Tilesets/5395_tilesheet_darkwood.png
b9e558e53f7709943a543284ee4591ef,8474981341611232960,darkwood_19,Assets/Sprites/Tilesets/5395_tilesheet_darkwood.png
b9e558e53f7709943a543284ee4591ef,6836142153017594085,darkwood_20,Assets/Sprites/Tilesets/5395_tilesheet_darkwood.png
b9e558e53f7709943a543284ee4591ef,2185498278340178504,darkwood_21,Assets/Sprites/Tilesets/5395_tilesheet_darkwood.png
b9e558e53f7709943a543284ee4591ef,430984766625829748,darkwood_22,Assets/Sprites/Tilesets/5395_tilesheet_darkwood.png
b9e558e53f7709943a543284ee4591ef,-1317986280940093683,darkwood_23,Assets/Sprites/Tilesets/5395_tilesheet_darkwood.png
b9e558e53f7709943a543284ee4591ef,-8326724806951850010,darkwood_24,Assets/Sprites/Tilesets/5395_tilesheet_darkwood.png
b9e558e53f7709943a543284ee4591ef,8914089594741642868,darkwood_25,Assets/Sprites/Tilesets/5395_tilesheet_darkwood.png
b9e558e53f7709943a543284ee4591ef,276181914589855336,darkwood_26,Assets/Sprites/Tilesets/5395_tilesheet_darkwood.png
b9e558e53f7709943a543284ee4591ef,588497054336764479,darkwood_27,Assets/Sprites/Tilesets/5395_tilesheet_darkwood.png
b9e558e53f7709943a543284ee4591ef,-540048619370252142,darkwood_28,Assets/Sprites/Tilesets/5395_tilesheet_darkwood.png
b9e558e53f7709943a543284ee4591ef,-3511060238418154924,darkwood_29,Assets/Sprites/Tilesets/5395_tilesheet_darkwood.png
b9e558e53f7709943a543284ee4591ef,-6691012767228139306,darkwood_30,Assets/Sprites/Tilesets/5395_tilesheet_darkwood.png
b9e558e53f7709943a543284ee4591ef,8251907811329543855,darkwood_31,Assets/Sprites/Tilesets/5395_tilesheet_darkwood.png
b9e558e53f7709943a543284ee4591ef,-8946788012438720712,darkwood_32,Assets/Sprites/Tilesets/5395_tilesheet_darkwood.png
b9e558e53f7709943a543284ee4591ef,-3538851436377425636,darkwood_33,Assets/Sprites/Tilesets/5395_tilesheet_darkwood.png
b9e558e53f7709943a543284ee4591ef,5837620518785745679,darkwood_34,Assets/Sprites/Tilesets/5395_tilesheet_darkwood.png
b9e558e53f7709943a543284ee4591ef,735763825654373507,darkwood_35,Assets/Sprites/Tilesets/5395_tilesheet_darkwood.png
b9e558e53f7709943a543284ee4591ef,-6766607325196344940,darkwood_36,Assets/Sprites/Tilesets/5395_tilesheet_darkwood.png
b9e558e53f7709943a543284ee4591ef,7123294266852565953,darkwood_37,Assets/Sprites/Tilesets/5395_tilesheet_darkwood.png
b9e558e53f7709943a543284ee4591ef,1812952166184403864,darkwood_38,Assets/Sprites/Tilesets/5395_tilesheet_darkwood.png
b9e558e53f7709943a543284ee4591ef,765628930423093814,darkwood_39,Assets/Sprites/Tilesets/5395_tilesheet_darkwood.png
b9e558e53f7709943a543284ee4591ef,2692228934559545928,darkwood_110,Assets/Sprites/Tilesets/5395_tilesheet_darkwood.png
b9e558e53f7709943a543284ee4591ef,8694305388649107506,darkwood_111,Assets/Sprites/Tilesets/5395_tilesheet_darkwood.png
b9e558e53f7709943a543284ee4591ef,-6908713535308251356,darkwood_112,Assets/Sprites/Tilesets/5395_tilesheet_darkwood.png
b9e558e53f7709943a543284ee4591ef,-4129235289053152723,darkwood_113,Assets/Sprites/Tilesets/5395_tilesheet_darkwood.png
b9e558e53f7709943a543284ee4591ef,-5468382029055465884,darkwood_114,Assets/Sprites/Tilesets/5395_tilesheet_darkwood.png
b9e558e53f7709943a543284ee4591ef,6734684633657039821,darkwood_115,Assets/Sprites/Tilesets/5395_tilesheet_darkwood.png
b9e558e53f7709943a543284ee4591ef,-5903299138629098404,darkwood_116,Assets/Sprites/Tilesets/5395_tilesheet_darkwood.png
b9e558e53f7709943a543284ee4591ef,-6398567975934360271,darkwood_117,Assets/Sprites/Tilesets/5395_tilesheet_darkwood.png
b9e558e53f7709943a543284ee4591ef,-8957284035257282584,darkwood_118,Assets/Sprites/Tilesets/5395_tilesheet_darkwood.png
b9e558e53f7709943a543284ee4591ef,-9138037040227770232,darkwood_119,Assets/Sprites/Tilesets/5395_tilesheet_darkwood.png
b9e558e53f7709943a543284ee4591ef,6287607311731213131,darkwood_120,Assets/Sprites/Tilesets/5395_tilesheet_darkwood.png
b9e558e53f7709943a543284ee4591ef,2425639911146021689,darkwood_121,Assets/Sprites/Tilesets/5395_tilesheet_darkwood.png
b9e558e53f7709943a543284ee4591ef,7293906268319233776,darkwood_122,Assets/Sprites/Tilesets/5395_tilesheet_darkwood.png
b9e558e53f7709943a543284ee4591ef,9174235224718242758,darkwood_123,Assets/Sprites/Tilesets/5395_tilesheet_darkwood.png
b9e558e53f7709943a543284ee4591ef,6312037128003990989,darkwood_124,Assets/Sprites/Tilesets/5395_tilesheet_darkwood.png
b9e558e53f7709943a543284ee4591ef,-3713311849071092161,darkwood_125,Assets/Sprites/Tilesets/5395_tilesheet_darkwood.png
b9e558e53f7709943a543284ee4591ef,3685152125961464965,darkwood_126,Assets/Sprites/Tilesets/5395_tilesheet_darkwood.png
b9e558e53f7709943a543284ee4591ef,3021946288986219864,darkwood_127,Assets/Sprites/Tilesets/5395_tilesheet_darkwood.png
b9e558e53f7709943a543284ee4591ef,821699465916322869,darkwood_128,Assets/Sprites/Tilesets/5395_tilesheet_darkwood.png
b9e558e53f7709943a543284ee4591ef,-8735441677112475752,darkwood_129,Assets/Sprites/Tilesets/5395_tilesheet_darkwood.png
b9e558e53f7709943a543284ee4591ef,162189906751378928,darkwood_130,Assets/Sprites/Tilesets/5395_tilesheet_darkwood.png
b9e558e53f7709943a543284ee4591ef,2551518094793869659,darkwood_131,Assets/Sprites/Tilesets/5395_tilesheet_darkwood.png
b9e558e53f7709943a543284ee4591ef,7564170298869451445,darkwood_132,Assets/Sprites/Tilesets/5395_tilesheet_darkwood.png
b9e558e53f7709943a543284ee4591ef,-5763829074529255567,darkwood_133,Assets/Sprites/Tilesets/5395_tilesheet_darkwood.png
b9e558e53f7709943a543284ee4591ef,1524157299721021891,darkwood_134,Assets/Sprites/Tilesets/5395_tilesheet_darkwood.png
b9e558e53f7709943a543284ee4591ef,-1583898042935591190,darkwood_135,Assets/Sprites/Tilesets/5395_tilesheet_darkwood.png
b9e558e53f7709943a543284ee4591ef,-3505167688332446886,darkwood_136,Assets/Sprites/Tilesets/5395_tilesheet_darkwood.png
b9e558e53f7709943a543284ee4591ef,-6066770748219408245,darkwood_137,Assets/Sprites/Tilesets/5395_tilesheet_darkwood.png
b9e558e53f7709943a543284ee4591ef,6489610241198286182,darkwood_138,Assets/Sprites/Tilesets/5395_tilesheet_darkwood.png
b9e558e53f7709943a543284ee4591ef,1641813613071775055,darkwood_139,Assets/Sprites/Tilesets/5395_tilesheet_darkwood.png
b9e558e53f7709943a543284ee4591ef,7026842539221975203,darkwood_140,Assets/Sprites/Tilesets/5395_tilesheet_darkwood.png
b9e558e53f7709943a543284ee4591ef,-3558287319723886022,darkwood_141,Assets/Sprites/Tilesets/5395_tilesheet_darkwood.png
b9e558e53f7709943a543284ee4591ef,-8344083640052678453,darkwood_142,Assets/Sprites/Tilesets/5395_tilesheet_darkwood.png
b9e558e53f7709943a543284ee4591ef,246296347441123025,darkwood_143,Assets/Sprites/Tilesets/5395_tilesheet_darkwood.png
b9e558e53f7709943a543284ee4591ef,183212007095979961,darkwood_144,Assets/Sprites/Tilesets/5395_tilesheet_darkwood.png
b9e558e53f7709943a543284ee4591ef,-2406893295983391241,darkwood_145,Assets/Sprites/Tilesets/5395_tilesheet_darkwood.png
b9e558e53f7709943a543284ee4591ef,8680213767338256587,darkwood_146,Assets/Sprites/Tilesets/5395_tilesheet_darkwood.png
b9e558e53f7709943a543284ee4591ef,-3839419028077224407,darkwood_147,Assets/Sprites/Tilesets/5395_tilesheet_darkwood.png
b9e558e53f7709943a543284ee4591ef,-9186735260187993544,darkwood_148,Assets/Sprites/Tilesets/5395_tilesheet_darkwood.png
b9e558e53f7709943a543284ee4591ef,-9016710347682217852,darkwood_149,Assets/Sprites/Tilesets/5395_tilesheet_darkwood.png
b9e558e53f7709943a543284ee4591ef,-3144590571393297090,darkwood_150,Assets/Sprites/Tilesets/5395_tilesheet_darkwood.png
b9e558e53f7709943a543284ee4591ef,-1869248515973406079,darkwood_151,Assets/Sprites/Tilesets/5395_tilesheet_darkwood.png
b9e558e53f7709943a543284ee4591ef,1462365499702293984,darkwood_152,Assets/Sprites/Tilesets/5395_tilesheet_darkwood.png
b9e558e53f7709943a543284ee4591ef,3117608474565576089,darkwood_153,Assets/Sprites/Tilesets/5395_tilesheet_darkwood.png
b9e558e53f7709943a543284ee4591ef,4193222730039741841,darkwood_154,Assets/Sprites/Tilesets/5395_tilesheet_darkwood.png
b9e558e53f7709943a543284ee4591ef,-952682199232832059,darkwood_155,Assets/Sprites/Tilesets/5395_tilesheet_darkwood.png
b9e558e53f7709943a543284ee4591ef,-3213984598705551438,darkwood_156,Assets/Sprites/Tilesets/5395_tilesheet_darkwood.png
b9e558e53f7709943a543284ee4591ef,-5307506109448168031,darkwood_157,Assets/Sprites/Tilesets/5395_tilesheet_darkwood.png
b9e558e53f7709943a543284ee4591ef,6489871585197885851,darkwood_158,Assets/Sprites/Tilesets/5395_tilesheet_darkwood.png
b9e558e53f7709943a543284ee4591ef,-5410082502029113031,darkwood_159,Assets/Sprites/Tilesets/5395_tilesheet_darkwood.png
b9e558e53f7709943a543284ee4591ef,3739629566794811945,darkwood_210,Assets/Sprites/Tilesets/5395_tilesheet_darkwood.png
b9e558e53f7709943a543284ee4591ef,312411451082320881,darkwood_211,Assets/Sprites/Tilesets/5395_tilesheet_darkwood.png
b9e558e53f7709943a543284ee4591ef,7200636335243528347,darkwood_212,Assets/Sprites/Tilesets/5395_tilesheet_darkwood.png
b9e558e53f7709943a543284ee4591ef,-3977800204531077332,darkwood_213,Assets/Sprites/Tilesets/5395_tilesheet_darkwood.png
b9e558e53f7709943a543284ee4591ef,9018316408388942899,darkwood_214,Assets/Sprites/Tilesets/5395_tilesheet_darkwood.png
b9e558e53f7709943a543284ee4591ef,-2570949691034005900,darkwood_215,Assets/Sprites/Tilesets/5395_tilesheet_darkwood.png
b9e558e53f7709943a543284ee4591ef,2791595852367629972,darkwood_216,Assets/Sprites/Tilesets/5395_tilesheet_darkwood.png
b9e558e53f7709943a543284ee4591ef,7560987481910819968,darkwood_217,Assets/Sprites/Tilesets/5395_tilesheet_darkwood.png
b9e558e53f7709943a543284ee4591ef,8628016325019199391,darkwood_218,Assets/Sprites/Tilesets/5395_tilesheet_darkwood.png
b9e558e53f7709943a543284ee4591ef,2294871103751515929,darkwood_219,Assets/Sprites/Tilesets/5395_tilesheet_darkwood.png
b9e558e53f7709943a543284ee4591ef,-6167804180273747926,darkwood_220,Assets/Sprites/Tilesets/5395_tilesheet_darkwood.png
b9e558e53f7709943a543284ee4591ef,863553802706296020,darkwood_221,Assets/Sprites/Tilesets/5395_tilesheet_darkwood.png
b9e558e53f7709943a543284ee4591ef,-4227776513080790873,darkwood_222,Assets/Sprites/Tilesets/5395_tilesheet_darkwood.png
b9e558e53f7709943a543284ee4591ef,-1126271621817865780,darkwood_223,Assets/Sprites/Tilesets/5395_tilesheet_darkwood.png
b9e558e53f7709943a543284ee4591ef,7115231666849958538,darkwood_224,Assets/Sprites/Tilesets/5395_tilesheet_darkwood.png
b9e558e53f7709943a543284ee4591ef,-2376931319762873690,darkwood_225,Assets/Sprites/Tilesets/5395_tilesheet_darkwood.png
b9e558e53f7709943a543284ee4591ef,-609758178335434047,darkwood_226,Assets/Sprites/Tilesets/5395_tilesheet_darkwood.png
b9e558e53f7709943a543284ee4591ef,-4405719728687186775,darkwood_227,Assets/Sprites/Tilesets/5395_tilesheet_darkwood.png
b9e558e53f7709943a543284ee4591ef,6698147340294147897,darkwood_228,Assets/Sprites/Tilesets/5395_tilesheet_darkwood.png
b9e558e53f7709943a543284ee4591ef,5365529030329516596,darkwood_229,Assets/Sprites/Tilesets/5395_tilesheet_darkwood.png
b9e558e53f7709943a543284ee4591ef,-5126770328913247271,darkwood_310,Assets/Sprites/Tilesets/5395_tilesheet_darkwood.png
b9e558e53f7709943a543284ee4591ef,7946168081469297458,darkwood_311,Assets/Sprites/Tilesets/5395_tilesheet_darkwood.png
b9e558e53f7709943a543284ee4591ef,2527338040782231141,darkwood_312,Assets/Sprites/Tilesets/5395_tilesheet_darkwood.png
b9e558e53f7709943a543284ee4591ef,-8435350848283442103,darkwood_313,Assets/Sprites/Tilesets/5395_tilesheet_darkwood.png
b9e558e53f7709943a543284ee4591ef,4282322130146762943,darkwood_314,Assets/Sprites/Tilesets/5395_tilesheet_darkwood.png
b9e558e53f7709943a543284ee4591ef,3682794847301178665,darkwood_315,Assets/Sprites/Tilesets/5395_tilesheet_darkwood.png
b9e558e53f7709943a543284ee4591ef,1659778227345637010,darkwood_316,Assets/Sprites/Tilesets/5395_tilesheet_darkwood.png
b9e558e53f7709943a543284ee4591ef,-7080128163828701033,darkwood_317,Assets/Sprites/Tilesets/5395_tilesheet_darkwood.png
b9e558e53f7709943a543284ee4591ef,9125346741212962701,darkwood_318,Assets/Sprites/Tilesets/5395_tilesheet_darkwood.png
b9e558e53f7709943a543284ee4591ef,5290670118394407882,darkwood_319,Assets/Sprites/Tilesets/5395_tilesheet_darkwood.png
b9e558e53f7709943a543284ee4591ef,-201460538643699791,darkwood_lava,Assets/Sprites/Tilesets/5395_tilesheet_darkwood.png
b9e558e53f7709943a543284ee4591ef,-4400644427685314254,darkwood_water,Assets/Sprites/Tilesets/5395_tilesheet_darkwood.png
b9e558e53f7709943a543284ee4591ef,7055374874864954388,darkwood_water_background,Assets/Sprites/Tilesets/5395_tilesheet_darkwood.png
b9e558e53f7709943a543284ee4591ef,8283533273962829627,darkwood_water_backwall,Assets/Sprites/Tilesets/5395_tilesheet_darkwood.png
b9e558e53f7709943a543284ee4591ef,4392170440827130783,darkwood_waterfall,Assets/Sprites/Tilesets/5395_tilesheet_darkwood.png
79ebc95a977944e4d903008cf13e64d9,-8655818156195654838,citadel_10,Assets/Sprites/Tilesets/5396_tilesheet_citadel.png
79ebc95a977944e4d903008cf13e64d9,6346318911325233748,citadel_11,Assets/Sprites/Tilesets/5396_tilesheet_citadel.png
79ebc95a977944e4d903008cf13e64d9,1840059084634729652,citadel_12,Assets/Sprites/Tilesets/5396_tilesheet_citadel.png
79ebc95a977944e4d903008cf13e64d9,1127223760459724062,citadel_13,Assets/Sprites/Tilesets/5396_tilesheet_citadel.png
79ebc95a977944e4d903008cf13e64d9,2450565909728410856,citadel_14,Assets/Sprites/Tilesets/5396_tilesheet_citadel.png
79ebc95a977944e4d903008cf13e64d9,-3165705482850905674,citadel_15,Assets/Sprites/Tilesets/5396_tilesheet_citadel.png
79ebc95a977944e4d903008cf13e64d9,-5774996654182199871,citadel_16,Assets/Sprites/Tilesets/5396_tilesheet_citadel.png
79ebc95a977944e4d903008cf13e64d9,4443897450750874535,citadel_17,Assets/Sprites/Tilesets/5396_tilesheet_citadel.png
79ebc95a977944e4d903008cf13e64d9,5661049957185019681,citadel_18,Assets/Sprites/Tilesets/5396_tilesheet_citadel.png
79ebc95a977944e4d903008cf13e64d9,8474981341611232960,citadel_19,Assets/Sprites/Tilesets/5396_tilesheet_citadel.png
79ebc95a977944e4d903008cf13e64d9,6836142153017594085,citadel_20,Assets/Sprites/Tilesets/5396_tilesheet_citadel.png
79ebc95a977944e4d903008cf13e64d9,2185498278340178504,citadel_21,Assets/Sprites/Tilesets/5396_tilesheet_citadel.png
79ebc95a977944e4d903008cf13e64d9,430984766625829748,citadel_22,Assets/Sprites/Tilesets/5396_tilesheet_citadel.png
79ebc95a977944e4d903008cf13e64d9,-1317986280940093683,citadel_23,Assets/Sprites/Tilesets/5396_tilesheet_citadel.png
79ebc95a977944e4d903008cf13e64d9,-8326724806951850010,citadel_24,Assets/Sprites/Tilesets/5396_tilesheet_citadel.png
79ebc95a977944e4d903008cf13e64d9,8914089594741642868,citadel_25,Assets/Sprites/Tilesets/5396_tilesheet_citadel.png
79ebc95a977944e4d903008cf13e64d9,276181914589855336,citadel_26,Assets/Sprites/Tilesets/5396_tilesheet_citadel.png
79ebc95a977944e4d903008cf13e64d9,588497054336764479,citadel_27,Assets/Sprites/Tilesets/5396_tilesheet_citadel.png
79ebc95a977944e4d903008cf13e64d9,-540048619370252142,citadel_28,Assets/Sprites/Tilesets/5396_tilesheet_citadel.png
79ebc95a977944e4d903008cf13e64d9,-3511060238418154924,citadel_29,Assets/Sprites/Tilesets/5396_tilesheet_citadel.png
79ebc95a977944e4d903008cf13e64d9,-6691012767228139306,citadel_30,Assets/Sprites/Tilesets/5396_tilesheet_citadel.png
79ebc95a977944e4d903008cf13e64d9,8251907811329543855,citadel_31,Assets/Sprites/Tilesets/5396_tilesheet_citadel.png
79ebc95a977944e4d903008cf13e64d9,-8946788012438720712,citadel_32,Assets/Sprites/Tilesets/5396_tilesheet_citadel.png
79ebc95a977944e4d903008cf13e64d9,-3538851436377425636,citadel_33,Assets/Sprites/Tilesets/5396_tilesheet_citadel.png
79ebc95a977944e4d903008cf13e64d9,5837620518785745679,citadel_34,Assets/Sprites/Tilesets/5396_tilesheet_citadel.png
79ebc95a977944e4d903008cf13e64d9,735763825654373507,citadel_35,Assets/Sprites/Tilesets/5396_tilesheet_citadel.png
79ebc95a977944e4d903008cf13e64d9,-6766607325196344940,citadel_36,Assets/Sprites/Tilesets/5396_tilesheet_citadel.png
79ebc95a977944e4d903008cf13e64d9,7123294266852565953,citadel_37,Assets/Sprites/Tilesets/5396_tilesheet_citadel.png
79ebc95a977944e4d903008cf13e64d9,1812952166184403864,citadel_38,Assets/Sprites/Tilesets/5396_tilesheet_citadel.png
79ebc95a977944e4d903008cf13e64d9,765628930423093814,citadel_39,Assets/Sprites/Tilesets/5396_tilesheet_citadel.png
79ebc95a977944e4d903008cf13e64d9,2692228934559545928,citadel_110,Assets/Sprites/Tilesets/5396_tilesheet_citadel.png
79ebc95a977944e4d903008cf13e64d9,8694305388649107506,citadel_111,Assets/Sprites/Tilesets/5396_tilesheet_citadel.png
79ebc95a977944e4d903008cf13e64d9,-6908713535308251356,citadel_112,Assets/Sprites/Tilesets/5396_tilesheet_citadel.png
79ebc95a977944e4d903008cf13e64d9,-4129235289053152723,citadel_113,Assets/Sprites/Tilesets/5396_tilesheet_citadel.png
79ebc95a977944e4d903008cf13e64d9,-5468382029055465884,citadel_114,Assets/Sprites/Tilesets/5396_tilesheet_citadel.png
79ebc95a977944e4d903008cf13e64d9,6734684633657039821,citadel_115,Assets/Sprites/Tilesets/5396_tilesheet_citadel.png
79ebc95a977944e4d903008cf13e64d9,-5903299138629098404,citadel_116,Assets/Sprites/Tilesets/5396_tilesheet_citadel.png
79ebc95a977944e4d903008cf13e64d9,-6398567975934360271,citadel_117,Assets/Sprites/Tilesets/5396_tilesheet_citadel.png
79ebc95a977944e4d903008cf13e64d9,-8957284035257282584,citadel_118,Assets/Sprites/Tilesets/5396_tilesheet_citadel.png
79ebc95a977944e4d903008cf13e64d9,-9138037040227770232,citadel_119,Assets/Sprites/Tilesets/5396_tilesheet_citadel.png
79ebc95a977944e4d903008cf13e64d9,6287607311731213131,citadel_120,Assets/Sprites/Tilesets/5396_tilesheet_citadel.png
79ebc95a977944e4d903008cf13e64d9,2425639911146021689,citadel_121,Assets/Sprites/Tilesets/5396_tilesheet_citadel.png
79ebc95a977944e4d903008cf13e64d9,7293906268319233776,citadel_122,Assets/Sprites/Tilesets/5396_tilesheet_citadel.png
79ebc95a977944e4d903008cf13e64d9,9174235224718242758,citadel_123,Assets/Sprites/Tilesets/5396_tilesheet_citadel.png
79ebc95a977944e4d903008cf13e64d9,6312037128003990989,citadel_124,Assets/Sprites/Tilesets/5396_tilesheet_citadel.png
79ebc95a977944e4d903008cf13e64d9,-3713311849071092161,citadel_125,Assets/Sprites/Tilesets/5396_tilesheet_citadel.png
79ebc95a977944e4d903008cf13e64d9,3685152125961464965,citadel_126,Assets/Sprites/Tilesets/5396_tilesheet_citadel.png
79ebc95a977944e4d903008cf13e64d9,3021946288986219864,citadel_127,Assets/Sprites/Tilesets/5396_tilesheet_citadel.png
79ebc95a977944e4d903008cf13e64d9,821699465916322869,citadel_128,Assets/Sprites/Tilesets/5396_tilesheet_citadel.png
79ebc95a977944e4d903008cf13e64d9,-8735441677112475752,citadel_129,Assets/Sprites/Tilesets/5396_tilesheet_citadel.png
79ebc95a977944e4d903008cf13e64d9,162189906751378928,citadel_130,Assets/Sprites/Tilesets/5396_tilesheet_citadel.png
79ebc95a977944e4d903008cf13e64d9,2551518094793869659,citadel_131,Assets/Sprites/Tilesets/5396_tilesheet_citadel.png
79ebc95a977944e4d903008cf13e64d9,7564170298869451445,citadel_132,Assets/Sprites/Tilesets/5396_tilesheet_citadel.png
79ebc95a977944e4d903008cf13e64d9,-5763829074529255567,citadel_133,Assets/Sprites/Tilesets/5396_tilesheet_citadel.png
79ebc95a977944e4d903008cf13e64d9,1524157299721021891,citadel_134,Assets/Sprites/Tilesets/5396_tilesheet_citadel.png
79ebc95a977944e4d903008cf13e64d9,-1583898042935591190,citadel_135,Assets/Sprites/Tilesets/5396_tilesheet_citadel.png
79ebc95a977944e4d903008cf13e64d9,-3505167688332446886,citadel_136,Assets/Sprites/Tilesets/5396_tilesheet_citadel.png
79ebc95a977944e4d903008cf13e64d9,-6066770748219408245,citadel_137,Assets/Sprites/Tilesets/5396_tilesheet_citadel.png
79ebc95a977944e4d903008cf13e64d9,6489610241198286182,citadel_138,Assets/Sprites/Tilesets/5396_tilesheet_citadel.png
79ebc95a977944e4d903008cf13e64d9,1641813613071775055,citadel_139,Assets/Sprites/Tilesets/5396_tilesheet_citadel.png
79ebc95a977944e4d903008cf13e64d9,7026842539221975203,citadel_140,Assets/Sprites/Tilesets/5396_tilesheet_citadel.png
79ebc95a977944e4d903008cf13e64d9,-3558287319723886022,citadel_141,Assets/Sprites/Tilesets/5396_tilesheet_citadel.png
79ebc95a977944e4d903008cf13e64d9,-8344083640052678453,citadel_142,Assets/Sprites/Tilesets/5396_tilesheet_citadel.png
79ebc95a977944e4d903008cf13e64d9,246296347441123025,citadel_143,Assets/Sprites/Tilesets/5396_tilesheet_citadel.png
79ebc95a977944e4d903008cf13e64d9,183212007095979961,citadel_144,Assets/Sprites/Tilesets/5396_tilesheet_citadel.png
79ebc95a977944e4d903008cf13e64d9,-2406893295983391241,citadel_145,Assets/Sprites/Tilesets/5396_tilesheet_citadel.png
79ebc95a977944e4d903008cf13e64d9,8680213767338256587,citadel_146,Assets/Sprites/Tilesets/5396_tilesheet_citadel.png
79ebc95a977944e4d903008cf13e64d9,-3839419028077224407,citadel_147,Assets/Sprites/Tilesets/5396_tilesheet_citadel.png
79ebc95a977944e4d903008cf13e64d9,-9186735260187993544,citadel_148,Assets/Sprites/Tilesets/5396_tilesheet_citadel.png
79ebc95a977944e4d903008cf13e64d9,-9016710347682217852,citadel_149,Assets/Sprites/Tilesets/5396_tilesheet_citadel.png
79ebc95a977944e4d903008cf13e64d9,-3144590571393297090,citadel_150,Assets/Sprites/Tilesets/5396_tilesheet_citadel.png
79ebc95a977944e4d903008cf13e64d9,-1869248515973406079,citadel_151,Assets/Sprites/Tilesets/5396_tilesheet_citadel.png
79ebc95a977944e4d903008cf13e64d9,1462365499702293984,citadel_152,Assets/Sprites/Tilesets/5396_tilesheet_citadel.png
79ebc95a977944e4d903008cf13e64d9,3117608474565576089,citadel_153,Assets/Sprites/Tilesets/5396_tilesheet_citadel.png
79ebc95a977944e4d903008cf13e64d9,4193222730039741841,citadel_154,Assets/Sprites/Tilesets/5396_tilesheet_citadel.png
79ebc95a977944e4d903008cf13e64d9,-952682199232832059,citadel_155,Assets/Sprites/Tilesets/5396_tilesheet_citadel.png
79ebc95a977944e4d903008cf13e64d9,-3213984598705551438,citadel_156,Assets/Sprites/Tilesets/5396_tilesheet_citadel.png
79ebc95a977944e4d903008cf13e64d9,-5307506109448168031,citadel_157,Assets/Sprites/Tilesets/5396_tilesheet_citadel.png
79ebc95a977944e4d903008cf13e64d9,6489871585197885851,citadel_158,Assets/Sprites/Tilesets/5396_tilesheet_citadel.png
79ebc95a977944e4d903008cf13e64d9,-5410082502029113031,citadel_159,Assets/Sprites/Tilesets/5396_tilesheet_citadel.png
79ebc95a977944e4d903008cf13e64d9,-8373222136145620632,citadel_160,Assets/Sprites/Tilesets/5396_tilesheet_citadel.png
79ebc95a977944e4d903008cf13e64d9,-2115457103611978337,citadel_161,Assets/Sprites/Tilesets/5396_tilesheet_citadel.png
79ebc95a977944e4d903008cf13e64d9,-7035195994024675113,citadel_162,Assets/Sprites/Tilesets/5396_tilesheet_citadel.png
79ebc95a977944e4d903008cf13e64d9,-5079105962311074511,citadel_163,Assets/Sprites/Tilesets/5396_tilesheet_citadel.png
79ebc95a977944e4d903008cf13e64d9,2733946097252187821,citadel_164,Assets/Sprites/Tilesets/5396_tilesheet_citadel.png
79ebc95a977944e4d903008cf13e64d9,7161397670792433542,citadel_165,Assets/Sprites/Tilesets/5396_tilesheet_citadel.png
79ebc95a977944e4d903008cf13e64d9,-6848136828857868286,citadel_166,Assets/Sprites/Tilesets/5396_tilesheet_citadel.png
79ebc95a977944e4d903008cf13e64d9,700863525252940799,citadel_167,Assets/Sprites/Tilesets/5396_tilesheet_citadel.png
79ebc95a977944e4d903008cf13e64d9,-3195476417298603316,citadel_168,Assets/Sprites/Tilesets/5396_tilesheet_citadel.png
79ebc95a977944e4d903008cf13e64d9,-7858491299808530786,citadel_169,Assets/Sprites/Tilesets/5396_tilesheet_citadel.png
79ebc95a977944e4d903008cf13e64d9,1701854330767516314,citadel_170,Assets/Sprites/Tilesets/5396_tilesheet_citadel.png
79ebc95a977944e4d903008cf13e64d9,5932739100274104364,citadel_171,Assets/Sprites/Tilesets/5396_tilesheet_citadel.png
79ebc95a977944e4d903008cf13e64d9,-6467276799757248785,citadel_172,Assets/Sprites/Tilesets/5396_tilesheet_citadel.png
79ebc95a977944e4d903008cf13e64d9,-1300805632072158905,citadel_173,Assets/Sprites/Tilesets/5396_tilesheet_citadel.png
79ebc95a977944e4d903008cf13e64d9,605696201848019545,citadel_174,Assets/Sprites/Tilesets/5396_tilesheet_citadel.png
79ebc95a977944e4d903008cf13e64d9,-1724086907042617910,citadel_175,Assets/Sprites/Tilesets/5396_tilesheet_citadel.png
79ebc95a977944e4d903008cf13e64d9,8475284525710512774,citadel_176,Assets/Sprites/Tilesets/5396_tilesheet_citadel.png
79ebc95a977944e4d903008cf13e64d9,-3822713577358298166,citadel_177,Assets/Sprites/Tilesets/5396_tilesheet_citadel.png
79ebc95a977944e4d903008cf13e64d9,1768339233626080706,citadel_178,Assets/Sprites/Tilesets/5396_tilesheet_citadel.png
79ebc95a977944e4d903008cf13e64d9,-6841722765060534419,citadel_179,Assets/Sprites/Tilesets/5396_tilesheet_citadel.png
79ebc95a977944e4d903008cf13e64d9,-3493160027052846601,citadel_180,Assets/Sprites/Tilesets/5396_tilesheet_citadel.png
79ebc95a977944e4d903008cf13e64d9,-554438106920706084,citadel_181,Assets/Sprites/Tilesets/5396_tilesheet_citadel.png
79ebc95a977944e4d903008cf13e64d9,-5341870609494625678,citadel_182,Assets/Sprites/Tilesets/5396_tilesheet_citadel.png
79ebc95a977944e4d903008cf13e64d9,-8905662136806812126,citadel_183,Assets/Sprites/Tilesets/5396_tilesheet_citadel.png
79ebc95a977944e4d903008cf13e64d9,5281638212969618885,citadel_184,Assets/Sprites/Tilesets/5396_tilesheet_citadel.png
79ebc95a977944e4d903008cf13e64d9,-3150301486310352595,citadel_185,Assets/Sprites/Tilesets/5396_tilesheet_citadel.png
79ebc95a977944e4d903008cf13e64d9,-733222574896515085,citadel_186,Assets/Sprites/Tilesets/5396_tilesheet_citadel.png
79ebc95a977944e4d903008cf13e64d9,-3204314713441666975,citadel_187,Assets/Sprites/Tilesets/5396_tilesheet_citadel.png
79ebc95a977944e4d903008cf13e64d9,-8295142853972654705,citadel_188,Assets/Sprites/Tilesets/5396_tilesheet_citadel.png
79ebc95a977944e4d903008cf13e64d9,-1977760837791518271,citadel_189,Assets/Sprites/Tilesets/5396_tilesheet_citadel.png
79ebc95a977944e4d903008cf13e64d9,3739629566794811945,citadel_210,Assets/Sprites/Tilesets/5396_tilesheet_citadel.png
79ebc95a977944e4d903008cf13e64d9,312411451082320881,citadel_211,Assets/Sprites/Tilesets/5396_tilesheet_citadel.png
79ebc95a977944e4d903008cf13e64d9,7200636335243528347,citadel_212,Assets/Sprites/Tilesets/5396_tilesheet_citadel.png
79ebc95a977944e4d903008cf13e64d9,-3977800204531077332,citadel_213,Assets/Sprites/Tilesets/5396_tilesheet_citadel.png
79ebc95a977944e4d903008cf13e64d9,9018316408388942899,citadel_214,Assets/Sprites/Tilesets/5396_tilesheet_citadel.png
79ebc95a977944e4d903008cf13e64d9,-2570949691034005900,citadel_215,Assets/Sprites/Tilesets/5396_tilesheet_citadel.png
79ebc95a977944e4d903008cf13e64d9,2791595852367629972,citadel_216,Assets/Sprites/Tilesets/5396_tilesheet_citadel.png
79ebc95a977944e4d903008cf13e64d9,7560987481910819968,citadel_217,Assets/Sprites/Tilesets/5396_tilesheet_citadel.png
79ebc95a977944e4d903008cf13e64d9,8628016325019199391,citadel_218,Assets/Sprites/Tilesets/5396_tilesheet_citadel.png
79ebc95a977944e4d903008cf13e64d9,2294871103751515929,citadel_219,Assets/Sprites/Tilesets/5396_tilesheet_citadel.png
79ebc95a977944e4d903008cf13e64d9,-6167804180273747926,citadel_220,Assets/Sprites/Tilesets/5396_tilesheet_citadel.png
79ebc95a977944e4d903008cf13e64d9,863553802706296020,citadel_221,Assets/Sprites/Tilesets/5396_tilesheet_citadel.png
79ebc95a977944e4d903008cf13e64d9,-4227776513080790873,citadel_222,Assets/Sprites/Tilesets/5396_tilesheet_citadel.png
79ebc95a977944e4d903008cf13e64d9,-1126271621817865780,citadel_223,Assets/Sprites/Tilesets/5396_tilesheet_citadel.png
79ebc95a977944e4d903008cf13e64d9,7115231666849958538,citadel_224,Assets/Sprites/Tilesets/5396_tilesheet_citadel.png
79ebc95a977944e4d903008cf13e64d9,-2376931319762873690,citadel_225,Assets/Sprites/Tilesets/5396_tilesheet_citadel.png
79ebc95a977944e4d903008cf13e64d9,-609758178335434047,citadel_226,Assets/Sprites/Tilesets/5396_tilesheet_citadel.png
79ebc95a977944e4d903008cf13e64d9,-4405719728687186775,citadel_227,Assets/Sprites/Tilesets/5396_tilesheet_citadel.png
79ebc95a977944e4d903008cf13e64d9,6698147340294147897,citadel_228,Assets/Sprites/Tilesets/5396_tilesheet_citadel.png
79ebc95a977944e4d903008cf13e64d9,5365529030329516596,citadel_229,Assets/Sprites/Tilesets/5396_tilesheet_citadel.png
79ebc95a977944e4d903008cf13e64d9,8298471800516993061,citadel_230,Assets/Sprites/Tilesets/5396_tilesheet_citadel.png
79ebc95a977944e4d903008cf13e64d9,-7397664776066113000,citadel_231,Assets/Sprites/Tilesets/5396_tilesheet_citadel.png
79ebc95a977944e4d903008cf13e64d9,2482586323228808731,citadel_232,Assets/Sprites/Tilesets/5396_tilesheet_citadel.png
79ebc95a977944e4d903008cf13e64d9,1994940757356745112,citadel_233,Assets/Sprites/Tilesets/5396_tilesheet_citadel.png
79ebc95a977944e4d903008cf13e64d9,-1078203913016493803,citadel_234,Assets/Sprites/Tilesets/5396_tilesheet_citadel.png
79ebc95a977944e4d903008cf13e64d9,-6752338200585653871,citadel_235,Assets/Sprites/Tilesets/5396_tilesheet_citadel.png
79ebc95a977944e4d903008cf13e64d9,8127992217002793755,citadel_236,Assets/Sprites/Tilesets/5396_tilesheet_citadel.png
79ebc95a977944e4d903008cf13e64d9,-4101432685032244580,citadel_237,Assets/Sprites/Tilesets/5396_tilesheet_citadel.png
79ebc95a977944e4d903008cf13e64d9,8265415928279550358,citadel_238,Assets/Sprites/Tilesets/5396_tilesheet_citadel.png
79ebc95a977944e4d903008cf13e64d9,-6674396443900270943,citadel_239,Assets/Sprites/Tilesets/5396_tilesheet_citadel.png
79ebc95a977944e4d903008cf13e64d9,-5126770328913247271,citadel_310,Assets/Sprites/Tilesets/5396_tilesheet_citadel.png
79ebc95a977944e4d903008cf13e64d9,7946168081469297458,citadel_311,Assets/Sprites/Tilesets/5396_tilesheet_citadel.png
79ebc95a977944e4d903008cf13e64d9,2527338040782231141,citadel_312,Assets/Sprites/Tilesets/5396_tilesheet_citadel.png
79ebc95a977944e4d903008cf13e64d9,-8435350848283442103,citadel_313,Assets/Sprites/Tilesets/5396_tilesheet_citadel.png
79ebc95a977944e4d903008cf13e64d9,4282322130146762943,citadel_314,Assets/Sprites/Tilesets/5396_tilesheet_citadel.png
79ebc95a977944e4d903008cf13e64d9,3682794847301178665,citadel_315,Assets/Sprites/Tilesets/5396_tilesheet_citadel.png
79ebc95a977944e4d903008cf13e64d9,1659778227345637010,citadel_316,Assets/Sprites/Tilesets/5396_tilesheet_citadel.png
79ebc95a977944e4d903008cf13e64d9,-7080128163828701033,citadel_317,Assets/Sprites/Tilesets/5396_tilesheet_citadel.png
79ebc95a977944e4d903008cf13e64d9,9125346741212962701,citadel_318,Assets/Sprites/Tilesets/5396_tilesheet_citadel.png
79ebc95a977944e4d903008cf13e64d9,5290670118394407882,citadel_319,Assets/Sprites/Tilesets/5396_tilesheet_citadel.png
79ebc95a977944e4d903008cf13e64d9,2717723488615757018,citadel_320,Assets/Sprites/Tilesets/5396_tilesheet_citadel.png
79ebc95a977944e4d903008cf13e64d9,-5202534442311399235,citadel_321,Assets/Sprites/Tilesets/5396_tilesheet_citadel.png
79ebc95a977944e4d903008cf13e64d9,7003119491202799949,citadel_322,Assets/Sprites/Tilesets/5396_tilesheet_citadel.png
79ebc95a977944e4d903008cf13e64d9,-1516101246683267341,citadel_323,Assets/Sprites/Tilesets/5396_tilesheet_citadel.png
79ebc95a977944e4d903008cf13e64d9,4262453134342189748,citadel_324,Assets/Sprites/Tilesets/5396_tilesheet_citadel.png
79ebc95a977944e4d903008cf13e64d9,6228360690865079267,citadel_325,Assets/Sprites/Tilesets/5396_tilesheet_citadel.png
79ebc95a977944e4d903008cf13e64d9,9160419723727516329,citadel_326,Assets/Sprites/Tilesets/5396_tilesheet_citadel.png
79ebc95a977944e4d903008cf13e64d9,-5622098513726520222,citadel_327,Assets/Sprites/Tilesets/5396_tilesheet_citadel.png
79ebc95a977944e4d903008cf13e64d9,-5773599922294629756,citadel_328,Assets/Sprites/Tilesets/5396_tilesheet_citadel.png
79ebc95a977944e4d903008cf13e64d9,-4491712781077807811,citadel_329,Assets/Sprites/Tilesets/5396_tilesheet_citadel.png
79ebc95a977944e4d903008cf13e64d9,-201460538643699791,citadel_lava,Assets/Sprites/Tilesets/5396_tilesheet_citadel.png
79ebc95a977944e4d903008cf13e64d9,-4400644427685314254,citadel_water,Assets/Sprites/Tilesets/5396_tilesheet_citadel.png
79ebc95a977944e4d903008cf13e64d9,7055374874864954388,citadel_water_background,Assets/Sprites/Tilesets/5396_tilesheet_citadel.png
79ebc95a977944e4d903008cf13e64d9,8283533273962829627,citadel_water_backwall,Assets/Sprites/Tilesets/5396_tilesheet_citadel.png
79ebc95a977944e4d903008cf13e64d9,4392170440827130783,citadel_waterfall,Assets/Sprites/Tilesets/5396_tilesheet_citadel.png
a4c430135a33f394b9210ead18f73cc3,-8655818156195654838,cave6_10,Assets/Sprites/Tilesets/5397_tilesheet_cave6.png
a4c430135a33f394b9210ead18f73cc3,6346318911325233748,cave6_11,Assets/Sprites/Tilesets/5397_tilesheet_cave6.png
a4c430135a33f394b9210ead18f73cc3,1840059084634729652,cave6_12,Assets/Sprites/Tilesets/5397_tilesheet_cave6.png
a4c430135a33f394b9210ead18f73cc3,1127223760459724062,cave6_13,Assets/Sprites/Tilesets/5397_tilesheet_cave6.png
a4c430135a33f394b9210ead18f73cc3,2450565909728410856,cave6_14,Assets/Sprites/Tilesets/5397_tilesheet_cave6.png
a4c430135a33f394b9210ead18f73cc3,-3165705482850905674,cave6_15,Assets/Sprites/Tilesets/5397_tilesheet_cave6.png
a4c430135a33f394b9210ead18f73cc3,-5774996654182199871,cave6_16,Assets/Sprites/Tilesets/5397_tilesheet_cave6.png
a4c430135a33f394b9210ead18f73cc3,4443897450750874535,cave6_17,Assets/Sprites/Tilesets/5397_tilesheet_cave6.png
a4c430135a33f394b9210ead18f73cc3,5661049957185019681,cave6_18,Assets/Sprites/Tilesets/5397_tilesheet_cave6.png
a4c430135a33f394b9210ead18f73cc3,8474981341611232960,cave6_19,Assets/Sprites/Tilesets/5397_tilesheet_cave6.png
a4c430135a33f394b9210ead18f73cc3,6836142153017594085,cave6_20,Assets/Sprites/Tilesets/5397_tilesheet_cave6.png
a4c430135a33f394b9210ead18f73cc3,2185498278340178504,cave6_21,Assets/Sprites/Tilesets/5397_tilesheet_cave6.png
a4c430135a33f394b9210ead18f73cc3,430984766625829748,cave6_22,Assets/Sprites/Tilesets/5397_tilesheet_cave6.png
a4c430135a33f394b9210ead18f73cc3,2692228934559545928,cave6_110,Assets/Sprites/Tilesets/5397_tilesheet_cave6.png
a4c430135a33f394b9210ead18f73cc3,8694305388649107506,cave6_111,Assets/Sprites/Tilesets/5397_tilesheet_cave6.png
a4c430135a33f394b9210ead18f73cc3,-6908713535308251356,cave6_112,Assets/Sprites/Tilesets/5397_tilesheet_cave6.png
a4c430135a33f394b9210ead18f73cc3,-4129235289053152723,cave6_113,Assets/Sprites/Tilesets/5397_tilesheet_cave6.png
a4c430135a33f394b9210ead18f73cc3,-5468382029055465884,cave6_114,Assets/Sprites/Tilesets/5397_tilesheet_cave6.png
a4c430135a33f394b9210ead18f73cc3,6734684633657039821,cave6_115,Assets/Sprites/Tilesets/5397_tilesheet_cave6.png
a4c430135a33f394b9210ead18f73cc3,-5903299138629098404,cave6_116,Assets/Sprites/Tilesets/5397_tilesheet_cave6.png
a4c430135a33f394b9210ead18f73cc3,-6398567975934360271,cave6_117,Assets/Sprites/Tilesets/5397_tilesheet_cave6.png
a4c430135a33f394b9210ead18f73cc3,-8957284035257282584,cave6_118,Assets/Sprites/Tilesets/5397_tilesheet_cave6.png
a4c430135a33f394b9210ead18f73cc3,-9138037040227770232,cave6_119,Assets/Sprites/Tilesets/5397_tilesheet_cave6.png
a4c430135a33f394b9210ead18f73cc3,6287607311731213131,cave6_120,Assets/Sprites/Tilesets/5397_tilesheet_cave6.png
a4c430135a33f394b9210ead18f73cc3,2425639911146021689,cave6_121,Assets/Sprites/Tilesets/5397_tilesheet_cave6.png
a4c430135a33f394b9210ead18f73cc3,7293906268319233776,cave6_122,Assets/Sprites/Tilesets/5397_tilesheet_cave6.png
a4c430135a33f394b9210ead18f73cc3,9174235224718242758,cave6_123,Assets/Sprites/Tilesets/5397_tilesheet_cave6.png
a4c430135a33f394b9210ead18f73cc3,6312037128003990989,cave6_124,Assets/Sprites/Tilesets/5397_tilesheet_cave6.png
a4c430135a33f394b9210ead18f73cc3,-3713311849071092161,cave6_125,Assets/Sprites/Tilesets/5397_tilesheet_cave6.png
a4c430135a33f394b9210ead18f73cc3,3685152125961464965,cave6_126,Assets/Sprites/Tilesets/5397_tilesheet_cave6.png
a4c430135a33f394b9210ead18f73cc3,3021946288986219864,cave6_127,Assets/Sprites/Tilesets/5397_tilesheet_cave6.png
a4c430135a33f394b9210ead18f73cc3,821699465916322869,cave6_128,Assets/Sprites/Tilesets/5397_tilesheet_cave6.png
a4c430135a33f394b9210ead18f73cc3,-8735441677112475752,cave6_129,Assets/Sprites/Tilesets/5397_tilesheet_cave6.png
a4c430135a33f394b9210ead18f73cc3,-4400644427685314254,cave6_water,Assets/Sprites/Tilesets/5397_tilesheet_cave6.png
a4c430135a33f394b9210ead18f73cc3,7055374874864954388,cave6_water_background,Assets/Sprites/Tilesets/5397_tilesheet_cave6.png
a4c430135a33f394b9210ead18f73cc3,8283533273962829627,cave6_water_backwall,Assets/Sprites/Tilesets/5397_tilesheet_cave6.png
9563385300f0a61468945ed8a2625ffc,-8655818156195654838,cave5_10,Assets/Sprites/Tilesets/5398_tilesheet_cave5.png
9563385300f0a61468945ed8a2625ffc,6346318911325233748,cave5_11,Assets/Sprites/Tilesets/5398_tilesheet_cave5.png
9563385300f0a61468945ed8a2625ffc,1840059084634729652,cave5_12,Assets/Sprites/Tilesets/5398_tilesheet_cave5.png
9563385300f0a61468945ed8a2625ffc,1127223760459724062,cave5_13,Assets/Sprites/Tilesets/5398_tilesheet_cave5.png
9563385300f0a61468945ed8a2625ffc,2450565909728410856,cave5_14,Assets/Sprites/Tilesets/5398_tilesheet_cave5.png
9563385300f0a61468945ed8a2625ffc,-3165705482850905674,cave5_15,Assets/Sprites/Tilesets/5398_tilesheet_cave5.png
9563385300f0a61468945ed8a2625ffc,-5774996654182199871,cave5_16,Assets/Sprites/Tilesets/5398_tilesheet_cave5.png
9563385300f0a61468945ed8a2625ffc,4443897450750874535,cave5_17,Assets/Sprites/Tilesets/5398_tilesheet_cave5.png
9563385300f0a61468945ed8a2625ffc,5661049957185019681,cave5_18,Assets/Sprites/Tilesets/5398_tilesheet_cave5.png
9563385300f0a61468945ed8a2625ffc,8474981341611232960,cave5_19,Assets/Sprites/Tilesets/5398_tilesheet_cave5.png
9563385300f0a61468945ed8a2625ffc,6836142153017594085,cave5_20,Assets/Sprites/Tilesets/5398_tilesheet_cave5.png
9563385300f0a61468945ed8a2625ffc,2185498278340178504,cave5_21,Assets/Sprites/Tilesets/5398_tilesheet_cave5.png
9563385300f0a61468945ed8a2625ffc,430984766625829748,cave5_22,Assets/Sprites/Tilesets/5398_tilesheet_cave5.png
9563385300f0a61468945ed8a2625ffc,-1317986280940093683,cave5_23,Assets/Sprites/Tilesets/5398_tilesheet_cave5.png
9563385300f0a61468945ed8a2625ffc,2692228934559545928,cave5_110,Assets/Sprites/Tilesets/5398_tilesheet_cave5.png
9563385300f0a61468945ed8a2625ffc,8694305388649107506,cave5_111,Assets/Sprites/Tilesets/5398_tilesheet_cave5.png
9563385300f0a61468945ed8a2625ffc,-6908713535308251356,cave5_112,Assets/Sprites/Tilesets/5398_tilesheet_cave5.png
9563385300f0a61468945ed8a2625ffc,-4129235289053152723,cave5_113,Assets/Sprites/Tilesets/5398_tilesheet_cave5.png
9563385300f0a61468945ed8a2625ffc,-5468382029055465884,cave5_114,Assets/Sprites/Tilesets/5398_tilesheet_cave5.png
9563385300f0a61468945ed8a2625ffc,6734684633657039821,cave5_115,Assets/Sprites/Tilesets/5398_tilesheet_cave5.png
9563385300f0a61468945ed8a2625ffc,-5903299138629098404,cave5_116,Assets/Sprites/Tilesets/5398_tilesheet_cave5.png
9563385300f0a61468945ed8a2625ffc,-6398567975934360271,cave5_117,Assets/Sprites/Tilesets/5398_tilesheet_cave5.png
9563385300f0a61468945ed8a2625ffc,-8957284035257282584,cave5_118,Assets/Sprites/Tilesets/5398_tilesheet_cave5.png
9563385300f0a61468945ed8a2625ffc,-9138037040227770232,cave5_119,Assets/Sprites/Tilesets/5398_tilesheet_cave5.png
9563385300f0a61468945ed8a2625ffc,6287607311731213131,cave5_120,Assets/Sprites/Tilesets/5398_tilesheet_cave5.png
9563385300f0a61468945ed8a2625ffc,2425639911146021689,cave5_121,Assets/Sprites/Tilesets/5398_tilesheet_cave5.png
9563385300f0a61468945ed8a2625ffc,7293906268319233776,cave5_122,Assets/Sprites/Tilesets/5398_tilesheet_cave5.png
9563385300f0a61468945ed8a2625ffc,9174235224718242758,cave5_123,Assets/Sprites/Tilesets/5398_tilesheet_cave5.png
9563385300f0a61468945ed8a2625ffc,6312037128003990989,cave5_124,Assets/Sprites/Tilesets/5398_tilesheet_cave5.png
9563385300f0a61468945ed8a2625ffc,-3713311849071092161,cave5_125,Assets/Sprites/Tilesets/5398_tilesheet_cave5.png
9563385300f0a61468945ed8a2625ffc,3685152125961464965,cave5_126,Assets/Sprites/Tilesets/5398_tilesheet_cave5.png
9563385300f0a61468945ed8a2625ffc,3021946288986219864,cave5_127,Assets/Sprites/Tilesets/5398_tilesheet_cave5.png
9563385300f0a61468945ed8a2625ffc,821699465916322869,cave5_128,Assets/Sprites/Tilesets/5398_tilesheet_cave5.png
9563385300f0a61468945ed8a2625ffc,-8735441677112475752,cave5_129,Assets/Sprites/Tilesets/5398_tilesheet_cave5.png
9563385300f0a61468945ed8a2625ffc,-201460538643699791,cave5_lava,Assets/Sprites/Tilesets/5398_tilesheet_cave5.png
9563385300f0a61468945ed8a2625ffc,-4400644427685314254,cave5_water,Assets/Sprites/Tilesets/5398_tilesheet_cave5.png
9563385300f0a61468945ed8a2625ffc,7055374874864954388,cave5_water_background,Assets/Sprites/Tilesets/5398_tilesheet_cave5.png
9563385300f0a61468945ed8a2625ffc,8283533273962829627,cave5_water_backwall,Assets/Sprites/Tilesets/5398_tilesheet_cave5.png
0894e99e313abe54bb686ea74c716bfa,-8655818156195654838,cave4_10,Assets/Sprites/Tilesets/5399_tilesheet_cave4.png
0894e99e313abe54bb686ea74c716bfa,6346318911325233748,cave4_11,Assets/Sprites/Tilesets/5399_tilesheet_cave4.png
0894e99e313abe54bb686ea74c716bfa,1840059084634729652,cave4_12,Assets/Sprites/Tilesets/5399_tilesheet_cave4.png
0894e99e313abe54bb686ea74c716bfa,1127223760459724062,cave4_13,Assets/Sprites/Tilesets/5399_tilesheet_cave4.png
0894e99e313abe54bb686ea74c716bfa,2450565909728410856,cave4_14,Assets/Sprites/Tilesets/5399_tilesheet_cave4.png
0894e99e313abe54bb686ea74c716bfa,-3165705482850905674,cave4_15,Assets/Sprites/Tilesets/5399_tilesheet_cave4.png
0894e99e313abe54bb686ea74c716bfa,-5774996654182199871,cave4_16,Assets/Sprites/Tilesets/5399_tilesheet_cave4.png
0894e99e313abe54bb686ea74c716bfa,4443897450750874535,cave4_17,Assets/Sprites/Tilesets/5399_tilesheet_cave4.png
0894e99e313abe54bb686ea74c716bfa,5661049957185019681,cave4_18,Assets/Sprites/Tilesets/5399_tilesheet_cave4.png
0894e99e313abe54bb686ea74c716bfa,8474981341611232960,cave4_19,Assets/Sprites/Tilesets/5399_tilesheet_cave4.png
0894e99e313abe54bb686ea74c716bfa,6836142153017594085,cave4_20,Assets/Sprites/Tilesets/5399_tilesheet_cave4.png
0894e99e313abe54bb686ea74c716bfa,2185498278340178504,cave4_21,Assets/Sprites/Tilesets/5399_tilesheet_cave4.png
0894e99e313abe54bb686ea74c716bfa,430984766625829748,cave4_22,Assets/Sprites/Tilesets/5399_tilesheet_cave4.png
0894e99e313abe54bb686ea74c716bfa,-1317986280940093683,cave4_23,Assets/Sprites/Tilesets/5399_tilesheet_cave4.png
0894e99e313abe54bb686ea74c716bfa,-8326724806951850010,cave4_24,Assets/Sprites/Tilesets/5399_tilesheet_cave4.png
0894e99e313abe54bb686ea74c716bfa,8914089594741642868,cave4_25,Assets/Sprites/Tilesets/5399_tilesheet_cave4.png
0894e99e313abe54bb686ea74c716bfa,276181914589855336,cave4_26,Assets/Sprites/Tilesets/5399_tilesheet_cave4.png
0894e99e313abe54bb686ea74c716bfa,588497054336764479,cave4_27,Assets/Sprites/Tilesets/5399_tilesheet_cave4.png
0894e99e313abe54bb686ea74c716bfa,-540048619370252142,cave4_28,Assets/Sprites/Tilesets/5399_tilesheet_cave4.png
0894e99e313abe54bb686ea74c716bfa,-3511060238418154924,cave4_29,Assets/Sprites/Tilesets/5399_tilesheet_cave4.png
0894e99e313abe54bb686ea74c716bfa,-6691012767228139306,cave4_30,Assets/Sprites/Tilesets/5399_tilesheet_cave4.png
0894e99e313abe54bb686ea74c716bfa,8251907811329543855,cave4_31,Assets/Sprites/Tilesets/5399_tilesheet_cave4.png
0894e99e313abe54bb686ea74c716bfa,-8946788012438720712,cave4_32,Assets/Sprites/Tilesets/5399_tilesheet_cave4.png
0894e99e313abe54bb686ea74c716bfa,-3538851436377425636,cave4_33,Assets/Sprites/Tilesets/5399_tilesheet_cave4.png
0894e99e313abe54bb686ea74c716bfa,5837620518785745679,cave4_34,Assets/Sprites/Tilesets/5399_tilesheet_cave4.png
0894e99e313abe54bb686ea74c716bfa,735763825654373507,cave4_35,Assets/Sprites/Tilesets/5399_tilesheet_cave4.png
0894e99e313abe54bb686ea74c716bfa,-6766607325196344940,cave4_36,Assets/Sprites/Tilesets/5399_tilesheet_cave4.png
0894e99e313abe54bb686ea74c716bfa,7123294266852565953,cave4_37,Assets/Sprites/Tilesets/5399_tilesheet_cave4.png
0894e99e313abe54bb686ea74c716bfa,1812952166184403864,cave4_38,Assets/Sprites/Tilesets/5399_tilesheet_cave4.png
0894e99e313abe54bb686ea74c716bfa,765628930423093814,cave4_39,Assets/Sprites/Tilesets/5399_tilesheet_cave4.png
0894e99e313abe54bb686ea74c716bfa,2692228934559545928,cave4_110,Assets/Sprites/Tilesets/5399_tilesheet_cave4.png
0894e99e313abe54bb686ea74c716bfa,8694305388649107506,cave4_111,Assets/Sprites/Tilesets/5399_tilesheet_cave4.png
0894e99e313abe54bb686ea74c716bfa,-6908713535308251356,cave4_112,Assets/Sprites/Tilesets/5399_tilesheet_cave4.png
0894e99e313abe54bb686ea74c716bfa,-4129235289053152723,cave4_113,Assets/Sprites/Tilesets/5399_tilesheet_cave4.png
0894e99e313abe54bb686ea74c716bfa,-5468382029055465884,cave4_114,Assets/Sprites/Tilesets/5399_tilesheet_cave4.png
0894e99e313abe54bb686ea74c716bfa,6734684633657039821,cave4_115,Assets/Sprites/Tilesets/5399_tilesheet_cave4.png
0894e99e313abe54bb686ea74c716bfa,-5903299138629098404,cave4_116,Assets/Sprites/Tilesets/5399_tilesheet_cave4.png
0894e99e313abe54bb686ea74c716bfa,-6398567975934360271,cave4_117,Assets/Sprites/Tilesets/5399_tilesheet_cave4.png
0894e99e313abe54bb686ea74c716bfa,-8957284035257282584,cave4_118,Assets/Sprites/Tilesets/5399_tilesheet_cave4.png
0894e99e313abe54bb686ea74c716bfa,-9138037040227770232,cave4_119,Assets/Sprites/Tilesets/5399_tilesheet_cave4.png
0894e99e313abe54bb686ea74c716bfa,6287607311731213131,cave4_120,Assets/Sprites/Tilesets/5399_tilesheet_cave4.png
0894e99e313abe54bb686ea74c716bfa,2425639911146021689,cave4_121,Assets/Sprites/Tilesets/5399_tilesheet_cave4.png
0894e99e313abe54bb686ea74c716bfa,7293906268319233776,cave4_122,Assets/Sprites/Tilesets/5399_tilesheet_cave4.png
0894e99e313abe54bb686ea74c716bfa,9174235224718242758,cave4_123,Assets/Sprites/Tilesets/5399_tilesheet_cave4.png
0894e99e313abe54bb686ea74c716bfa,6312037128003990989,cave4_124,Assets/Sprites/Tilesets/5399_tilesheet_cave4.png
0894e99e313abe54bb686ea74c716bfa,-3713311849071092161,cave4_125,Assets/Sprites/Tilesets/5399_tilesheet_cave4.png
0894e99e313abe54bb686ea74c716bfa,3685152125961464965,cave4_126,Assets/Sprites/Tilesets/5399_tilesheet_cave4.png
0894e99e313abe54bb686ea74c716bfa,3021946288986219864,cave4_127,Assets/Sprites/Tilesets/5399_tilesheet_cave4.png
0894e99e313abe54bb686ea74c716bfa,821699465916322869,cave4_128,Assets/Sprites/Tilesets/5399_tilesheet_cave4.png
0894e99e313abe54bb686ea74c716bfa,-8735441677112475752,cave4_129,Assets/Sprites/Tilesets/5399_tilesheet_cave4.png
0894e99e313abe54bb686ea74c716bfa,162189906751378928,cave4_130,Assets/Sprites/Tilesets/5399_tilesheet_cave4.png
0894e99e313abe54bb686ea74c716bfa,2551518094793869659,cave4_131,Assets/Sprites/Tilesets/5399_tilesheet_cave4.png
0894e99e313abe54bb686ea74c716bfa,7564170298869451445,cave4_132,Assets/Sprites/Tilesets/5399_tilesheet_cave4.png
0894e99e313abe54bb686ea74c716bfa,-5763829074529255567,cave4_133,Assets/Sprites/Tilesets/5399_tilesheet_cave4.png
0894e99e313abe54bb686ea74c716bfa,1524157299721021891,cave4_134,Assets/Sprites/Tilesets/5399_tilesheet_cave4.png
0894e99e313abe54bb686ea74c716bfa,-1583898042935591190,cave4_135,Assets/Sprites/Tilesets/5399_tilesheet_cave4.png
0894e99e313abe54bb686ea74c716bfa,-3505167688332446886,cave4_136,Assets/Sprites/Tilesets/5399_tilesheet_cave4.png
0894e99e313abe54bb686ea74c716bfa,-6066770748219408245,cave4_137,Assets/Sprites/Tilesets/5399_tilesheet_cave4.png
0894e99e313abe54bb686ea74c716bfa,6489610241198286182,cave4_138,Assets/Sprites/Tilesets/5399_tilesheet_cave4.png
0894e99e313abe54bb686ea74c716bfa,1641813613071775055,cave4_139,Assets/Sprites/Tilesets/5399_tilesheet_cave4.png
0894e99e313abe54bb686ea74c716bfa,7026842539221975203,cave4_140,Assets/Sprites/Tilesets/5399_tilesheet_cave4.png
0894e99e313abe54bb686ea74c716bfa,-3558287319723886022,cave4_141,Assets/Sprites/Tilesets/5399_tilesheet_cave4.png
0894e99e313abe54bb686ea74c716bfa,-8344083640052678453,cave4_142,Assets/Sprites/Tilesets/5399_tilesheet_cave4.png
0894e99e313abe54bb686ea74c716bfa,246296347441123025,cave4_143,Assets/Sprites/Tilesets/5399_tilesheet_cave4.png
0894e99e313abe54bb686ea74c716bfa,183212007095979961,cave4_144,Assets/Sprites/Tilesets/5399_tilesheet_cave4.png
0894e99e313abe54bb686ea74c716bfa,-2406893295983391241,cave4_145,Assets/Sprites/Tilesets/5399_tilesheet_cave4.png
0894e99e313abe54bb686ea74c716bfa,8680213767338256587,cave4_146,Assets/Sprites/Tilesets/5399_tilesheet_cave4.png
0894e99e313abe54bb686ea74c716bfa,-3839419028077224407,cave4_147,Assets/Sprites/Tilesets/5399_tilesheet_cave4.png
0894e99e313abe54bb686ea74c716bfa,-9186735260187993544,cave4_148,Assets/Sprites/Tilesets/5399_tilesheet_cave4.png
0894e99e313abe54bb686ea74c716bfa,-9016710347682217852,cave4_149,Assets/Sprites/Tilesets/5399_tilesheet_cave4.png
0894e99e313abe54bb686ea74c716bfa,-3144590571393297090,cave4_150,Assets/Sprites/Tilesets/5399_tilesheet_cave4.png
0894e99e313abe54bb686ea74c716bfa,-1869248515973406079,cave4_151,Assets/Sprites/Tilesets/5399_tilesheet_cave4.png
0894e99e313abe54bb686ea74c716bfa,1462365499702293984,cave4_152,Assets/Sprites/Tilesets/5399_tilesheet_cave4.png
0894e99e313abe54bb686ea74c716bfa,3117608474565576089,cave4_153,Assets/Sprites/Tilesets/5399_tilesheet_cave4.png
0894e99e313abe54bb686ea74c716bfa,4193222730039741841,cave4_154,Assets/Sprites/Tilesets/5399_tilesheet_cave4.png
0894e99e313abe54bb686ea74c716bfa,-952682199232832059,cave4_155,Assets/Sprites/Tilesets/5399_tilesheet_cave4.png
0894e99e313abe54bb686ea74c716bfa,-3213984598705551438,cave4_156,Assets/Sprites/Tilesets/5399_tilesheet_cave4.png
0894e99e313abe54bb686ea74c716bfa,-5307506109448168031,cave4_157,Assets/Sprites/Tilesets/5399_tilesheet_cave4.png
0894e99e313abe54bb686ea74c716bfa,6489871585197885851,cave4_158,Assets/Sprites/Tilesets/5399_tilesheet_cave4.png
0894e99e313abe54bb686ea74c716bfa,-5410082502029113031,cave4_159,Assets/Sprites/Tilesets/5399_tilesheet_cave4.png
0894e99e313abe54bb686ea74c716bfa,-8373222136145620632,cave4_160,Assets/Sprites/Tilesets/5399_tilesheet_cave4.png
0894e99e313abe54bb686ea74c716bfa,-2115457103611978337,cave4_161,Assets/Sprites/Tilesets/5399_tilesheet_cave4.png
0894e99e313abe54bb686ea74c716bfa,-7035195994024675113,cave4_162,Assets/Sprites/Tilesets/5399_tilesheet_cave4.png
0894e99e313abe54bb686ea74c716bfa,-5079105962311074511,cave4_163,Assets/Sprites/Tilesets/5399_tilesheet_cave4.png
0894e99e313abe54bb686ea74c716bfa,2733946097252187821,cave4_164,Assets/Sprites/Tilesets/5399_tilesheet_cave4.png
0894e99e313abe54bb686ea74c716bfa,7161397670792433542,cave4_165,Assets/Sprites/Tilesets/5399_tilesheet_cave4.png
0894e99e313abe54bb686ea74c716bfa,-6848136828857868286,cave4_166,Assets/Sprites/Tilesets/5399_tilesheet_cave4.png
0894e99e313abe54bb686ea74c716bfa,700863525252940799,cave4_167,Assets/Sprites/Tilesets/5399_tilesheet_cave4.png
0894e99e313abe54bb686ea74c716bfa,-3195476417298603316,cave4_168,Assets/Sprites/Tilesets/5399_tilesheet_cave4.png
0894e99e313abe54bb686ea74c716bfa,-7858491299808530786,cave4_169,Assets/Sprites/Tilesets/5399_tilesheet_cave4.png
0894e99e313abe54bb686ea74c716bfa,3739629566794811945,cave4_210,Assets/Sprites/Tilesets/5399_tilesheet_cave4.png
0894e99e313abe54bb686ea74c716bfa,312411451082320881,cave4_211,Assets/Sprites/Tilesets/5399_tilesheet_cave4.png
0894e99e313abe54bb686ea74c716bfa,7200636335243528347,cave4_212,Assets/Sprites/Tilesets/5399_tilesheet_cave4.png
0894e99e313abe54bb686ea74c716bfa,-3977800204531077332,cave4_213,Assets/Sprites/Tilesets/5399_tilesheet_cave4.png
0894e99e313abe54bb686ea74c716bfa,9018316408388942899,cave4_214,Assets/Sprites/Tilesets/5399_tilesheet_cave4.png
0894e99e313abe54bb686ea74c716bfa,-2570949691034005900,cave4_215,Assets/Sprites/Tilesets/5399_tilesheet_cave4.png
0894e99e313abe54bb686ea74c716bfa,2791595852367629972,cave4_216,Assets/Sprites/Tilesets/5399_tilesheet_cave4.png
0894e99e313abe54bb686ea74c716bfa,7560987481910819968,cave4_217,Assets/Sprites/Tilesets/5399_tilesheet_cave4.png
0894e99e313abe54bb686ea74c716bfa,8628016325019199391,cave4_218,Assets/Sprites/Tilesets/5399_tilesheet_cave4.png
0894e99e313abe54bb686ea74c716bfa,2294871103751515929,cave4_219,Assets/Sprites/Tilesets/5399_tilesheet_cave4.png
0894e99e313abe54bb686ea74c716bfa,-6167804180273747926,cave4_220,Assets/Sprites/Tilesets/5399_tilesheet_cave4.png
0894e99e313abe54bb686ea74c716bfa,863553802706296020,cave4_221,Assets/Sprites/Tilesets/5399_tilesheet_cave4.png
0894e99e313abe54bb686ea74c716bfa,-4227776513080790873,cave4_222,Assets/Sprites/Tilesets/5399_tilesheet_cave4.png
0894e99e313abe54bb686ea74c716bfa,-1126271621817865780,cave4_223,Assets/Sprites/Tilesets/5399_tilesheet_cave4.png
0894e99e313abe54bb686ea74c716bfa,7115231666849958538,cave4_224,Assets/Sprites/Tilesets/5399_tilesheet_cave4.png
0894e99e313abe54bb686ea74c716bfa,-2376931319762873690,cave4_225,Assets/Sprites/Tilesets/5399_tilesheet_cave4.png
0894e99e313abe54bb686ea74c716bfa,-609758178335434047,cave4_226,Assets/Sprites/Tilesets/5399_tilesheet_cave4.png
0894e99e313abe54bb686ea74c716bfa,-4405719728687186775,cave4_227,Assets/Sprites/Tilesets/5399_tilesheet_cave4.png
0894e99e313abe54bb686ea74c716bfa,6698147340294147897,cave4_228,Assets/Sprites/Tilesets/5399_tilesheet_cave4.png
0894e99e313abe54bb686ea74c716bfa,5365529030329516596,cave4_229,Assets/Sprites/Tilesets/5399_tilesheet_cave4.png
0894e99e313abe54bb686ea74c716bfa,-5126770328913247271,cave4_310,Assets/Sprites/Tilesets/5399_tilesheet_cave4.png
0894e99e313abe54bb686ea74c716bfa,7946168081469297458,cave4_311,Assets/Sprites/Tilesets/5399_tilesheet_cave4.png
0894e99e313abe54bb686ea74c716bfa,2527338040782231141,cave4_312,Assets/Sprites/Tilesets/5399_tilesheet_cave4.png
0894e99e313abe54bb686ea74c716bfa,-8435350848283442103,cave4_313,Assets/Sprites/Tilesets/5399_tilesheet_cave4.png
0894e99e313abe54bb686ea74c716bfa,4282322130146762943,cave4_314,Assets/Sprites/Tilesets/5399_tilesheet_cave4.png
0894e99e313abe54bb686ea74c716bfa,3682794847301178665,cave4_315,Assets/Sprites/Tilesets/5399_tilesheet_cave4.png
0894e99e313abe54bb686ea74c716bfa,1659778227345637010,cave4_316,Assets/Sprites/Tilesets/5399_tilesheet_cave4.png
0894e99e313abe54bb686ea74c716bfa,-7080128163828701033,cave4_317,Assets/Sprites/Tilesets/5399_tilesheet_cave4.png
0894e99e313abe54bb686ea74c716bfa,9125346741212962701,cave4_318,Assets/Sprites/Tilesets/5399_tilesheet_cave4.png
0894e99e313abe54bb686ea74c716bfa,5290670118394407882,cave4_319,Assets/Sprites/Tilesets/5399_tilesheet_cave4.png
0894e99e313abe54bb686ea74c716bfa,-201460538643699791,cave4_lava,Assets/Sprites/Tilesets/5399_tilesheet_cave4.png
0894e99e313abe54bb686ea74c716bfa,-4400644427685314254,cave4_water,Assets/Sprites/Tilesets/5399_tilesheet_cave4.png
0894e99e313abe54bb686ea74c716bfa,7055374874864954388,cave4_water_background,Assets/Sprites/Tilesets/5399_tilesheet_cave4.png
0894e99e313abe54bb686ea74c716bfa,8283533273962829627,cave4_water_backwall,Assets/Sprites/Tilesets/5399_tilesheet_cave4.png
0894e99e313abe54bb686ea74c716bfa,4392170440827130783,cave4_waterfall,Assets/Sprites/Tilesets/5399_tilesheet_cave4.png
58056c56faab4404280655d6e27c5d1f,-8655818156195654838,cave2_dream_10,Assets/Sprites/Tilesets/5400_tilesheet_cave2_dream.png
58056c56faab4404280655d6e27c5d1f,6346318911325233748,cave2_dream_11,Assets/Sprites/Tilesets/5400_tilesheet_cave2_dream.png
58056c56faab4404280655d6e27c5d1f,1840059084634729652,cave2_dream_12,Assets/Sprites/Tilesets/5400_tilesheet_cave2_dream.png
58056c56faab4404280655d6e27c5d1f,1127223760459724062,cave2_dream_13,Assets/Sprites/Tilesets/5400_tilesheet_cave2_dream.png
58056c56faab4404280655d6e27c5d1f,2450565909728410856,cave2_dream_14,Assets/Sprites/Tilesets/5400_tilesheet_cave2_dream.png
58056c56faab4404280655d6e27c5d1f,-3165705482850905674,cave2_dream_15,Assets/Sprites/Tilesets/5400_tilesheet_cave2_dream.png
58056c56faab4404280655d6e27c5d1f,-5774996654182199871,cave2_dream_16,Assets/Sprites/Tilesets/5400_tilesheet_cave2_dream.png
58056c56faab4404280655d6e27c5d1f,4443897450750874535,cave2_dream_17,Assets/Sprites/Tilesets/5400_tilesheet_cave2_dream.png
58056c56faab4404280655d6e27c5d1f,5661049957185019681,cave2_dream_18,Assets/Sprites/Tilesets/5400_tilesheet_cave2_dream.png
58056c56faab4404280655d6e27c5d1f,8474981341611232960,cave2_dream_19,Assets/Sprites/Tilesets/5400_tilesheet_cave2_dream.png
58056c56faab4404280655d6e27c5d1f,6836142153017594085,cave2_dream_20,Assets/Sprites/Tilesets/5400_tilesheet_cave2_dream.png
58056c56faab4404280655d6e27c5d1f,2185498278340178504,cave2_dream_21,Assets/Sprites/Tilesets/5400_tilesheet_cave2_dream.png
58056c56faab4404280655d6e27c5d1f,430984766625829748,cave2_dream_22,Assets/Sprites/Tilesets/5400_tilesheet_cave2_dream.png
58056c56faab4404280655d6e27c5d1f,2692228934559545928,cave2_dream_110,Assets/Sprites/Tilesets/5400_tilesheet_cave2_dream.png
58056c56faab4404280655d6e27c5d1f,8694305388649107506,cave2_dream_111,Assets/Sprites/Tilesets/5400_tilesheet_cave2_dream.png
58056c56faab4404280655d6e27c5d1f,-6908713535308251356,cave2_dream_112,Assets/Sprites/Tilesets/5400_tilesheet_cave2_dream.png
58056c56faab4404280655d6e27c5d1f,-4129235289053152723,cave2_dream_113,Assets/Sprites/Tilesets/5400_tilesheet_cave2_dream.png
58056c56faab4404280655d6e27c5d1f,-5468382029055465884,cave2_dream_114,Assets/Sprites/Tilesets/5400_tilesheet_cave2_dream.png
58056c56faab4404280655d6e27c5d1f,6734684633657039821,cave2_dream_115,Assets/Sprites/Tilesets/5400_tilesheet_cave2_dream.png
58056c56faab4404280655d6e27c5d1f,-5903299138629098404,cave2_dream_116,Assets/Sprites/Tilesets/5400_tilesheet_cave2_dream.png
58056c56faab4404280655d6e27c5d1f,-6398567975934360271,cave2_dream_117,Assets/Sprites/Tilesets/5400_tilesheet_cave2_dream.png
58056c56faab4404280655d6e27c5d1f,-8957284035257282584,cave2_dream_118,Assets/Sprites/Tilesets/5400_tilesheet_cave2_dream.png
58056c56faab4404280655d6e27c5d1f,-9138037040227770232,cave2_dream_119,Assets/Sprites/Tilesets/5400_tilesheet_cave2_dream.png
58056c56faab4404280655d6e27c5d1f,6287607311731213131,cave2_dream_120,Assets/Sprites/Tilesets/5400_tilesheet_cave2_dream.png
58056c56faab4404280655d6e27c5d1f,2425639911146021689,cave2_dream_121,Assets/Sprites/Tilesets/5400_tilesheet_cave2_dream.png
58056c56faab4404280655d6e27c5d1f,7293906268319233776,cave2_dream_122,Assets/Sprites/Tilesets/5400_tilesheet_cave2_dream.png
58056c56faab4404280655d6e27c5d1f,9174235224718242758,cave2_dream_123,Assets/Sprites/Tilesets/5400_tilesheet_cave2_dream.png
58056c56faab4404280655d6e27c5d1f,6312037128003990989,cave2_dream_124,Assets/Sprites/Tilesets/5400_tilesheet_cave2_dream.png
58056c56faab4404280655d6e27c5d1f,-3713311849071092161,cave2_dream_125,Assets/Sprites/Tilesets/5400_tilesheet_cave2_dream.png
58056c56faab4404280655d6e27c5d1f,3685152125961464965,cave2_dream_126,Assets/Sprites/Tilesets/5400_tilesheet_cave2_dream.png
58056c56faab4404280655d6e27c5d1f,3021946288986219864,cave2_dream_127,Assets/Sprites/Tilesets/5400_tilesheet_cave2_dream.png
58056c56faab4404280655d6e27c5d1f,821699465916322869,cave2_dream_128,Assets/Sprites/Tilesets/5400_tilesheet_cave2_dream.png
58056c56faab4404280655d6e27c5d1f,-8735441677112475752,cave2_dream_129,Assets/Sprites/Tilesets/5400_tilesheet_cave2_dream.png
58056c56faab4404280655d6e27c5d1f,-4400644427685314254,cave2_dream_water,Assets/Sprites/Tilesets/5400_tilesheet_cave2_dream.png
58056c56faab4404280655d6e27c5d1f,7055374874864954388,cave2_dream_water_background,Assets/Sprites/Tilesets/5400_tilesheet_cave2_dream.png
58056c56faab4404280655d6e27c5d1f,8283533273962829627,cave2_dream_water_backwall,Assets/Sprites/Tilesets/5400_tilesheet_cave2_dream.png
f72eaced73d1ce14494a6e73000188c9,-8655818156195654838,cave2_10,Assets/Sprites/Tilesets/5401_tilesheet_cave2.png
f72eaced73d1ce14494a6e73000188c9,6346318911325233748,cave2_11,Assets/Sprites/Tilesets/5401_tilesheet_cave2.png
f72eaced73d1ce14494a6e73000188c9,1840059084634729652,cave2_12,Assets/Sprites/Tilesets/5401_tilesheet_cave2.png
f72eaced73d1ce14494a6e73000188c9,1127223760459724062,cave2_13,Assets/Sprites/Tilesets/5401_tilesheet_cave2.png
f72eaced73d1ce14494a6e73000188c9,2450565909728410856,cave2_14,Assets/Sprites/Tilesets/5401_tilesheet_cave2.png
f72eaced73d1ce14494a6e73000188c9,-3165705482850905674,cave2_15,Assets/Sprites/Tilesets/5401_tilesheet_cave2.png
f72eaced73d1ce14494a6e73000188c9,-5774996654182199871,cave2_16,Assets/Sprites/Tilesets/5401_tilesheet_cave2.png
f72eaced73d1ce14494a6e73000188c9,4443897450750874535,cave2_17,Assets/Sprites/Tilesets/5401_tilesheet_cave2.png
f72eaced73d1ce14494a6e73000188c9,5661049957185019681,cave2_18,Assets/Sprites/Tilesets/5401_tilesheet_cave2.png
f72eaced73d1ce14494a6e73000188c9,8474981341611232960,cave2_19,Assets/Sprites/Tilesets/5401_tilesheet_cave2.png
f72eaced73d1ce14494a6e73000188c9,6836142153017594085,cave2_20,Assets/Sprites/Tilesets/5401_tilesheet_cave2.png
f72eaced73d1ce14494a6e73000188c9,2185498278340178504,cave2_21,Assets/Sprites/Tilesets/5401_tilesheet_cave2.png
f72eaced73d1ce14494a6e73000188c9,430984766625829748,cave2_22,Assets/Sprites/Tilesets/5401_tilesheet_cave2.png
f72eaced73d1ce14494a6e73000188c9,2692228934559545928,cave2_110,Assets/Sprites/Tilesets/5401_tilesheet_cave2.png
f72eaced73d1ce14494a6e73000188c9,8694305388649107506,cave2_111,Assets/Sprites/Tilesets/5401_tilesheet_cave2.png
f72eaced73d1ce14494a6e73000188c9,-6908713535308251356,cave2_112,Assets/Sprites/Tilesets/5401_tilesheet_cave2.png
f72eaced73d1ce14494a6e73000188c9,-4129235289053152723,cave2_113,Assets/Sprites/Tilesets/5401_tilesheet_cave2.png
f72eaced73d1ce14494a6e73000188c9,-5468382029055465884,cave2_114,Assets/Sprites/Tilesets/5401_tilesheet_cave2.png
f72eaced73d1ce14494a6e73000188c9,6734684633657039821,cave2_115,Assets/Sprites/Tilesets/5401_tilesheet_cave2.png
f72eaced73d1ce14494a6e73000188c9,-5903299138629098404,cave2_116,Assets/Sprites/Tilesets/5401_tilesheet_cave2.png
f72eaced73d1ce14494a6e73000188c9,-6398567975934360271,cave2_117,Assets/Sprites/Tilesets/5401_tilesheet_cave2.png
f72eaced73d1ce14494a6e73000188c9,-8957284035257282584,cave2_118,Assets/Sprites/Tilesets/5401_tilesheet_cave2.png
f72eaced73d1ce14494a6e73000188c9,-9138037040227770232,cave2_119,Assets/Sprites/Tilesets/5401_tilesheet_cave2.png
f72eaced73d1ce14494a6e73000188c9,6287607311731213131,cave2_120,Assets/Sprites/Tilesets/5401_tilesheet_cave2.png
f72eaced73d1ce14494a6e73000188c9,2425639911146021689,cave2_121,Assets/Sprites/Tilesets/5401_tilesheet_cave2.png
f72eaced73d1ce14494a6e73000188c9,7293906268319233776,cave2_122,Assets/Sprites/Tilesets/5401_tilesheet_cave2.png
f72eaced73d1ce14494a6e73000188c9,9174235224718242758,cave2_123,Assets/Sprites/Tilesets/5401_tilesheet_cave2.png
f72eaced73d1ce14494a6e73000188c9,6312037128003990989,cave2_124,Assets/Sprites/Tilesets/5401_tilesheet_cave2.png
f72eaced73d1ce14494a6e73000188c9,-3713311849071092161,cave2_125,Assets/Sprites/Tilesets/5401_tilesheet_cave2.png
f72eaced73d1ce14494a6e73000188c9,3685152125961464965,cave2_126,Assets/Sprites/Tilesets/5401_tilesheet_cave2.png
f72eaced73d1ce14494a6e73000188c9,3021946288986219864,cave2_127,Assets/Sprites/Tilesets/5401_tilesheet_cave2.png
f72eaced73d1ce14494a6e73000188c9,821699465916322869,cave2_128,Assets/Sprites/Tilesets/5401_tilesheet_cave2.png
f72eaced73d1ce14494a6e73000188c9,-8735441677112475752,cave2_129,Assets/Sprites/Tilesets/5401_tilesheet_cave2.png
f72eaced73d1ce14494a6e73000188c9,-4400644427685314254,cave2_water,Assets/Sprites/Tilesets/5401_tilesheet_cave2.png
f72eaced73d1ce14494a6e73000188c9,7055374874864954388,cave2_water_background,Assets/Sprites/Tilesets/5401_tilesheet_cave2.png
f72eaced73d1ce14494a6e73000188c9,8283533273962829627,cave2_water_backwall,Assets/Sprites/Tilesets/5401_tilesheet_cave2.png
f37a8fea78bda3647b6f17a57668886a,-8655818156195654838,cave_aqua_10,Assets/Sprites/Tilesets/5402_tilesheet_cave_aqua.png
f37a8fea78bda3647b6f17a57668886a,6346318911325233748,cave_aqua_11,Assets/Sprites/Tilesets/5402_tilesheet_cave_aqua.png
f37a8fea78bda3647b6f17a57668886a,1840059084634729652,cave_aqua_12,Assets/Sprites/Tilesets/5402_tilesheet_cave_aqua.png
f37a8fea78bda3647b6f17a57668886a,1127223760459724062,cave_aqua_13,Assets/Sprites/Tilesets/5402_tilesheet_cave_aqua.png
f37a8fea78bda3647b6f17a57668886a,2450565909728410856,cave_aqua_14,Assets/Sprites/Tilesets/5402_tilesheet_cave_aqua.png
f37a8fea78bda3647b6f17a57668886a,-3165705482850905674,cave_aqua_15,Assets/Sprites/Tilesets/5402_tilesheet_cave_aqua.png
f37a8fea78bda3647b6f17a57668886a,-5774996654182199871,cave_aqua_16,Assets/Sprites/Tilesets/5402_tilesheet_cave_aqua.png
f37a8fea78bda3647b6f17a57668886a,4443897450750874535,cave_aqua_17,Assets/Sprites/Tilesets/5402_tilesheet_cave_aqua.png
f37a8fea78bda3647b6f17a57668886a,5661049957185019681,cave_aqua_18,Assets/Sprites/Tilesets/5402_tilesheet_cave_aqua.png
f37a8fea78bda3647b6f17a57668886a,8474981341611232960,cave_aqua_19,Assets/Sprites/Tilesets/5402_tilesheet_cave_aqua.png
f37a8fea78bda3647b6f17a57668886a,6836142153017594085,cave_aqua_20,Assets/Sprites/Tilesets/5402_tilesheet_cave_aqua.png
f37a8fea78bda3647b6f17a57668886a,2185498278340178504,cave_aqua_21,Assets/Sprites/Tilesets/5402_tilesheet_cave_aqua.png
f37a8fea78bda3647b6f17a57668886a,430984766625829748,cave_aqua_22,Assets/Sprites/Tilesets/5402_tilesheet_cave_aqua.png
f37a8fea78bda3647b6f17a57668886a,-1317986280940093683,cave_aqua_23,Assets/Sprites/Tilesets/5402_tilesheet_cave_aqua.png
f37a8fea78bda3647b6f17a57668886a,-8326724806951850010,cave_aqua_24,Assets/Sprites/Tilesets/5402_tilesheet_cave_aqua.png
f37a8fea78bda3647b6f17a57668886a,2692228934559545928,cave_aqua_110,Assets/Sprites/Tilesets/5402_tilesheet_cave_aqua.png
f37a8fea78bda3647b6f17a57668886a,8694305388649107506,cave_aqua_111,Assets/Sprites/Tilesets/5402_tilesheet_cave_aqua.png
f37a8fea78bda3647b6f17a57668886a,-6908713535308251356,cave_aqua_112,Assets/Sprites/Tilesets/5402_tilesheet_cave_aqua.png
f37a8fea78bda3647b6f17a57668886a,-4129235289053152723,cave_aqua_113,Assets/Sprites/Tilesets/5402_tilesheet_cave_aqua.png
f37a8fea78bda3647b6f17a57668886a,-5468382029055465884,cave_aqua_114,Assets/Sprites/Tilesets/5402_tilesheet_cave_aqua.png
f37a8fea78bda3647b6f17a57668886a,6734684633657039821,cave_aqua_115,Assets/Sprites/Tilesets/5402_tilesheet_cave_aqua.png
f37a8fea78bda3647b6f17a57668886a,-5903299138629098404,cave_aqua_116,Assets/Sprites/Tilesets/5402_tilesheet_cave_aqua.png
f37a8fea78bda3647b6f17a57668886a,-6398567975934360271,cave_aqua_117,Assets/Sprites/Tilesets/5402_tilesheet_cave_aqua.png
f37a8fea78bda3647b6f17a57668886a,-8957284035257282584,cave_aqua_118,Assets/Sprites/Tilesets/5402_tilesheet_cave_aqua.png
f37a8fea78bda3647b6f17a57668886a,-9138037040227770232,cave_aqua_119,Assets/Sprites/Tilesets/5402_tilesheet_cave_aqua.png
f37a8fea78bda3647b6f17a57668886a,6287607311731213131,cave_aqua_120,Assets/Sprites/Tilesets/5402_tilesheet_cave_aqua.png
f37a8fea78bda3647b6f17a57668886a,2425639911146021689,cave_aqua_121,Assets/Sprites/Tilesets/5402_tilesheet_cave_aqua.png
f37a8fea78bda3647b6f17a57668886a,7293906268319233776,cave_aqua_122,Assets/Sprites/Tilesets/5402_tilesheet_cave_aqua.png
f37a8fea78bda3647b6f17a57668886a,9174235224718242758,cave_aqua_123,Assets/Sprites/Tilesets/5402_tilesheet_cave_aqua.png
f37a8fea78bda3647b6f17a57668886a,6312037128003990989,cave_aqua_124,Assets/Sprites/Tilesets/5402_tilesheet_cave_aqua.png
f37a8fea78bda3647b6f17a57668886a,-3713311849071092161,cave_aqua_125,Assets/Sprites/Tilesets/5402_tilesheet_cave_aqua.png
f37a8fea78bda3647b6f17a57668886a,3685152125961464965,cave_aqua_126,Assets/Sprites/Tilesets/5402_tilesheet_cave_aqua.png
f37a8fea78bda3647b6f17a57668886a,3021946288986219864,cave_aqua_127,Assets/Sprites/Tilesets/5402_tilesheet_cave_aqua.png
f37a8fea78bda3647b6f17a57668886a,821699465916322869,cave_aqua_128,Assets/Sprites/Tilesets/5402_tilesheet_cave_aqua.png
f37a8fea78bda3647b6f17a57668886a,-8735441677112475752,cave_aqua_129,Assets/Sprites/Tilesets/5402_tilesheet_cave_aqua.png
f37a8fea78bda3647b6f17a57668886a,162189906751378928,cave_aqua_130,Assets/Sprites/Tilesets/5402_tilesheet_cave_aqua.png
f37a8fea78bda3647b6f17a57668886a,2551518094793869659,cave_aqua_131,Assets/Sprites/Tilesets/5402_tilesheet_cave_aqua.png
f37a8fea78bda3647b6f17a57668886a,7564170298869451445,cave_aqua_132,Assets/Sprites/Tilesets/5402_tilesheet_cave_aqua.png
f37a8fea78bda3647b6f17a57668886a,-5763829074529255567,cave_aqua_133,Assets/Sprites/Tilesets/5402_tilesheet_cave_aqua.png
f37a8fea78bda3647b6f17a57668886a,1524157299721021891,cave_aqua_134,Assets/Sprites/Tilesets/5402_tilesheet_cave_aqua.png
f37a8fea78bda3647b6f17a57668886a,-1583898042935591190,cave_aqua_135,Assets/Sprites/Tilesets/5402_tilesheet_cave_aqua.png
f37a8fea78bda3647b6f17a57668886a,-3505167688332446886,cave_aqua_136,Assets/Sprites/Tilesets/5402_tilesheet_cave_aqua.png
f37a8fea78bda3647b6f17a57668886a,-6066770748219408245,cave_aqua_137,Assets/Sprites/Tilesets/5402_tilesheet_cave_aqua.png
f37a8fea78bda3647b6f17a57668886a,6489610241198286182,cave_aqua_138,Assets/Sprites/Tilesets/5402_tilesheet_cave_aqua.png
f37a8fea78bda3647b6f17a57668886a,1641813613071775055,cave_aqua_139,Assets/Sprites/Tilesets/5402_tilesheet_cave_aqua.png
f37a8fea78bda3647b6f17a57668886a,3739629566794811945,cave_aqua_210,Assets/Sprites/Tilesets/5402_tilesheet_cave_aqua.png
f37a8fea78bda3647b6f17a57668886a,312411451082320881,cave_aqua_211,Assets/Sprites/Tilesets/5402_tilesheet_cave_aqua.png
f37a8fea78bda3647b6f17a57668886a,7200636335243528347,cave_aqua_212,Assets/Sprites/Tilesets/5402_tilesheet_cave_aqua.png
f37a8fea78bda3647b6f17a57668886a,-3977800204531077332,cave_aqua_213,Assets/Sprites/Tilesets/5402_tilesheet_cave_aqua.png
f37a8fea78bda3647b6f17a57668886a,9018316408388942899,cave_aqua_214,Assets/Sprites/Tilesets/5402_tilesheet_cave_aqua.png
f37a8fea78bda3647b6f17a57668886a,-201460538643699791,cave_aqua_lava,Assets/Sprites/Tilesets/5402_tilesheet_cave_aqua.png
f37a8fea78bda3647b6f17a57668886a,-4400644427685314254,cave_aqua_water,Assets/Sprites/Tilesets/5402_tilesheet_cave_aqua.png
f37a8fea78bda3647b6f17a57668886a,7055374874864954388,cave_aqua_water_background,Assets/Sprites/Tilesets/5402_tilesheet_cave_aqua.png
f37a8fea78bda3647b6f17a57668886a,8283533273962829627,cave_aqua_water_backwall,Assets/Sprites/Tilesets/5402_tilesheet_cave_aqua.png
f37a8fea78bda3647b6f17a57668886a,4392170440827130783,cave_aqua_waterfall,Assets/Sprites/Tilesets/5402_tilesheet_cave_aqua.png
04ef56a8d1502bd40bf1b67632f360b9,-8655818156195654838,catacombs_10,Assets/Sprites/Tilesets/5403_tilesheet_catacombs.png
04ef56a8d1502bd40bf1b67632f360b9,6346318911325233748,catacombs_11,Assets/Sprites/Tilesets/5403_tilesheet_catacombs.png
04ef56a8d1502bd40bf1b67632f360b9,1840059084634729652,catacombs_12,Assets/Sprites/Tilesets/5403_tilesheet_catacombs.png
04ef56a8d1502bd40bf1b67632f360b9,1127223760459724062,catacombs_13,Assets/Sprites/Tilesets/5403_tilesheet_catacombs.png
04ef56a8d1502bd40bf1b67632f360b9,2450565909728410856,catacombs_14,Assets/Sprites/Tilesets/5403_tilesheet_catacombs.png
04ef56a8d1502bd40bf1b67632f360b9,-3165705482850905674,catacombs_15,Assets/Sprites/Tilesets/5403_tilesheet_catacombs.png
04ef56a8d1502bd40bf1b67632f360b9,-5774996654182199871,catacombs_16,Assets/Sprites/Tilesets/5403_tilesheet_catacombs.png
04ef56a8d1502bd40bf1b67632f360b9,4443897450750874535,catacombs_17,Assets/Sprites/Tilesets/5403_tilesheet_catacombs.png
04ef56a8d1502bd40bf1b67632f360b9,5661049957185019681,catacombs_18,Assets/Sprites/Tilesets/5403_tilesheet_catacombs.png
04ef56a8d1502bd40bf1b67632f360b9,8474981341611232960,catacombs_19,Assets/Sprites/Tilesets/5403_tilesheet_catacombs.png
04ef56a8d1502bd40bf1b67632f360b9,6836142153017594085,catacombs_20,Assets/Sprites/Tilesets/5403_tilesheet_catacombs.png
04ef56a8d1502bd40bf1b67632f360b9,2185498278340178504,catacombs_21,Assets/Sprites/Tilesets/5403_tilesheet_catacombs.png
04ef56a8d1502bd40bf1b67632f360b9,430984766625829748,catacombs_22,Assets/Sprites/Tilesets/5403_tilesheet_catacombs.png
04ef56a8d1502bd40bf1b67632f360b9,-1317986280940093683,catacombs_23,Assets/Sprites/Tilesets/5403_tilesheet_catacombs.png
04ef56a8d1502bd40bf1b67632f360b9,-8326724806951850010,catacombs_24,Assets/Sprites/Tilesets/5403_tilesheet_catacombs.png
04ef56a8d1502bd40bf1b67632f360b9,8914089594741642868,catacombs_25,Assets/Sprites/Tilesets/5403_tilesheet_catacombs.png
04ef56a8d1502bd40bf1b67632f360b9,2692228934559545928,catacombs_110,Assets/Sprites/Tilesets/5403_tilesheet_catacombs.png
04ef56a8d1502bd40bf1b67632f360b9,8694305388649107506,catacombs_111,Assets/Sprites/Tilesets/5403_tilesheet_catacombs.png
04ef56a8d1502bd40bf1b67632f360b9,-6908713535308251356,catacombs_112,Assets/Sprites/Tilesets/5403_tilesheet_catacombs.png
04ef56a8d1502bd40bf1b67632f360b9,-4129235289053152723,catacombs_113,Assets/Sprites/Tilesets/5403_tilesheet_catacombs.png
04ef56a8d1502bd40bf1b67632f360b9,-5468382029055465884,catacombs_114,Assets/Sprites/Tilesets/5403_tilesheet_catacombs.png
04ef56a8d1502bd40bf1b67632f360b9,6734684633657039821,catacombs_115,Assets/Sprites/Tilesets/5403_tilesheet_catacombs.png
04ef56a8d1502bd40bf1b67632f360b9,-5903299138629098404,catacombs_116,Assets/Sprites/Tilesets/5403_tilesheet_catacombs.png
04ef56a8d1502bd40bf1b67632f360b9,-6398567975934360271,catacombs_117,Assets/Sprites/Tilesets/5403_tilesheet_catacombs.png
04ef56a8d1502bd40bf1b67632f360b9,-8957284035257282584,catacombs_118,Assets/Sprites/Tilesets/5403_tilesheet_catacombs.png
04ef56a8d1502bd40bf1b67632f360b9,-9138037040227770232,catacombs_119,Assets/Sprites/Tilesets/5403_tilesheet_catacombs.png
04ef56a8d1502bd40bf1b67632f360b9,6287607311731213131,catacombs_120,Assets/Sprites/Tilesets/5403_tilesheet_catacombs.png
04ef56a8d1502bd40bf1b67632f360b9,2425639911146021689,catacombs_121,Assets/Sprites/Tilesets/5403_tilesheet_catacombs.png
04ef56a8d1502bd40bf1b67632f360b9,7293906268319233776,catacombs_122,Assets/Sprites/Tilesets/5403_tilesheet_catacombs.png
04ef56a8d1502bd40bf1b67632f360b9,9174235224718242758,catacombs_123,Assets/Sprites/Tilesets/5403_tilesheet_catacombs.png
04ef56a8d1502bd40bf1b67632f360b9,6312037128003990989,catacombs_124,Assets/Sprites/Tilesets/5403_tilesheet_catacombs.png
04ef56a8d1502bd40bf1b67632f360b9,-3713311849071092161,catacombs_125,Assets/Sprites/Tilesets/5403_tilesheet_catacombs.png
04ef56a8d1502bd40bf1b67632f360b9,3685152125961464965,catacombs_126,Assets/Sprites/Tilesets/5403_tilesheet_catacombs.png
04ef56a8d1502bd40bf1b67632f360b9,3021946288986219864,catacombs_127,Assets/Sprites/Tilesets/5403_tilesheet_catacombs.png
04ef56a8d1502bd40bf1b67632f360b9,821699465916322869,catacombs_128,Assets/Sprites/Tilesets/5403_tilesheet_catacombs.png
04ef56a8d1502bd40bf1b67632f360b9,-8735441677112475752,catacombs_129,Assets/Sprites/Tilesets/5403_tilesheet_catacombs.png
04ef56a8d1502bd40bf1b67632f360b9,162189906751378928,catacombs_130,Assets/Sprites/Tilesets/5403_tilesheet_catacombs.png
04ef56a8d1502bd40bf1b67632f360b9,2551518094793869659,catacombs_131,Assets/Sprites/Tilesets/5403_tilesheet_catacombs.png
04ef56a8d1502bd40bf1b67632f360b9,7564170298869451445,catacombs_132,Assets/Sprites/Tilesets/5403_tilesheet_catacombs.png
04ef56a8d1502bd40bf1b67632f360b9,-5763829074529255567,catacombs_133,Assets/Sprites/Tilesets/5403_tilesheet_catacombs.png
04ef56a8d1502bd40bf1b67632f360b9,1524157299721021891,catacombs_134,Assets/Sprites/Tilesets/5403_tilesheet_catacombs.png
04ef56a8d1502bd40bf1b67632f360b9,-1583898042935591190,catacombs_135,Assets/Sprites/Tilesets/5403_tilesheet_catacombs.png
04ef56a8d1502bd40bf1b67632f360b9,-3505167688332446886,catacombs_136,Assets/Sprites/Tilesets/5403_tilesheet_catacombs.png
04ef56a8d1502bd40bf1b67632f360b9,-6066770748219408245,catacombs_137,Assets/Sprites/Tilesets/5403_tilesheet_catacombs.png
04ef56a8d1502bd40bf1b67632f360b9,6489610241198286182,catacombs_138,Assets/Sprites/Tilesets/5403_tilesheet_catacombs.png
04ef56a8d1502bd40bf1b67632f360b9,1641813613071775055,catacombs_139,Assets/Sprites/Tilesets/5403_tilesheet_catacombs.png
04ef56a8d1502bd40bf1b67632f360b9,3739629566794811945,catacombs_210,Assets/Sprites/Tilesets/5403_tilesheet_catacombs.png
04ef56a8d1502bd40bf1b67632f360b9,312411451082320881,catacombs_211,Assets/Sprites/Tilesets/5403_tilesheet_catacombs.png
04ef56a8d1502bd40bf1b67632f360b9,7200636335243528347,catacombs_212,Assets/Sprites/Tilesets/5403_tilesheet_catacombs.png
04ef56a8d1502bd40bf1b67632f360b9,-3977800204531077332,catacombs_213,Assets/Sprites/Tilesets/5403_tilesheet_catacombs.png
04ef56a8d1502bd40bf1b67632f360b9,9018316408388942899,catacombs_214,Assets/Sprites/Tilesets/5403_tilesheet_catacombs.png
04ef56a8d1502bd40bf1b67632f360b9,-2570949691034005900,catacombs_215,Assets/Sprites/Tilesets/5403_tilesheet_catacombs.png
04ef56a8d1502bd40bf1b67632f360b9,-201460538643699791,catacombs_lava,Assets/Sprites/Tilesets/5403_tilesheet_catacombs.png
04ef56a8d1502bd40bf1b67632f360b9,-4400644427685314254,catacombs_water,Assets/Sprites/Tilesets/5403_tilesheet_catacombs.png
04ef56a8d1502bd40bf1b67632f360b9,7055374874864954388,catacombs_water_background,Assets/Sprites/Tilesets/5403_tilesheet_catacombs.png
04ef56a8d1502bd40bf1b67632f360b9,8283533273962829627,catacombs_water_backwall,Assets/Sprites/Tilesets/5403_tilesheet_catacombs.png
04ef56a8d1502bd40bf1b67632f360b9,4392170440827130783,catacombs_waterfall,Assets/Sprites/Tilesets/5403_tilesheet_catacombs.png
a4be887344788224192011247b705065,-8655818156195654838,castle_10,Assets/Sprites/Tilesets/5404_tilesheet_castle.png
a4be887344788224192011247b705065,6346318911325233748,castle_11,Assets/Sprites/Tilesets/5404_tilesheet_castle.png
a4be887344788224192011247b705065,1840059084634729652,castle_12,Assets/Sprites/Tilesets/5404_tilesheet_castle.png
a4be887344788224192011247b705065,1127223760459724062,castle_13,Assets/Sprites/Tilesets/5404_tilesheet_castle.png
a4be887344788224192011247b705065,2450565909728410856,castle_14,Assets/Sprites/Tilesets/5404_tilesheet_castle.png
a4be887344788224192011247b705065,-3165705482850905674,castle_15,Assets/Sprites/Tilesets/5404_tilesheet_castle.png
a4be887344788224192011247b705065,-5774996654182199871,castle_16,Assets/Sprites/Tilesets/5404_tilesheet_castle.png
a4be887344788224192011247b705065,4443897450750874535,castle_17,Assets/Sprites/Tilesets/5404_tilesheet_castle.png
a4be887344788224192011247b705065,5661049957185019681,castle_18,Assets/Sprites/Tilesets/5404_tilesheet_castle.png
a4be887344788224192011247b705065,8474981341611232960,castle_19,Assets/Sprites/Tilesets/5404_tilesheet_castle.png
a4be887344788224192011247b705065,6836142153017594085,castle_20,Assets/Sprites/Tilesets/5404_tilesheet_castle.png
a4be887344788224192011247b705065,2185498278340178504,castle_21,Assets/Sprites/Tilesets/5404_tilesheet_castle.png
a4be887344788224192011247b705065,430984766625829748,castle_22,Assets/Sprites/Tilesets/5404_tilesheet_castle.png
a4be887344788224192011247b705065,-1317986280940093683,castle_23,Assets/Sprites/Tilesets/5404_tilesheet_castle.png
a4be887344788224192011247b705065,-8326724806951850010,castle_24,Assets/Sprites/Tilesets/5404_tilesheet_castle.png
a4be887344788224192011247b705065,8914089594741642868,castle_25,Assets/Sprites/Tilesets/5404_tilesheet_castle.png
a4be887344788224192011247b705065,276181914589855336,castle_26,Assets/Sprites/Tilesets/5404_tilesheet_castle.png
a4be887344788224192011247b705065,588497054336764479,castle_27,Assets/Sprites/Tilesets/5404_tilesheet_castle.png
a4be887344788224192011247b705065,-540048619370252142,castle_28,Assets/Sprites/Tilesets/5404_tilesheet_castle.png
a4be887344788224192011247b705065,-3511060238418154924,castle_29,Assets/Sprites/Tilesets/5404_tilesheet_castle.png
a4be887344788224192011247b705065,-6691012767228139306,castle_30,Assets/Sprites/Tilesets/5404_tilesheet_castle.png
a4be887344788224192011247b705065,8251907811329543855,castle_31,Assets/Sprites/Tilesets/5404_tilesheet_castle.png
a4be887344788224192011247b705065,-8946788012438720712,castle_32,Assets/Sprites/Tilesets/5404_tilesheet_castle.png
a4be887344788224192011247b705065,-3538851436377425636,castle_33,Assets/Sprites/Tilesets/5404_tilesheet_castle.png
a4be887344788224192011247b705065,5837620518785745679,castle_34,Assets/Sprites/Tilesets/5404_tilesheet_castle.png
a4be887344788224192011247b705065,735763825654373507,castle_35,Assets/Sprites/Tilesets/5404_tilesheet_castle.png
a4be887344788224192011247b705065,-6766607325196344940,castle_36,Assets/Sprites/Tilesets/5404_tilesheet_castle.png
a4be887344788224192011247b705065,7123294266852565953,castle_37,Assets/Sprites/Tilesets/5404_tilesheet_castle.png
a4be887344788224192011247b705065,1812952166184403864,castle_38,Assets/Sprites/Tilesets/5404_tilesheet_castle.png
a4be887344788224192011247b705065,765628930423093814,castle_39,Assets/Sprites/Tilesets/5404_tilesheet_castle.png
a4be887344788224192011247b705065,2692228934559545928,castle_110,Assets/Sprites/Tilesets/5404_tilesheet_castle.png
a4be887344788224192011247b705065,8694305388649107506,castle_111,Assets/Sprites/Tilesets/5404_tilesheet_castle.png
a4be887344788224192011247b705065,-6908713535308251356,castle_112,Assets/Sprites/Tilesets/5404_tilesheet_castle.png
a4be887344788224192011247b705065,-4129235289053152723,castle_113,Assets/Sprites/Tilesets/5404_tilesheet_castle.png
a4be887344788224192011247b705065,-5468382029055465884,castle_114,Assets/Sprites/Tilesets/5404_tilesheet_castle.png
a4be887344788224192011247b705065,6734684633657039821,castle_115,Assets/Sprites/Tilesets/5404_tilesheet_castle.png
a4be887344788224192011247b705065,-5903299138629098404,castle_116,Assets/Sprites/Tilesets/5404_tilesheet_castle.png
a4be887344788224192011247b705065,-6398567975934360271,castle_117,Assets/Sprites/Tilesets/5404_tilesheet_castle.png
a4be887344788224192011247b705065,-8957284035257282584,castle_118,Assets/Sprites/Tilesets/5404_tilesheet_castle.png
a4be887344788224192011247b705065,-9138037040227770232,castle_119,Assets/Sprites/Tilesets/5404_tilesheet_castle.png
a4be887344788224192011247b705065,6287607311731213131,castle_120,Assets/Sprites/Tilesets/5404_tilesheet_castle.png
a4be887344788224192011247b705065,2425639911146021689,castle_121,Assets/Sprites/Tilesets/5404_tilesheet_castle.png
a4be887344788224192011247b705065,7293906268319233776,castle_122,Assets/Sprites/Tilesets/5404_tilesheet_castle.png
a4be887344788224192011247b705065,9174235224718242758,castle_123,Assets/Sprites/Tilesets/5404_tilesheet_castle.png
a4be887344788224192011247b705065,6312037128003990989,castle_124,Assets/Sprites/Tilesets/5404_tilesheet_castle.png
a4be887344788224192011247b705065,-3713311849071092161,castle_125,Assets/Sprites/Tilesets/5404_tilesheet_castle.png
a4be887344788224192011247b705065,3685152125961464965,castle_126,Assets/Sprites/Tilesets/5404_tilesheet_castle.png
a4be887344788224192011247b705065,3021946288986219864,castle_127,Assets/Sprites/Tilesets/5404_tilesheet_castle.png
a4be887344788224192011247b705065,821699465916322869,castle_128,Assets/Sprites/Tilesets/5404_tilesheet_castle.png
a4be887344788224192011247b705065,-8735441677112475752,castle_129,Assets/Sprites/Tilesets/5404_tilesheet_castle.png
a4be887344788224192011247b705065,-201460538643699791,castle_lava,Assets/Sprites/Tilesets/5404_tilesheet_castle.png
a4be887344788224192011247b705065,-4400644427685314254,castle_water,Assets/Sprites/Tilesets/5404_tilesheet_castle.png
a4be887344788224192011247b705065,7055374874864954388,castle_water_background,Assets/Sprites/Tilesets/5404_tilesheet_castle.png
a4be887344788224192011247b705065,8283533273962829627,castle_water_backwall,Assets/Sprites/Tilesets/5404_tilesheet_castle.png
a4be887344788224192011247b705065,4392170440827130783,castle_waterfall,Assets/Sprites/Tilesets/5404_tilesheet_castle.png
4c6473263ac0fb84797b4bd1b5f1b740,-8655818156195654838,astral_10,Assets/Sprites/Tilesets/5405_tilesheet_astral.png
4c6473263ac0fb84797b4bd1b5f1b740,6346318911325233748,astral_11,Assets/Sprites/Tilesets/5405_tilesheet_astral.png
4c6473263ac0fb84797b4bd1b5f1b740,1840059084634729652,astral_12,Assets/Sprites/Tilesets/5405_tilesheet_astral.png
4c6473263ac0fb84797b4bd1b5f1b740,1127223760459724062,astral_13,Assets/Sprites/Tilesets/5405_tilesheet_astral.png
aac79f50ff40c844da32a249d69941e8,-8655818156195654838,aeropolis_10,Assets/Sprites/Tilesets/5406_tilesheet_aeropolis.png
aac79f50ff40c844da32a249d69941e8,6346318911325233748,aeropolis_11,Assets/Sprites/Tilesets/5406_tilesheet_aeropolis.png
aac79f50ff40c844da32a249d69941e8,1840059084634729652,aeropolis_12,Assets/Sprites/Tilesets/5406_tilesheet_aeropolis.png
aac79f50ff40c844da32a249d69941e8,1127223760459724062,aeropolis_13,Assets/Sprites/Tilesets/5406_tilesheet_aeropolis.png
aac79f50ff40c844da32a249d69941e8,2450565909728410856,aeropolis_14,Assets/Sprites/Tilesets/5406_tilesheet_aeropolis.png
aac79f50ff40c844da32a249d69941e8,-3165705482850905674,aeropolis_15,Assets/Sprites/Tilesets/5406_tilesheet_aeropolis.png
aac79f50ff40c844da32a249d69941e8,-5774996654182199871,aeropolis_16,Assets/Sprites/Tilesets/5406_tilesheet_aeropolis.png
aac79f50ff40c844da32a249d69941e8,4443897450750874535,aeropolis_17,Assets/Sprites/Tilesets/5406_tilesheet_aeropolis.png
aac79f50ff40c844da32a249d69941e8,5661049957185019681,aeropolis_18,Assets/Sprites/Tilesets/5406_tilesheet_aeropolis.png
aac79f50ff40c844da32a249d69941e8,8474981341611232960,aeropolis_19,Assets/Sprites/Tilesets/5406_tilesheet_aeropolis.png
aac79f50ff40c844da32a249d69941e8,6836142153017594085,aeropolis_20,Assets/Sprites/Tilesets/5406_tilesheet_aeropolis.png
aac79f50ff40c844da32a249d69941e8,2185498278340178504,aeropolis_21,Assets/Sprites/Tilesets/5406_tilesheet_aeropolis.png
aac79f50ff40c844da32a249d69941e8,430984766625829748,aeropolis_22,Assets/Sprites/Tilesets/5406_tilesheet_aeropolis.png
aac79f50ff40c844da32a249d69941e8,-1317986280940093683,aeropolis_23,Assets/Sprites/Tilesets/5406_tilesheet_aeropolis.png
aac79f50ff40c844da32a249d69941e8,-8326724806951850010,aeropolis_24,Assets/Sprites/Tilesets/5406_tilesheet_aeropolis.png
aac79f50ff40c844da32a249d69941e8,8914089594741642868,aeropolis_25,Assets/Sprites/Tilesets/5406_tilesheet_aeropolis.png
aac79f50ff40c844da32a249d69941e8,276181914589855336,aeropolis_26,Assets/Sprites/Tilesets/5406_tilesheet_aeropolis.png
aac79f50ff40c844da32a249d69941e8,588497054336764479,aeropolis_27,Assets/Sprites/Tilesets/5406_tilesheet_aeropolis.png
aac79f50ff40c844da32a249d69941e8,-540048619370252142,aeropolis_28,Assets/Sprites/Tilesets/5406_tilesheet_aeropolis.png
aac79f50ff40c844da32a249d69941e8,-3511060238418154924,aeropolis_29,Assets/Sprites/Tilesets/5406_tilesheet_aeropolis.png
aac79f50ff40c844da32a249d69941e8,-6691012767228139306,aeropolis_30,Assets/Sprites/Tilesets/5406_tilesheet_aeropolis.png
aac79f50ff40c844da32a249d69941e8,8251907811329543855,aeropolis_31,Assets/Sprites/Tilesets/5406_tilesheet_aeropolis.png
aac79f50ff40c844da32a249d69941e8,-8946788012438720712,aeropolis_32,Assets/Sprites/Tilesets/5406_tilesheet_aeropolis.png
aac79f50ff40c844da32a249d69941e8,-3538851436377425636,aeropolis_33,Assets/Sprites/Tilesets/5406_tilesheet_aeropolis.png
aac79f50ff40c844da32a249d69941e8,5837620518785745679,aeropolis_34,Assets/Sprites/Tilesets/5406_tilesheet_aeropolis.png
aac79f50ff40c844da32a249d69941e8,735763825654373507,aeropolis_35,Assets/Sprites/Tilesets/5406_tilesheet_aeropolis.png
aac79f50ff40c844da32a249d69941e8,-6766607325196344940,aeropolis_36,Assets/Sprites/Tilesets/5406_tilesheet_aeropolis.png
aac79f50ff40c844da32a249d69941e8,7123294266852565953,aeropolis_37,Assets/Sprites/Tilesets/5406_tilesheet_aeropolis.png
aac79f50ff40c844da32a249d69941e8,1812952166184403864,aeropolis_38,Assets/Sprites/Tilesets/5406_tilesheet_aeropolis.png
aac79f50ff40c844da32a249d69941e8,765628930423093814,aeropolis_39,Assets/Sprites/Tilesets/5406_tilesheet_aeropolis.png
aac79f50ff40c844da32a249d69941e8,2692228934559545928,aeropolis_110,Assets/Sprites/Tilesets/5406_tilesheet_aeropolis.png
aac79f50ff40c844da32a249d69941e8,8694305388649107506,aeropolis_111,Assets/Sprites/Tilesets/5406_tilesheet_aeropolis.png
aac79f50ff40c844da32a249d69941e8,-6908713535308251356,aeropolis_112,Assets/Sprites/Tilesets/5406_tilesheet_aeropolis.png
aac79f50ff40c844da32a249d69941e8,-4129235289053152723,aeropolis_113,Assets/Sprites/Tilesets/5406_tilesheet_aeropolis.png
aac79f50ff40c844da32a249d69941e8,-5468382029055465884,aeropolis_114,Assets/Sprites/Tilesets/5406_tilesheet_aeropolis.png
aac79f50ff40c844da32a249d69941e8,6734684633657039821,aeropolis_115,Assets/Sprites/Tilesets/5406_tilesheet_aeropolis.png
aac79f50ff40c844da32a249d69941e8,-5903299138629098404,aeropolis_116,Assets/Sprites/Tilesets/5406_tilesheet_aeropolis.png
aac79f50ff40c844da32a249d69941e8,-6398567975934360271,aeropolis_117,Assets/Sprites/Tilesets/5406_tilesheet_aeropolis.png
aac79f50ff40c844da32a249d69941e8,-8957284035257282584,aeropolis_118,Assets/Sprites/Tilesets/5406_tilesheet_aeropolis.png
aac79f50ff40c844da32a249d69941e8,-9138037040227770232,aeropolis_119,Assets/Sprites/Tilesets/5406_tilesheet_aeropolis.png
aac79f50ff40c844da32a249d69941e8,6287607311731213131,aeropolis_120,Assets/Sprites/Tilesets/5406_tilesheet_aeropolis.png
aac79f50ff40c844da32a249d69941e8,2425639911146021689,aeropolis_121,Assets/Sprites/Tilesets/5406_tilesheet_aeropolis.png
aac79f50ff40c844da32a249d69941e8,7293906268319233776,aeropolis_122,Assets/Sprites/Tilesets/5406_tilesheet_aeropolis.png
aac79f50ff40c844da32a249d69941e8,9174235224718242758,aeropolis_123,Assets/Sprites/Tilesets/5406_tilesheet_aeropolis.png
aac79f50ff40c844da32a249d69941e8,6312037128003990989,aeropolis_124,Assets/Sprites/Tilesets/5406_tilesheet_aeropolis.png
aac79f50ff40c844da32a249d69941e8,-3713311849071092161,aeropolis_125,Assets/Sprites/Tilesets/5406_tilesheet_aeropolis.png
aac79f50ff40c844da32a249d69941e8,3685152125961464965,aeropolis_126,Assets/Sprites/Tilesets/5406_tilesheet_aeropolis.png
aac79f50ff40c844da32a249d69941e8,3021946288986219864,aeropolis_127,Assets/Sprites/Tilesets/5406_tilesheet_aeropolis.png
aac79f50ff40c844da32a249d69941e8,821699465916322869,aeropolis_128,Assets/Sprites/Tilesets/5406_tilesheet_aeropolis.png
aac79f50ff40c844da32a249d69941e8,-8735441677112475752,aeropolis_129,Assets/Sprites/Tilesets/5406_tilesheet_aeropolis.png
aac79f50ff40c844da32a249d69941e8,162189906751378928,aeropolis_130,Assets/Sprites/Tilesets/5406_tilesheet_aeropolis.png
aac79f50ff40c844da32a249d69941e8,2551518094793869659,aeropolis_131,Assets/Sprites/Tilesets/5406_tilesheet_aeropolis.png
aac79f50ff40c844da32a249d69941e8,7564170298869451445,aeropolis_132,Assets/Sprites/Tilesets/5406_tilesheet_aeropolis.png
aac79f50ff40c844da32a249d69941e8,-5763829074529255567,aeropolis_133,Assets/Sprites/Tilesets/5406_tilesheet_aeropolis.png
aac79f50ff40c844da32a249d69941e8,1524157299721021891,aeropolis_134,Assets/Sprites/Tilesets/5406_tilesheet_aeropolis.png
aac79f50ff40c844da32a249d69941e8,-1583898042935591190,aeropolis_135,Assets/Sprites/Tilesets/5406_tilesheet_aeropolis.png
aac79f50ff40c844da32a249d69941e8,-3505167688332446886,aeropolis_136,Assets/Sprites/Tilesets/5406_tilesheet_aeropolis.png
aac79f50ff40c844da32a249d69941e8,-6066770748219408245,aeropolis_137,Assets/Sprites/Tilesets/5406_tilesheet_aeropolis.png
aac79f50ff40c844da32a249d69941e8,6489610241198286182,aeropolis_138,Assets/Sprites/Tilesets/5406_tilesheet_aeropolis.png
aac79f50ff40c844da32a249d69941e8,1641813613071775055,aeropolis_139,Assets/Sprites/Tilesets/5406_tilesheet_aeropolis.png
aac79f50ff40c844da32a249d69941e8,7026842539221975203,aeropolis_140,Assets/Sprites/Tilesets/5406_tilesheet_aeropolis.png
aac79f50ff40c844da32a249d69941e8,-3558287319723886022,aeropolis_141,Assets/Sprites/Tilesets/5406_tilesheet_aeropolis.png
aac79f50ff40c844da32a249d69941e8,-8344083640052678453,aeropolis_142,Assets/Sprites/Tilesets/5406_tilesheet_aeropolis.png
aac79f50ff40c844da32a249d69941e8,246296347441123025,aeropolis_143,Assets/Sprites/Tilesets/5406_tilesheet_aeropolis.png
aac79f50ff40c844da32a249d69941e8,183212007095979961,aeropolis_144,Assets/Sprites/Tilesets/5406_tilesheet_aeropolis.png
aac79f50ff40c844da32a249d69941e8,-2406893295983391241,aeropolis_145,Assets/Sprites/Tilesets/5406_tilesheet_aeropolis.png
aac79f50ff40c844da32a249d69941e8,8680213767338256587,aeropolis_146,Assets/Sprites/Tilesets/5406_tilesheet_aeropolis.png
aac79f50ff40c844da32a249d69941e8,-3839419028077224407,aeropolis_147,Assets/Sprites/Tilesets/5406_tilesheet_aeropolis.png
aac79f50ff40c844da32a249d69941e8,-9186735260187993544,aeropolis_148,Assets/Sprites/Tilesets/5406_tilesheet_aeropolis.png
aac79f50ff40c844da32a249d69941e8,-9016710347682217852,aeropolis_149,Assets/Sprites/Tilesets/5406_tilesheet_aeropolis.png
aac79f50ff40c844da32a249d69941e8,-3144590571393297090,aeropolis_150,Assets/Sprites/Tilesets/5406_tilesheet_aeropolis.png
aac79f50ff40c844da32a249d69941e8,-1869248515973406079,aeropolis_151,Assets/Sprites/Tilesets/5406_tilesheet_aeropolis.png
aac79f50ff40c844da32a249d69941e8,1462365499702293984,aeropolis_152,Assets/Sprites/Tilesets/5406_tilesheet_aeropolis.png
aac79f50ff40c844da32a249d69941e8,3117608474565576089,aeropolis_153,Assets/Sprites/Tilesets/5406_tilesheet_aeropolis.png
aac79f50ff40c844da32a249d69941e8,4193222730039741841,aeropolis_154,Assets/Sprites/Tilesets/5406_tilesheet_aeropolis.png
aac79f50ff40c844da32a249d69941e8,-952682199232832059,aeropolis_155,Assets/Sprites/Tilesets/5406_tilesheet_aeropolis.png
aac79f50ff40c844da32a249d69941e8,-3213984598705551438,aeropolis_156,Assets/Sprites/Tilesets/5406_tilesheet_aeropolis.png
aac79f50ff40c844da32a249d69941e8,-5307506109448168031,aeropolis_157,Assets/Sprites/Tilesets/5406_tilesheet_aeropolis.png
aac79f50ff40c844da32a249d69941e8,6489871585197885851,aeropolis_158,Assets/Sprites/Tilesets/5406_tilesheet_aeropolis.png
aac79f50ff40c844da32a249d69941e8,-5410082502029113031,aeropolis_159,Assets/Sprites/Tilesets/5406_tilesheet_aeropolis.png
aac79f50ff40c844da32a249d69941e8,-8373222136145620632,aeropolis_160,Assets/Sprites/Tilesets/5406_tilesheet_aeropolis.png
aac79f50ff40c844da32a249d69941e8,-2115457103611978337,aeropolis_161,Assets/Sprites/Tilesets/5406_tilesheet_aeropolis.png
aac79f50ff40c844da32a249d69941e8,-7035195994024675113,aeropolis_162,Assets/Sprites/Tilesets/5406_tilesheet_aeropolis.png
aac79f50ff40c844da32a249d69941e8,-5079105962311074511,aeropolis_163,Assets/Sprites/Tilesets/5406_tilesheet_aeropolis.png
aac79f50ff40c844da32a249d69941e8,2733946097252187821,aeropolis_164,Assets/Sprites/Tilesets/5406_tilesheet_aeropolis.png
aac79f50ff40c844da32a249d69941e8,7161397670792433542,aeropolis_165,Assets/Sprites/Tilesets/5406_tilesheet_aeropolis.png
aac79f50ff40c844da32a249d69941e8,-6848136828857868286,aeropolis_166,Assets/Sprites/Tilesets/5406_tilesheet_aeropolis.png
aac79f50ff40c844da32a249d69941e8,700863525252940799,aeropolis_167,Assets/Sprites/Tilesets/5406_tilesheet_aeropolis.png
aac79f50ff40c844da32a249d69941e8,-3195476417298603316,aeropolis_168,Assets/Sprites/Tilesets/5406_tilesheet_aeropolis.png
aac79f50ff40c844da32a249d69941e8,-7858491299808530786,aeropolis_169,Assets/Sprites/Tilesets/5406_tilesheet_aeropolis.png
aac79f50ff40c844da32a249d69941e8,1701854330767516314,aeropolis_170,Assets/Sprites/Tilesets/5406_tilesheet_aeropolis.png
aac79f50ff40c844da32a249d69941e8,5932739100274104364,aeropolis_171,Assets/Sprites/Tilesets/5406_tilesheet_aeropolis.png
aac79f50ff40c844da32a249d69941e8,-6467276799757248785,aeropolis_172,Assets/Sprites/Tilesets/5406_tilesheet_aeropolis.png
aac79f50ff40c844da32a249d69941e8,-1300805632072158905,aeropolis_173,Assets/Sprites/Tilesets/5406_tilesheet_aeropolis.png
aac79f50ff40c844da32a249d69941e8,605696201848019545,aeropolis_174,Assets/Sprites/Tilesets/5406_tilesheet_aeropolis.png
aac79f50ff40c844da32a249d69941e8,-1724086907042617910,aeropolis_175,Assets/Sprites/Tilesets/5406_tilesheet_aeropolis.png
aac79f50ff40c844da32a249d69941e8,8475284525710512774,aeropolis_176,Assets/Sprites/Tilesets/5406_tilesheet_aeropolis.png
aac79f50ff40c844da32a249d69941e8,-3822713577358298166,aeropolis_177,Assets/Sprites/Tilesets/5406_tilesheet_aeropolis.png
aac79f50ff40c844da32a249d69941e8,1768339233626080706,aeropolis_178,Assets/Sprites/Tilesets/5406_tilesheet_aeropolis.png
aac79f50ff40c844da32a249d69941e8,-6841722765060534419,aeropolis_179,Assets/Sprites/Tilesets/5406_tilesheet_aeropolis.png
aac79f50ff40c844da32a249d69941e8,-3493160027052846601,aeropolis_180,Assets/Sprites/Tilesets/5406_tilesheet_aeropolis.png
aac79f50ff40c844da32a249d69941e8,-554438106920706084,aeropolis_181,Assets/Sprites/Tilesets/5406_tilesheet_aeropolis.png
aac79f50ff40c844da32a249d69941e8,-5341870609494625678,aeropolis_182,Assets/Sprites/Tilesets/5406_tilesheet_aeropolis.png
aac79f50ff40c844da32a249d69941e8,-8905662136806812126,aeropolis_183,Assets/Sprites/Tilesets/5406_tilesheet_aeropolis.png
aac79f50ff40c844da32a249d69941e8,5281638212969618885,aeropolis_184,Assets/Sprites/Tilesets/5406_tilesheet_aeropolis.png
aac79f50ff40c844da32a249d69941e8,-3150301486310352595,aeropolis_185,Assets/Sprites/Tilesets/5406_tilesheet_aeropolis.png
aac79f50ff40c844da32a249d69941e8,-733222574896515085,aeropolis_186,Assets/Sprites/Tilesets/5406_tilesheet_aeropolis.png
aac79f50ff40c844da32a249d69941e8,-3204314713441666975,aeropolis_187,Assets/Sprites/Tilesets/5406_tilesheet_aeropolis.png
aac79f50ff40c844da32a249d69941e8,-8295142853972654705,aeropolis_188,Assets/Sprites/Tilesets/5406_tilesheet_aeropolis.png
aac79f50ff40c844da32a249d69941e8,-1977760837791518271,aeropolis_189,Assets/Sprites/Tilesets/5406_tilesheet_aeropolis.png
aac79f50ff40c844da32a249d69941e8,4226848489356718782,aeropolis_190,Assets/Sprites/Tilesets/5406_tilesheet_aeropolis.png
aac79f50ff40c844da32a249d69941e8,-8236584472190259415,aeropolis_191,Assets/Sprites/Tilesets/5406_tilesheet_aeropolis.png
aac79f50ff40c844da32a249d69941e8,-8992005622729389307,aeropolis_192,Assets/Sprites/Tilesets/5406_tilesheet_aeropolis.png
aac79f50ff40c844da32a249d69941e8,9185226273848547440,aeropolis_193,Assets/Sprites/Tilesets/5406_tilesheet_aeropolis.png
aac79f50ff40c844da32a249d69941e8,-7367521910513102346,aeropolis_194,Assets/Sprites/Tilesets/5406_tilesheet_aeropolis.png
aac79f50ff40c844da32a249d69941e8,4652559125209467337,aeropolis_195,Assets/Sprites/Tilesets/5406_tilesheet_aeropolis.png
aac79f50ff40c844da32a249d69941e8,-2461449556822371205,aeropolis_196,Assets/Sprites/Tilesets/5406_tilesheet_aeropolis.png
aac79f50ff40c844da32a249d69941e8,2881414327404933116,aeropolis_197,Assets/Sprites/Tilesets/5406_tilesheet_aeropolis.png
aac79f50ff40c844da32a249d69941e8,-2807883170600298723,aeropolis_198,Assets/Sprites/Tilesets/5406_tilesheet_aeropolis.png
aac79f50ff40c844da32a249d69941e8,-1124929230099341800,aeropolis_199,Assets/Sprites/Tilesets/5406_tilesheet_aeropolis.png
aac79f50ff40c844da32a249d69941e8,3739629566794811945,aeropolis_210,Assets/Sprites/Tilesets/5406_tilesheet_aeropolis.png
aac79f50ff40c844da32a249d69941e8,312411451082320881,aeropolis_211,Assets/Sprites/Tilesets/5406_tilesheet_aeropolis.png
aac79f50ff40c844da32a249d69941e8,7200636335243528347,aeropolis_212,Assets/Sprites/Tilesets/5406_tilesheet_aeropolis.png
aac79f50ff40c844da32a249d69941e8,-3977800204531077332,aeropolis_213,Assets/Sprites/Tilesets/5406_tilesheet_aeropolis.png
aac79f50ff40c844da32a249d69941e8,9018316408388942899,aeropolis_214,Assets/Sprites/Tilesets/5406_tilesheet_aeropolis.png
aac79f50ff40c844da32a249d69941e8,-2570949691034005900,aeropolis_215,Assets/Sprites/Tilesets/5406_tilesheet_aeropolis.png
aac79f50ff40c844da32a249d69941e8,2791595852367629972,aeropolis_216,Assets/Sprites/Tilesets/5406_tilesheet_aeropolis.png
aac79f50ff40c844da32a249d69941e8,7560987481910819968,aeropolis_217,Assets/Sprites/Tilesets/5406_tilesheet_aeropolis.png
aac79f50ff40c844da32a249d69941e8,8628016325019199391,aeropolis_218,Assets/Sprites/Tilesets/5406_tilesheet_aeropolis.png
aac79f50ff40c844da32a249d69941e8,2294871103751515929,aeropolis_219,Assets/Sprites/Tilesets/5406_tilesheet_aeropolis.png
aac79f50ff40c844da32a249d69941e8,-6167804180273747926,aeropolis_220,Assets/Sprites/Tilesets/5406_tilesheet_aeropolis.png
aac79f50ff40c844da32a249d69941e8,863553802706296020,aeropolis_221,Assets/Sprites/Tilesets/5406_tilesheet_aeropolis.png
aac79f50ff40c844da32a249d69941e8,-4227776513080790873,aeropolis_222,Assets/Sprites/Tilesets/5406_tilesheet_aeropolis.png
aac79f50ff40c844da32a249d69941e8,-1126271621817865780,aeropolis_223,Assets/Sprites/Tilesets/5406_tilesheet_aeropolis.png
aac79f50ff40c844da32a249d69941e8,7115231666849958538,aeropolis_224,Assets/Sprites/Tilesets/5406_tilesheet_aeropolis.png
aac79f50ff40c844da32a249d69941e8,-2376931319762873690,aeropolis_225,Assets/Sprites/Tilesets/5406_tilesheet_aeropolis.png
aac79f50ff40c844da32a249d69941e8,-609758178335434047,aeropolis_226,Assets/Sprites/Tilesets/5406_tilesheet_aeropolis.png
aac79f50ff40c844da32a249d69941e8,-4405719728687186775,aeropolis_227,Assets/Sprites/Tilesets/5406_tilesheet_aeropolis.png
aac79f50ff40c844da32a249d69941e8,6698147340294147897,aeropolis_228,Assets/Sprites/Tilesets/5406_tilesheet_aeropolis.png
aac79f50ff40c844da32a249d69941e8,5365529030329516596,aeropolis_229,Assets/Sprites/Tilesets/5406_tilesheet_aeropolis.png
aac79f50ff40c844da32a249d69941e8,8298471800516993061,aeropolis_230,Assets/Sprites/Tilesets/5406_tilesheet_aeropolis.png
aac79f50ff40c844da32a249d69941e8,-7397664776066113000,aeropolis_231,Assets/Sprites/Tilesets/5406_tilesheet_aeropolis.png
aac79f50ff40c844da32a249d69941e8,2482586323228808731,aeropolis_232,Assets/Sprites/Tilesets/5406_tilesheet_aeropolis.png
aac79f50ff40c844da32a249d69941e8,1994940757356745112,aeropolis_233,Assets/Sprites/Tilesets/5406_tilesheet_aeropolis.png
aac79f50ff40c844da32a249d69941e8,-1078203913016493803,aeropolis_234,Assets/Sprites/Tilesets/5406_tilesheet_aeropolis.png
aac79f50ff40c844da32a249d69941e8,-6752338200585653871,aeropolis_235,Assets/Sprites/Tilesets/5406_tilesheet_aeropolis.png
aac79f50ff40c844da32a249d69941e8,8127992217002793755,aeropolis_236,Assets/Sprites/Tilesets/5406_tilesheet_aeropolis.png
aac79f50ff40c844da32a249d69941e8,-4101432685032244580,aeropolis_237,Assets/Sprites/Tilesets/5406_tilesheet_aeropolis.png
aac79f50ff40c844da32a249d69941e8,8265415928279550358,aeropolis_238,Assets/Sprites/Tilesets/5406_tilesheet_aeropolis.png
aac79f50ff40c844da32a249d69941e8,-6674396443900270943,aeropolis_239,Assets/Sprites/Tilesets/5406_tilesheet_aeropolis.png
aac79f50ff40c844da32a249d69941e8,1080804530591515564,aeropolis_240,Assets/Sprites/Tilesets/5406_tilesheet_aeropolis.png
aac79f50ff40c844da32a249d69941e8,-506354789666657039,aeropolis_241,Assets/Sprites/Tilesets/5406_tilesheet_aeropolis.png
aac79f50ff40c844da32a249d69941e8,2673319297951487583,aeropolis_242,Assets/Sprites/Tilesets/5406_tilesheet_aeropolis.png
aac79f50ff40c844da32a249d69941e8,-9008657601438776649,aeropolis_243,Assets/Sprites/Tilesets/5406_tilesheet_aeropolis.png
aac79f50ff40c844da32a249d69941e8,2147599006017125171,aeropolis_244,Assets/Sprites/Tilesets/5406_tilesheet_aeropolis.png
aac79f50ff40c844da32a249d69941e8,8244018970315126061,aeropolis_245,Assets/Sprites/Tilesets/5406_tilesheet_aeropolis.png
aac79f50ff40c844da32a249d69941e8,5361997221339473481,aeropolis_246,Assets/Sprites/Tilesets/5406_tilesheet_aeropolis.png
aac79f50ff40c844da32a249d69941e8,4325820406135612389,aeropolis_247,Assets/Sprites/Tilesets/5406_tilesheet_aeropolis.png
aac79f50ff40c844da32a249d69941e8,-7925412122032304329,aeropolis_248,Assets/Sprites/Tilesets/5406_tilesheet_aeropolis.png
aac79f50ff40c844da32a249d69941e8,8322959718669543486,aeropolis_249,Assets/Sprites/Tilesets/5406_tilesheet_aeropolis.png
aac79f50ff40c844da32a249d69941e8,7685791235311492198,aeropolis_250,Assets/Sprites/Tilesets/5406_tilesheet_aeropolis.png
aac79f50ff40c844da32a249d69941e8,6097070106790314979,aeropolis_251,Assets/Sprites/Tilesets/5406_tilesheet_aeropolis.png
aac79f50ff40c844da32a249d69941e8,1166535890125575309,aeropolis_252,Assets/Sprites/Tilesets/5406_tilesheet_aeropolis.png
aac79f50ff40c844da32a249d69941e8,-3529375166929399159,aeropolis_253,Assets/Sprites/Tilesets/5406_tilesheet_aeropolis.png
aac79f50ff40c844da32a249d69941e8,-5618943293163073787,aeropolis_254,Assets/Sprites/Tilesets/5406_tilesheet_aeropolis.png
aac79f50ff40c844da32a249d69941e8,-8088098303998425932,aeropolis_255,Assets/Sprites/Tilesets/5406_tilesheet_aeropolis.png
aac79f50ff40c844da32a249d69941e8,6020228106289174833,aeropolis_256,Assets/Sprites/Tilesets/5406_tilesheet_aeropolis.png
aac79f50ff40c844da32a249d69941e8,-5818354559177891042,aeropolis_257,Assets/Sprites/Tilesets/5406_tilesheet_aeropolis.png
aac79f50ff40c844da32a249d69941e8,271178689467477090,aeropolis_258,Assets/Sprites/Tilesets/5406_tilesheet_aeropolis.png
aac79f50ff40c844da32a249d69941e8,4659752456874887765,aeropolis_259,Assets/Sprites/Tilesets/5406_tilesheet_aeropolis.png
aac79f50ff40c844da32a249d69941e8,-5126770328913247271,aeropolis_310,Assets/Sprites/Tilesets/5406_tilesheet_aeropolis.png
aac79f50ff40c844da32a249d69941e8,7946168081469297458,aeropolis_311,Assets/Sprites/Tilesets/5406_tilesheet_aeropolis.png
aac79f50ff40c844da32a249d69941e8,2527338040782231141,aeropolis_312,Assets/Sprites/Tilesets/5406_tilesheet_aeropolis.png
aac79f50ff40c844da32a249d69941e8,-8435350848283442103,aeropolis_313,Assets/Sprites/Tilesets/5406_tilesheet_aeropolis.png
aac79f50ff40c844da32a249d69941e8,4282322130146762943,aeropolis_314,Assets/Sprites/Tilesets/5406_tilesheet_aeropolis.png
aac79f50ff40c844da32a249d69941e8,3682794847301178665,aeropolis_315,Assets/Sprites/Tilesets/5406_tilesheet_aeropolis.png
aac79f50ff40c844da32a249d69941e8,1659778227345637010,aeropolis_316,Assets/Sprites/Tilesets/5406_tilesheet_aeropolis.png
aac79f50ff40c844da32a249d69941e8,-7080128163828701033,aeropolis_317,Assets/Sprites/Tilesets/5406_tilesheet_aeropolis.png
aac79f50ff40c844da32a249d69941e8,9125346741212962701,aeropolis_318,Assets/Sprites/Tilesets/5406_tilesheet_aeropolis.png
aac79f50ff40c844da32a249d69941e8,5290670118394407882,aeropolis_319,Assets/Sprites/Tilesets/5406_tilesheet_aeropolis.png
aac79f50ff40c844da32a249d69941e8,2717723488615757018,aeropolis_320,Assets/Sprites/Tilesets/5406_tilesheet_aeropolis.png
aac79f50ff40c844da32a249d69941e8,-5202534442311399235,aeropolis_321,Assets/Sprites/Tilesets/5406_tilesheet_aeropolis.png
aac79f50ff40c844da32a249d69941e8,7003119491202799949,aeropolis_322,Assets/Sprites/Tilesets/5406_tilesheet_aeropolis.png
aac79f50ff40c844da32a249d69941e8,-1516101246683267341,aeropolis_323,Assets/Sprites/Tilesets/5406_tilesheet_aeropolis.png
aac79f50ff40c844da32a249d69941e8,4262453134342189748,aeropolis_324,Assets/Sprites/Tilesets/5406_tilesheet_aeropolis.png
aac79f50ff40c844da32a249d69941e8,6228360690865079267,aeropolis_325,Assets/Sprites/Tilesets/5406_tilesheet_aeropolis.png
aac79f50ff40c844da32a249d69941e8,9160419723727516329,aeropolis_326,Assets/Sprites/Tilesets/5406_tilesheet_aeropolis.png
aac79f50ff40c844da32a249d69941e8,-5622098513726520222,aeropolis_327,Assets/Sprites/Tilesets/5406_tilesheet_aeropolis.png
aac79f50ff40c844da32a249d69941e8,-5773599922294629756,aeropolis_328,Assets/Sprites/Tilesets/5406_tilesheet_aeropolis.png
aac79f50ff40c844da32a249d69941e8,-4491712781077807811,aeropolis_329,Assets/Sprites/Tilesets/5406_tilesheet_aeropolis.png
aac79f50ff40c844da32a249d69941e8,3858445796382837725,aeropolis_330,Assets/Sprites/Tilesets/5406_tilesheet_aeropolis.png
aac79f50ff40c844da32a249d69941e8,1576982563517511918,aeropolis_331,Assets/Sprites/Tilesets/5406_tilesheet_aeropolis.png
aac79f50ff40c844da32a249d69941e8,-8957563533776167652,aeropolis_332,Assets/Sprites/Tilesets/5406_tilesheet_aeropolis.png
aac79f50ff40c844da32a249d69941e8,4715161180640803526,aeropolis_333,Assets/Sprites/Tilesets/5406_tilesheet_aeropolis.png
aac79f50ff40c844da32a249d69941e8,-6257506664081412805,aeropolis_334,Assets/Sprites/Tilesets/5406_tilesheet_aeropolis.png
aac79f50ff40c844da32a249d69941e8,-4680067152379755720,aeropolis_335,Assets/Sprites/Tilesets/5406_tilesheet_aeropolis.png
aac79f50ff40c844da32a249d69941e8,2244374295097005331,aeropolis_336,Assets/Sprites/Tilesets/5406_tilesheet_aeropolis.png
aac79f50ff40c844da32a249d69941e8,7076060437303199293,aeropolis_337,Assets/Sprites/Tilesets/5406_tilesheet_aeropolis.png
aac79f50ff40c844da32a249d69941e8,5159104344043786886,aeropolis_338,Assets/Sprites/Tilesets/5406_tilesheet_aeropolis.png
aac79f50ff40c844da32a249d69941e8,-5744708227062500044,aeropolis_339,Assets/Sprites/Tilesets/5406_tilesheet_aeropolis.png
aac79f50ff40c844da32a249d69941e8,-7569774998583758339,aeropolis_1100,Assets/Sprites/Tilesets/5406_tilesheet_aeropolis.png
aac79f50ff40c844da32a249d69941e8,5724964047476610699,aeropolis_1101,Assets/Sprites/Tilesets/5406_tilesheet_aeropolis.png
aac79f50ff40c844da32a249d69941e8,-8176903463482961363,aeropolis_1102,Assets/Sprites/Tilesets/5406_tilesheet_aeropolis.png
aac79f50ff40c844da32a249d69941e8,772099505048300058,aeropolis_1103,Assets/Sprites/Tilesets/5406_tilesheet_aeropolis.png
aac79f50ff40c844da32a249d69941e8,-1546089664426798931,aeropolis_1104,Assets/Sprites/Tilesets/5406_tilesheet_aeropolis.png
aac79f50ff40c844da32a249d69941e8,3057489228873141528,aeropolis_1105,Assets/Sprites/Tilesets/5406_tilesheet_aeropolis.png
aac79f50ff40c844da32a249d69941e8,-489555711401333540,aeropolis_1106,Assets/Sprites/Tilesets/5406_tilesheet_aeropolis.png
aac79f50ff40c844da32a249d69941e8,5291237931218343278,aeropolis_1107,Assets/Sprites/Tilesets/5406_tilesheet_aeropolis.png
aac79f50ff40c844da32a249d69941e8,-2420368013389638570,aeropolis_1108,Assets/Sprites/Tilesets/5406_tilesheet_aeropolis.png
aac79f50ff40c844da32a249d69941e8,-6574934626188038903,aeropolis_1109,Assets/Sprites/Tilesets/5406_tilesheet_aeropolis.png
aac79f50ff40c844da32a249d69941e8,-182938280624200346,aeropolis_1110,Assets/Sprites/Tilesets/5406_tilesheet_aeropolis.png
aac79f50ff40c844da32a249d69941e8,2695682918337805038,aeropolis_1111,Assets/Sprites/Tilesets/5406_tilesheet_aeropolis.png
aac79f50ff40c844da32a249d69941e8,-5707155909472643132,aeropolis_1112,Assets/Sprites/Tilesets/5406_tilesheet_aeropolis.png
aac79f50ff40c844da32a249d69941e8,1152055973426475995,aeropolis_1113,Assets/Sprites/Tilesets/5406_tilesheet_aeropolis.png
aac79f50ff40c844da32a249d69941e8,5542024361733993677,aeropolis_1114,Assets/Sprites/Tilesets/5406_tilesheet_aeropolis.png
aac79f50ff40c844da32a249d69941e8,-5921179608863644580,aeropolis_1115,Assets/Sprites/Tilesets/5406_tilesheet_aeropolis.png
aac79f50ff40c844da32a249d69941e8,192535865646147348,aeropolis_1116,Assets/Sprites/Tilesets/5406_tilesheet_aeropolis.png
aac79f50ff40c844da32a249d69941e8,3633457353596406767,aeropolis_1117,Assets/Sprites/Tilesets/5406_tilesheet_aeropolis.png
aac79f50ff40c844da32a249d69941e8,2269496297103612743,aeropolis_1118,Assets/Sprites/Tilesets/5406_tilesheet_aeropolis.png
aac79f50ff40c844da32a249d69941e8,-5823631361897592655,aeropolis_1119,Assets/Sprites/Tilesets/5406_tilesheet_aeropolis.png
aac79f50ff40c844da32a249d69941e8,338422849111642521,aeropolis_1120,Assets/Sprites/Tilesets/5406_tilesheet_aeropolis.png
aac79f50ff40c844da32a249d69941e8,8129645087164880051,aeropolis_1121,Assets/Sprites/Tilesets/5406_tilesheet_aeropolis.png
aac79f50ff40c844da32a249d69941e8,7890734307253313622,aeropolis_1122,Assets/Sprites/Tilesets/5406_tilesheet_aeropolis.png
aac79f50ff40c844da32a249d69941e8,-9040940687665429480,aeropolis_1123,Assets/Sprites/Tilesets/5406_tilesheet_aeropolis.png
aac79f50ff40c844da32a249d69941e8,7087767300613358459,aeropolis_1124,Assets/Sprites/Tilesets/5406_tilesheet_aeropolis.png
aac79f50ff40c844da32a249d69941e8,7775273710260745714,aeropolis_1125,Assets/Sprites/Tilesets/5406_tilesheet_aeropolis.png
aac79f50ff40c844da32a249d69941e8,-2011197540995757177,aeropolis_1126,Assets/Sprites/Tilesets/5406_tilesheet_aeropolis.png
aac79f50ff40c844da32a249d69941e8,-6251588895976766832,aeropolis_1127,Assets/Sprites/Tilesets/5406_tilesheet_aeropolis.png
aac79f50ff40c844da32a249d69941e8,7108188872106161035,aeropolis_1128,Assets/Sprites/Tilesets/5406_tilesheet_aeropolis.png
aac79f50ff40c844da32a249d69941e8,2053881273269552942,aeropolis_1129,Assets/Sprites/Tilesets/5406_tilesheet_aeropolis.png
aac79f50ff40c844da32a249d69941e8,-201460538643699791,aeropolis_lava,Assets/Sprites/Tilesets/5406_tilesheet_aeropolis.png
aac79f50ff40c844da32a249d69941e8,-4400644427685314254,aeropolis_water,Assets/Sprites/Tilesets/5406_tilesheet_aeropolis.png
aac79f50ff40c844da32a249d69941e8,7055374874864954388,aeropolis_water_background,Assets/Sprites/Tilesets/5406_tilesheet_aeropolis.png
aac79f50ff40c844da32a249d69941e8,8283533273962829627,aeropolis_water_backwall,Assets/Sprites/Tilesets/5406_tilesheet_aeropolis.png
aac79f50ff40c844da32a249d69941e8,4392170440827130783,aeropolis_waterfall,Assets/Sprites/Tilesets/5406_tilesheet_aeropolis.png
128066ae632e8b54d8eef6ba117b9f9f,-709775744,Shadows_0,Assets/Sprites/Tilesets/Decorations/Shadows.png
128066ae632e8b54d8eef6ba117b9f9f,1690097653,Shadows_1,Assets/Sprites/Tilesets/Decorations/Shadows.png
128066ae632e8b54d8eef6ba117b9f9f,501918758,Shadows_2,Assets/Sprites/Tilesets/Decorations/Shadows.png
128066ae632e8b54d8eef6ba117b9f9f,283302423,Shadows_3,Assets/Sprites/Tilesets/Decorations/Shadows.png
128066ae632e8b54d8eef6ba117b9f9f,427089086,Shadows_4,Assets/Sprites/Tilesets/Decorations/Shadows.png
128066ae632e8b54d8eef6ba117b9f9f,-1277962928,Shadows_5,Assets/Sprites/Tilesets/Decorations/Shadows.png
128066ae632e8b54d8eef6ba117b9f9f,-1573022267,Shadows_6,Assets/Sprites/Tilesets/Decorations/Shadows.png
128066ae632e8b54d8eef6ba117b9f9f,-1364187897,Shadows_7,Assets/Sprites/Tilesets/Decorations/Shadows.png
128066ae632e8b54d8eef6ba117b9f9f,631303867,Shadows_8,Assets/Sprites/Tilesets/Decorations/Shadows.png
128066ae632e8b54d8eef6ba117b9f9f,-1689776936,Shadows_9,Assets/Sprites/Tilesets/Decorations/Shadows.png
128066ae632e8b54d8eef6ba117b9f9f,-1665729901,Shadows_10,Assets/Sprites/Tilesets/Decorations/Shadows.png
128066ae632e8b54d8eef6ba117b9f9f,836976453,Shadows_11,Assets/Sprites/Tilesets/Decorations/Shadows.png
128066ae632e8b54d8eef6ba117b9f9f,959172157,Shadows_12,Assets/Sprites/Tilesets/Decorations/Shadows.png
128066ae632e8b54d8eef6ba117b9f9f,-752884973,Shadows_13,Assets/Sprites/Tilesets/Decorations/Shadows.png
128066ae632e8b54d8eef6ba117b9f9f,-1711174831,Shadows_14,Assets/Sprites/Tilesets/Decorations/Shadows.png
128066ae632e8b54d8eef6ba117b9f9f,287743459,Shadows_15,Assets/Sprites/Tilesets/Decorations/Shadows.png
128066ae632e8b54d8eef6ba117b9f9f,-279351096,Shadows_16,Assets/Sprites/Tilesets/Decorations/Shadows.png
128066ae632e8b54d8eef6ba117b9f9f,994513555,Shadows_17,Assets/Sprites/Tilesets/Decorations/Shadows.png
128066ae632e8b54d8eef6ba117b9f9f,1353297416,Shadows_18,Assets/Sprites/Tilesets/Decorations/Shadows.png
ba0109a3b47e0f84eb5f519698520ada,1761813789,Shadows2_0,Assets/Sprites/Tilesets/Decorations/Shadows2.png
ba0109a3b47e0f84eb5f519698520ada,2101600862,Shadows2_1,Assets/Sprites/Tilesets/Decorations/Shadows2.png
ba0109a3b47e0f84eb5f519698520ada,-1601315455,Shadows2_2,Assets/Sprites/Tilesets/Decorations/Shadows2.png
ba0109a3b47e0f84eb5f519698520ada,-1937562061,Shadows2_3,Assets/Sprites/Tilesets/Decorations/Shadows2.png
ba0109a3b47e0f84eb5f519698520ada,1707399469,Shadows2_4,Assets/Sprites/Tilesets/Decorations/Shadows2.png
ba0109a3b47e0f84eb5f519698520ada,1558211992,Shadows2_5,Assets/Sprites/Tilesets/Decorations/Shadows2.png
ba0109a3b47e0f84eb5f519698520ada,2121468944,Shadows2_6,Assets/Sprites/Tilesets/Decorations/Shadows2.png
ba0109a3b47e0f84eb5f519698520ada,-90015277,Shadows2_7,Assets/Sprites/Tilesets/Decorations/Shadows2.png
ba0109a3b47e0f84eb5f519698520ada,2011911278,Shadows2_8,Assets/Sprites/Tilesets/Decorations/Shadows2.png
ba0109a3b47e0f84eb5f519698520ada,-300706933,Shadows2_9,Assets/Sprites/Tilesets/Decorations/Shadows2.png
ba0109a3b47e0f84eb5f519698520ada,838495795,Shadows2_10,Assets/Sprites/Tilesets/Decorations/Shadows2.png
ba0109a3b47e0f84eb5f519698520ada,-749072003,Shadows2_11,Assets/Sprites/Tilesets/Decorations/Shadows2.png
ba0109a3b47e0f84eb5f519698520ada,1724998684,Shadows2_12,Assets/Sprites/Tilesets/Decorations/Shadows2.png
ba0109a3b47e0f84eb5f519698520ada,-1429819125,Shadows2_13,Assets/Sprites/Tilesets/Decorations/Shadows2.png
ba0109a3b47e0f84eb5f519698520ada,1817960576,Shadows2_14,Assets/Sprites/Tilesets/Decorations/Shadows2.png
ba0109a3b47e0f84eb5f519698520ada,1241929130,Shadows2_15,Assets/Sprites/Tilesets/Decorations/Shadows2.png
ba0109a3b47e0f84eb5f519698520ada,297860613,Shadows2_16,Assets/Sprites/Tilesets/Decorations/Shadows2.png
ba0109a3b47e0f84eb5f519698520ada,678867143,Shadows2_17,Assets/Sprites/Tilesets/Decorations/Shadows2.png
ba0109a3b47e0f84eb5f519698520ada,-1965910307,Shadows2_18,Assets/Sprites/Tilesets/Decorations/Shadows2.png
01f9bdb2390256f40971a8a93abcd70d,21300000,Button,Assets/Sprites/UI/Button.png
adc18c14df5d9d749b3e66c5e8f09624,3286163911610860551,Button_Pressed_5450,Assets/Sprites/UI/Button_Pressed_5450.svg
552ea3d9a1574e544b278a2f5419e62f,3286163911610860551,Button_Unpressed_5446,Assets/Sprites/UI/Button_Unpressed_5446.svg
59a4b295ed6b15541a0dc0afca5623ae,3286163911610860551,CrystalPointer,Assets/Sprites/UI/CrystalPointer.svg
00e4210d00f5b0b40a6fccb58674fc33,3286163911610860551,Dialogue Box,Assets/Sprites/UI/Dialogue Box.svg
08ccc2f64b458da4f9ce01904ea346af,21300000,Artefacts,Assets/Sprites/UI/Encyclopedia/Artefacts.png
032e066a47654a447bd1f2971b6b9583,21300000,Bestiary,Assets/Sprites/UI/Encyclopedia/Bestiary.png
cee023241e0fff44b86cbc21f04f34c4,21300000,Dreamstones,Assets/Sprites/UI/Encyclopedia/Dreamstones.png
db4c25ba772cc974982ba85eb1ef2a32,21300000,People,Assets/Sprites/UI/Encyclopedia/People.png
36efe3bd806451241b550e2baa18a8bd,21300000,Places,Assets/Sprites/UI/Encyclopedia/Places.png
92a8b72ff7e526446a5e7e240d1bca36,21300000,EnterMenuBackground,Assets/Sprites/UI/EnterMenuBackground.png
1ea9be5121896ea41b1c90223ac6b4f8,21300000,GradientLeftToRight,Assets/Sprites/UI/GradientLeftToRight.png
8ba4e891097d52b438d4b212bad4de24,3286163911610860551,IconClock,Assets/Sprites/UI/IconClock.svg
ff8de6e52d804e14c947be0c4d8650f5,3286163911610860551,ActiveSkill,Assets/Sprites/UI/InGameMenu/ActiveSkill.svg
c76099153e524094ba5c8bf3f5eadd6c,3286163911610860551,CheckedSkill,Assets/Sprites/UI/InGameMenu/CheckedSkill.svg
b0bd2be5579bdc64a960af4f7745d86f,3286163911610860551,MagicAttackSkill,Assets/Sprites/UI/InGameMenu/MagicAttackSkill.svg
dd0915d01caa95049ae5c808296a0912,3286163911610860551,MagicDefSkill,Assets/Sprites/UI/InGameMenu/MagicDefSkill.svg
f7bb0a6b2a0459c4cb911d65936ec6d2,3286163911610860551,MeleeAttackSkill,Assets/Sprites/UI/InGameMenu/MeleeAttackSkill.svg
87d9d57c72975084f9146fb0e3b17390,3286163911610860551,MeleeDefSkill,Assets/Sprites/UI/InGameMenu/MeleeDefSkill.svg
15b43c952e2983948a9cf1a8400d3865,3286163911610860551,PartyEntryBox_5183,Assets/Sprites/UI/InGameMenu/PartyEntryBox_5183.svg
97237dc5fc0806d4099f78598bb3a3fa,21300000,PartyEntryBoxLine_5185,Assets/Sprites/UI/InGameMenu/PartyEntryBoxLine_5185.png
1c51b87ee537f6f4aa4886e17151c8be,3286163911610860551,PassiveSkillIcon,Assets/Sprites/UI/InGameMenu/PassiveSkillIcon.svg
493aeedbc8497b941be6b72b2b3a869b,3286163911610860551,UncheckedSkill,Assets/Sprites/UI/InGameMenu/UncheckedSkill.svg
1a88fcbfd28c5404e8d46a523fad7016,3286163911610860551,AvailableWaypoint,Assets/Sprites/UI/MapScreen/AvailableWaypoint.svg
bc5e6e607ed8e344a8b3fbdd4f4c76dd,3286163911610860551,CurrentWaypoint,Assets/Sprites/UI/MapScreen/CurrentWaypoint.svg
f24222ee8e2c80c42b3b0551a7577c55,3286163911610860551,DisabledWaypoint,Assets/Sprites/UI/MapScreen/DisabledWaypoint.svg
869b0f9c8aa50d74b8fc1790a1593780,3286163911610860551,GreenWaypointSprite,Assets/Sprites/UI/MapScreen/GreenWaypoint.svg
6ec37d48769d47b4c8ac59a335f5a328,21300000,Path,Assets/Sprites/UI/MapScreen/Path.png
b84b5a2acd1af634bba2d6a5eacac63c,3286163911610860551,Aeropolis,Assets/Sprites/UI/MapScreen/Place Names/Aeropolis.svg
01dca30dd7f1036469df7a4b6085cd4c,3286163911610860551,Canonia,Assets/Sprites/UI/MapScreen/Place Names/Canonia.svg
ccec3bd4705b28149a932602dd6e487c,3286163911610860551,CanoniaWoods,Assets/Sprites/UI/MapScreen/Place Names/CanoniaWoods.svg
f047f198be031924b9672cdc55aacfe6,3286163911610860551,CastleGoznor,Assets/Sprites/UI/MapScreen/Place Names/CastleGoznor.svg
c2c52b7ac8e32a64ab5f7ef417f2f9cf,3286163911610860551,CrashSite,Assets/Sprites/UI/MapScreen/Place Names/CrashSite.svg
7d58488d227b6464390bb6bfe4b51ceb,3286163911610860551,EasternGlens,Assets/Sprites/UI/MapScreen/Place Names/EasternGlens.svg
eb19c969c0573d2478e882bb31562261,3286163911610860551,HeroesDen,Assets/Sprites/UI/MapScreen/Place Names/HeroesDen.svg
adc34c71ed504d743a0921df9e226ee4,3286163911610860551,LakeQur,Assets/Sprites/UI/MapScreen/Place Names/LakeQur.svg
55b23da261eb7f74eb60f9d83781153f,3286163911610860551,LifeWood,Assets/Sprites/UI/MapScreen/Place Names/LifeWood.svg
a435560f098b80541be6cf5d5443bbdf,3286163911610860551,SelectedWorldNameBackground,Assets/Sprites/UI/MapScreen/Place Names/SelectedWorldNameBackground.svg
e2448783b6b73444093b984f524e5c50,3286163911610860551,SoothWood,Assets/Sprites/UI/MapScreen/Place Names/SoothWood.svg
d14e5c3e57560da46af766dd9faa9933,3286163911610860551,SunTemple,Assets/Sprites/UI/MapScreen/Place Names/SunTemple.svg
d981961455b3ec148abbbe052583e945,3286163911610860551,TaintedGrotto,Assets/Sprites/UI/MapScreen/Place Names/TaintedGrotto.svg
a365211c0c4ed3749be5dd94c1585df5,3286163911610860551,WorldMap,Assets/Sprites/UI/MapScreen/WorldMap.svg
b78db827dbbb8e244a722c9fe8100629,21300000,Money,Assets/Sprites/UI/Money.png
c0552cdc2618ad044b1c6a5bc21be1de,3286163911610860551,PauseIcon,Assets/Sprites/UI/PauseIcon.svg
b536bf1efbef74d42b160e2ab04d3451,3286163911610860551,PlayIcon,Assets/Sprites/UI/PlayIcon.svg
4b30fabf590706345b9d54473720f882,3286163911610860551,RightArrow,Assets/Sprites/UI/RightArrow.svg
5ae5fe0c2dfdbb44eb2c8c800c04cc68,21300000,RoundedRect,Assets/Sprites/UI/RoundedRect.png
20283b1bf1839b847904cad7309baacb,3286163911610860551,SelectCircleOff_5690,Assets/Sprites/UI/SelectCircleOff_5690.svg
444694a7506d61d46bf2cf2360215fb4,3286163911610860551,SelectCircleOn_5692,Assets/Sprites/UI/SelectCircleOn_5692.svg
fa6064150488dbe4db891ada112d4867,21300000,Slot,Assets/Sprites/UI/Slot.png
067d39d2749f5fa459eedd297bf92530,21300000,SlotHover,Assets/Sprites/UI/SlotHover.png
fbe177c4734d5f646af85cbfafad3652,3286163911610860551,Title_5463,Assets/Sprites/UI/TitleScreen/Title_5463.svg
6960f20fba0e31241a6b62f717afa9e8,21300000,TitleScreenBackground,Assets/Sprites/UI/TitleScreen/TitleScreenBackground.png
c57170930d7e74b42a80f7e31cef8dd0,21300000,Transparent,Assets/Sprites/UI/Transparent.png
